ID,Section,Status,Pass,Subtopic,Authors,Year,Article Title,Journal,Volume / Issue / Pages,Study Type,Population / Scope,DOI,DOI URL,Full Text URL,PDF Available,Hosting Status,Tags,Suggested Local Filename
00-01,00. Foundational ADHD Research,Final,,General / Consensus,"Faraone, S. V.; Banaschewski, T.; Coghill, D.; Zheng, Y.; et al.",2021,The World Federation of ADHD International Consensus Statement: 208 evidence-based conclusions about the disorder,Neuroscience & Biobehavioral Reviews,"128, 789-818",International evidence consensus,Lifespan / international,10.1016/j.neubiorev.2021.01.022,https://doi.org/10.1016/j.neubiorev.2021.01.022,https://pmc.ncbi.nlm.nih.gov/articles/PMC8328933/,Yes - PMC author manuscript,Link only - rehosting rights not independently cleared,ADHD; Foundational; Consensus; Diagnosis; Lifespan; Treatment; Neurodevelopment,00_2021_Faraone_World-Federation-ADHD-Consensus.pdf
00-02,00. Foundational ADHD Research,Final,,General / Clinical Overview,"Posner, J.; Polanczyk, G. V.; Sonuga-Barke, E.",2020,Attention-deficit hyperactivity disorder,The Lancet,"395(10222), 450-462",Major clinical review,Lifespan,10.1016/S0140-6736(19)33004-1,https://doi.org/10.1016/S0140-6736(19)33004-1,https://pmc.ncbi.nlm.nih.gov/articles/PMC7880081/,Yes - PMC author manuscript,Link only - rehosting rights not independently cleared,ADHD; Foundational; Clinical Overview; Neurodevelopment; Lifespan,00_2020_Posner_ADHD-Lancet-Review.pdf
00-03,00. Foundational ADHD Research,Final,,Executive Function,"Willcutt, E. G.; Doyle, A. E.; Nigg, J. T.; Faraone, S. V.; Pennington, B. F.",2005,Validity of the executive function theory of attention-deficit/hyperactivity disorder: A meta-analytic review,Biological Psychiatry,"57(11), 1336-1346",Meta-analysis,83 studies; ADHD and comparison groups,10.1016/j.biopsych.2005.02.006,https://doi.org/10.1016/j.biopsych.2005.02.006,https://pubmed.ncbi.nlm.nih.gov/15950006/,Not verified as open access,Link only,ADHD; Foundational; Executive Function; Working Memory; Inhibition; Planning,00_2005_Willcutt_Executive-Function-Meta-Analysis.pdf
00-04,00. Foundational ADHD Research,Final,,Emotional Regulation,"Shaw, P.; Stringaris, A.; Nigg, J.; Leibenluft, E.",2014,Emotion dysregulation in attention deficit hyperactivity disorder,American Journal of Psychiatry,"171(3), 276-293",Review,Lifespan,10.1176/appi.ajp.2013.13070966,https://doi.org/10.1176/appi.ajp.2013.13070966,https://pmc.ncbi.nlm.nih.gov/articles/PMC4282137/,Yes - PMC author manuscript,Link only - rehosting rights not independently cleared,ADHD; Foundational; Emotion Regulation; Emotional Dysregulation; Lifespan,00_2014_Shaw_Emotion-Dysregulation-ADHD.pdf
00-05,00. Foundational ADHD Research,Final,,Genetics,"Demontis, D.; Walters, G. B.; Athanasiadis, G.; Walters, R.; Therrien, K.; et al.",2023,"Genome-wide analyses of ADHD identify 27 risk loci, refine the genetic architecture and implicate several cognitive domains",Nature Genetics,"55(2), 198-208",Genome-wide association study,Large international ADHD and control datasets,10.1038/s41588-022-01285-8,https://doi.org/10.1038/s41588-022-01285-8,https://pmc.ncbi.nlm.nih.gov/articles/PMC10914347/,Yes - PMC author manuscript,Link only - rehosting rights not independently cleared,ADHD; Foundational; Genetics; GWAS; Cognitive Domains; Neurodevelopment,00_2023_Demontis_ADHD-27-Risk-Loci.pdf
00-06,00. Foundational ADHD Research,Final,,Lifespan / Persistence,"Faraone, S. V.; Biederman, J.; Mick, E.",2006,The age-dependent decline of attention deficit hyperactivity disorder: A meta-analysis of follow-up studies,Psychological Medicine,"36(2), 159-165",Meta-analysis,Childhood ADHD followed into adulthood,10.1017/S003329170500471X,https://doi.org/10.1017/S003329170500471X,https://pubmed.ncbi.nlm.nih.gov/16420712/,Not verified as open access,Link only,ADHD; Foundational; Lifespan; Persistence; Adulthood; Longitudinal,00_2006_Faraone_Age-Dependent-Decline-ADHD.pdf
00A-01,"00A. Evolution, Adaptation & Evolutionary Mismatch",Final,,Adaptation,"Jensen, P. S.; Mrazek, D.; Knapp, P. K.; Steinberg, L.; Pfeffer, C.; Schowalter, J.; Shapiro, T.",1997,Evolution and revolution in child psychiatry: ADHD as a disorder of adaptation,Journal of the American Academy of Child & Adolescent Psychiatry,"36(12), 1672-1679; discussion 1679-1681",Review / theoretical,Childhood ADHD,10.1097/00004583-199712000-00015,https://doi.org/10.1097/00004583-199712000-00015,https://pubmed.ncbi.nlm.nih.gov/9401328/,Not verified as open access,Link only,ADHD; Evolution; Adaptation; Development; Environment,00A_1997_Jensen_ADHD-Disorder-of-Adaptation.pdf
00A-02,"00A. Evolution, Adaptation & Evolutionary Mismatch",Final,,Evolutionary Evidence,"Thagaard, M. S.; Faraone, S. V.; Sonuga-Barke, E. J. S.; Østergaard, S. D.",2016,Empirical tests of natural selection-based evolutionary accounts of ADHD: A systematic review,Acta Neuropsychiatrica,"28(5), 249-256",Systematic review,Evolutionary ADHD literature,10.1017/neu.2016.14,https://doi.org/10.1017/neu.2016.14,https://pubmed.ncbi.nlm.nih.gov/27530703/,Not verified as open access,Link only,ADHD; Evolution; Natural Selection; Systematic Review; Adaptation,00A_2016_Thagaard_Evolutionary-Accounts-ADHD.pdf
00A-03,"00A. Evolution, Adaptation & Evolutionary Mismatch",Final,,Evolutionary Mismatch,"Swanepoel, A.; Music, G.; Launer, J.; Reiss, M. J.",2017,How evolutionary thinking can help us to understand ADHD,BJPsych Advances,"23(6), 410-418",Review / theoretical,ADHD / developmental environment,10.1192/apt.bp.116.016659,https://doi.org/10.1192/apt.bp.116.016659,https://www.cambridge.org/core/journals/bjpsych-advances/article/how-evolutionary-thinking-can-help-us-to-understand-adhd/A4BBE292EB44B2230294367A4ACB3F88,Publisher access varies,Link only,ADHD; Evolution; Evolutionary Mismatch; Environment; Adaptation,00A_2017_Swanepoel_Evolutionary-Thinking-ADHD.pdf
00A-04,"00A. Evolution, Adaptation & Evolutionary Mismatch",Final,,Evolutionary Genomics,"Esteller-Cucala, P.; Maceda, I.; Børglum, A. D.; Demontis, D.; Faraone, S. V.; Cormand, B.; Lao, O.",2020,Genomic analysis of the natural history of attention-deficit/hyperactivity disorder using Neanderthal and ancient Homo sapiens samples,Scientific Reports,"10, Article 8622",Evolutionary genomic study,Ancient and modern human genomic datasets,10.1038/s41598-020-65322-4,https://doi.org/10.1038/s41598-020-65322-4,https://www.nature.com/articles/s41598-020-65322-4,Yes - open access,Rehosting permitted under CC BY 4.0 with attribution and license terms,ADHD; Evolution; Evolutionary Genomics; Ancient DNA; Natural Selection; Mismatch,00A_2020_Esteller-Cucala_Evolutionary-Genomics-ADHD.pdf
00A-05,"00A. Evolution, Adaptation & Evolutionary Mismatch",Final,,Exploration / Foraging,"Barack, D. L.; Ludwig, V. U.; Parodi, F.; Ahmed, N.; Brannon, E. M.; Ramakrishnan, A.; Platt, M. L.",2024,Attention deficits linked with proclivity to explore while foraging,Proceedings of the Royal Society B: Biological Sciences,"291(2017), 20222584",Preregistered behavioral study,Adults / ADHD screening traits,10.1098/rspb.2022.2584,https://doi.org/10.1098/rspb.2022.2584,https://pmc.ncbi.nlm.nih.gov/articles/PMC10878810/,Yes - PMC,Link only - publisher states all rights reserved,ADHD; Evolution; Exploration; Foraging; Adaptation; Behavior,00A_2024_Barack_ADHD-Foraging-Exploration.pdf
01-01,01. Scaffold 1 - Externalize Your Schedule,Final,,Organizational Skills / Meta-analysis,"Bikic, A.; Reichow, B.; McCauley, S. A.; Ibrahim, K.; Sukhodolsky, D. G.",2017,Meta-analysis of organizational skills interventions for children and adolescents with Attention-Deficit/Hyperactivity Disorder,Clinical Psychology Review,"52, 108-123",Systematic review and meta-analysis,"12 randomized studies; 1,054 children and adolescents with ADHD",10.1016/j.cpr.2016.12.004,https://doi.org/10.1016/j.cpr.2016.12.004,https://pubmed.ncbi.nlm.nih.gov/28088557/,Publisher access / open version not confirmed,Link only - publisher copyright,ADHD; Organizational Skills; Time Management; Planning; Meta-analysis; Children; Adolescents,01_2017_Bikic_Organizational-Skills-Meta-Analysis.pdf
01-02,01. Scaffold 1 - Externalize Your Schedule,Final,,Organization / Time Management / Planning,"Abikoff, H.; Gallagher, R.; Wells, K. C.; Murray, D. W.; Huang, L.; Lu, F.; Petkova, E.",2013,Remediating organizational functioning in children with ADHD: Immediate and long-term effects from a randomized controlled trial,Journal of Consulting and Clinical Psychology,"81(1), 113-128",Randomized controlled trial,"158 children with ADHD, grades 3-5",10.1037/a0029648,https://doi.org/10.1037/a0029648,https://pmc.ncbi.nlm.nih.gov/articles/PMC3549033/,Yes - PMC author manuscript,Link only - rehosting rights not independently cleared,ADHD; Organizational Skills Training; Time Management; Planning; Children; RCT,01_2013_Abikoff_Organizational-Functioning-RCT.pdf
01-03,01. Scaffold 1 - Externalize Your Schedule,Final,,Homework / Organization / Planning Skills,"Langberg, J. M.; Epstein, J. N.; Becker, S. P.; Girio-Herrera, E.; Vaughn, A. J.",2012,"Evaluation of the Homework, Organization, and Planning Skills (HOPS) intervention for middle school students with ADHD as implemented by school mental health providers",School Psychology Review,"41(3), 342-364",Randomized controlled trial,"47 middle-school students with ADHD, grades 6-8",10.1080/02796015.2012.12087514,https://doi.org/10.1080/02796015.2012.12087514,https://pmc.ncbi.nlm.nih.gov/articles/PMC4209597/,Yes - PMC author manuscript,Link only - rehosting rights not independently cleared,ADHD; HOPS; Planner; Homework; Organization; Time Management; Adolescents; RCT,01_2012_Langberg_HOPS-RCT.pdf
01-04,01. Scaffold 1 - Externalize Your Schedule,Final,,School-Based Homework / Organization,"Langberg, J. M.; Dvorsky, M. R.; Molitor, S. J.; Bourchtein, E.; Eddy, L. D.; Smith, Z. R.; Oddo, L. E.; Eadeh, H. M.",2018,Overcoming the research-to-practice gap: A randomized trial with two brief homework and organization interventions for students with ADHD as implemented by school mental health providers,Journal of Consulting and Clinical Psychology,"86(1), 39-55",Randomized controlled trial,280 middle-school students with ADHD,10.1037/ccp0000265,https://doi.org/10.1037/ccp0000265,https://pubmed.ncbi.nlm.nih.gov/29172596/,Publisher access,Link only - APA copyright,ADHD; HOPS; CHIEF; Organization; Homework; Planning; Adolescents; RCT,01_2018_Langberg_HOPS-CHIEF-RCT.pdf
01-05,01. Scaffold 1 - Externalize Your Schedule,Final,,Time Perception / Time-Assistive Devices,"Wennberg, B.; Janeslätt, G.; Kjellberg, A.; Gustafsson, P. A.",2018,Effectiveness of time-related interventions in children with ADHD aged 9-15 years: A randomized controlled study,European Child & Adolescent Psychiatry,"27(3), 329-342",Randomized controlled trial,"38 children with ADHD and time-processing difficulties, ages 9-15",10.1007/s00787-017-1052-5,https://doi.org/10.1007/s00787-017-1052-5,https://pmc.ncbi.nlm.nih.gov/articles/PMC5852175/,Yes - open access,Rehosting permitted under CC BY 4.0 with attribution and license terms,ADHD; Time Management; Visual Timers; Calendars; Time-Assistive Devices; Children; RCT,01_2018_Wennberg_Time-Assistive-Devices-RCT.pdf
01-06,01. Scaffold 1 - Externalize Your Schedule,Final,,Adult Time Management / Organization / Planning,"Solanto, M. V.; Marks, D. J.; Wasserstein, J.; Mitchell, K.; Abikoff, H.; Alvir, J. M. J.; Kofman, M. D.",2010,Efficacy of meta-cognitive therapy for adult ADHD,American Journal of Psychiatry,"167(8), 958-968",Randomized controlled trial,88 clinically referred adults with ADHD,10.1176/appi.ajp.2009.09081123,https://doi.org/10.1176/appi.ajp.2009.09081123,https://pmc.ncbi.nlm.nih.gov/articles/PMC3633586/,Yes - PMC author manuscript,Link only - rehosting rights not independently cleared,ADHD; Adults; Metacognitive Therapy; Time Management; Organization; Planning; RCT,01_2010_Solanto_Metacognitive-Therapy-Adult-ADHD.pdf
01-07,01. Scaffold 1 - Externalize Your Schedule,Final,,College Organization / Time Management / Planning,"LaCount, P. A.; Hartung, C. M.; Shelton, C. R.; Stevens, A. E.",2018,Efficacy of an organizational skills intervention for college students with ADHD symptomatology and academic difficulties,Journal of Attention Disorders,"22(4), 356-367",Controlled intervention study,37 undergraduate students with elevated ADHD symptoms and academic impairment,10.1177/1087054715594423,https://doi.org/10.1177/1087054715594423,https://pubmed.ncbi.nlm.nih.gov/26253149/,Publisher access,Link only - SAGE copyright,ADHD; College Students; Organization; Time Management; Planning; Academic Functioning,01_2018_LaCount_College-Organizational-Skills.pdf
01-08,01. Scaffold 1 - Externalize Your Schedule,Final,,Adult Cognitive Remediation / Organization,"Stevenson, C. S.; Whitmont, S.; Bornholt, L.; Livesey, D.; Stevenson, R. J.",2002,A cognitive remediation programme for adults with Attention Deficit Hyperactivity Disorder,Australian and New Zealand Journal of Psychiatry,"36(5), 610-616",Randomized controlled trial,43 adults with ADHD,10.1046/j.1440-1614.2002.01052.x,https://doi.org/10.1046/j.1440-1614.2002.01052.x,https://pubmed.ncbi.nlm.nih.gov/12225443/,Publisher access,Link only - publisher copyright,ADHD; Adults; Cognitive Remediation; Organizational Skills; Coaching; RCT,01_2002_Stevenson_Cognitive-Remediation-Adult-ADHD.pdf
01-09,01. Scaffold 1 - Externalize Your Schedule,Final,,Working Memory / Organizational Skills,"Chan, E. S. M.; Gaye, F.; Cole, A. M.; Singh, L. J.; Kofler, M. J.",2023,Central executive training for ADHD: Impact on organizational skills at home and school. A randomized controlled trial,Neuropsychology,"37(8), 859-871",Preregistered randomized controlled trial,"73 children with ADHD, ages 8-13",10.1037/neu0000918,https://doi.org/10.1037/neu0000918,https://pmc.ncbi.nlm.nih.gov/articles/PMC10615842/,Yes - PMC author manuscript,Link only - rehosting rights not independently cleared,ADHD; Working Memory; Task Planning; Organized Action; Materials Management; Children; RCT,01_2023_Chan_Central-Executive-Training-Organization.pdf
01-10,01. Scaffold 1 - Externalize Your Schedule,Final,,Organizational Skills / Clinical Review,"Langberg, J. M.; Epstein, J. N.; Graham, A. J.",2008,Organizational-skills interventions in the treatment of ADHD,Expert Review of Neurotherapeutics,"8(10), 1549-1561",Peer-reviewed clinical review,"Children, adolescents, and adults with ADHD",10.1586/14737175.8.10.1549,https://doi.org/10.1586/14737175.8.10.1549,https://pubmed.ncbi.nlm.nih.gov/18928347/,Publisher access,Link only - publisher copyright,ADHD; Organizational Skills; Time Management; Planning; Review; Lifespan,01_2008_Langberg_Organizational-Skills-Review.pdf
01-11,01. Scaffold 1 - Externalize Your Schedule,Final,,Adult Time Management / Occupational Therapy,"Lidström Holmqvist, K.; Wingren, M.; Udumyran, R.; Holmefur, M.",2026,Effectiveness of a group-based time-management intervention: A pragmatic randomised controlled trial,Disability and Rehabilitation,"48(14), 4496-4512",Pragmatic randomized controlled trial,"75 adults with impaired time management due to ADHD, autism, or other mental disorders",10.1080/09638288.2026.2614218,https://doi.org/10.1080/09638288.2026.2614218,https://www.tandfonline.com/doi/full/10.1080/09638288.2026.2614218,Yes - open access,Open access; verify article license terms before local rehosting,ADHD; Adults; Time Management; Organization; Planning; Occupational Therapy; Pragmatic RCT,01_2026_Holmqvist_Group-Time-Management-RCT.pdf
01-P1-01,01. Scaffold 1 - Externalize Your Schedule,Candidate,Pass 1,Organizational Skills / Meta-analysis,"Bikic, A.; Reichow, B.; McCauley, S. A.; Ibrahim, K.; Sukhodolsky, D. G.",2017,Meta-analysis of organizational skills interventions for children and adolescents with Attention-Deficit/Hyperactivity Disorder,Clinical Psychology Review,"52, 108-123",Systematic review and meta-analysis,"12 randomized studies; 1,054 children and adolescents with ADHD",10.1016/j.cpr.2016.12.004,https://doi.org/10.1016/j.cpr.2016.12.004,https://pubmed.ncbi.nlm.nih.gov/28088557/,Publisher access / not verified open access,Link only - Elsevier copyright,ADHD; Organizational Skills; Time Management; Planning; Meta-analysis; Children; Adolescents,01_2017_Bikic_Organizational-Skills-Meta-Analysis.pdf
01-P1-02,01. Scaffold 1 - Externalize Your Schedule,Candidate,Pass 1,Organization / Time Management / Planning,"Abikoff, H.; Gallagher, R.; Wells, K. C.; Murray, D. W.; Huang, L.; Lu, F.; Petkova, E.",2013,Remediating organizational functioning in children with ADHD: Immediate and long-term effects from a randomized controlled trial,Journal of Consulting and Clinical Psychology,"81(1), 113-128",Randomized controlled trial,"158 children with ADHD, grades 3-5",10.1037/a0029648,https://doi.org/10.1037/a0029648,https://pmc.ncbi.nlm.nih.gov/articles/PMC3549033/,Yes - PMC author manuscript,Link only - rehosting rights not independently cleared,ADHD; Organizational Skills Training; Time Management; Planning; Children; RCT,01_2013_Abikoff_Organizational-Functioning-RCT.pdf
01-P1-03,01. Scaffold 1 - Externalize Your Schedule,Candidate,Pass 1,School Organization / Homework Recording,"Langberg, J. M.; Epstein, J. N.; Urbanowicz, C. M.; Simon, J. O.; Graham, A. J.",2008,Efficacy of an organization skills intervention to improve the academic functioning of students with Attention-Deficit/Hyperactivity Disorder,School Psychology Quarterly,"23(3), 407-417",Randomized controlled pilot trial,37 children with ADHD,10.1037/1045-3830.23.3.407,https://doi.org/10.1037/1045-3830.23.3.407,https://eric.ed.gov/?id=EJ811150,Full-text availability varies by repository,Link only - APA copyright,ADHD; Organization; Homework; Assignment Recording; Academic Functioning; Children; RCT,01_2008_Langberg_Organization-Skills-Academic-Functioning.pdf
01-P1-04,01. Scaffold 1 - Externalize Your Schedule,Candidate,Pass 1,Homework / Organization / Planning Skills,"Langberg, J. M.; Epstein, J. N.; Becker, S. P.; Girio-Herrera, E.; Vaughn, A. J.",2012,"Evaluation of the Homework, Organization, and Planning Skills (HOPS) intervention for middle school students with ADHD as implemented by school mental health providers",School Psychology Review,"41(3), 342-364",Randomized controlled trial,"47 middle-school students with ADHD, grades 6-8",10.1080/02796015.2012.12087514,https://doi.org/10.1080/02796015.2012.12087514,https://pmc.ncbi.nlm.nih.gov/articles/PMC4209597/,Yes - PMC author manuscript,Link only - rehosting rights not independently cleared,ADHD; HOPS; Planner; Homework; Organization; Time Management; Adolescents; RCT,01_2012_Langberg_HOPS-RCT.pdf
01-P1-05,01. Scaffold 1 - Externalize Your Schedule,Candidate,Pass 1,School-Based Organizational Skills,"Langberg, J. M.; Dvorsky, M. R.; Molitor, S. J.; Bourchtein, E.; Eddy, L. D.; Smith, Z. R.; Oddo, L. E.; Eadeh, H. M.",2018,Overcoming the research-to-practice gap: A randomized trial with two brief homework and organization interventions for students with ADHD as implemented by school mental health providers,Journal of Consulting and Clinical Psychology,"86(1), 39-55",Randomized controlled trial,280 middle-school students with ADHD,10.1037/ccp0000265,https://doi.org/10.1037/ccp0000265,https://pubmed.ncbi.nlm.nih.gov/29172596/,Publisher access,Link only - APA copyright,ADHD; HOPS; CHIEF; Organization; Homework; Planning; Adolescents; RCT,01_2018_Langberg_HOPS-CHIEF-RCT.pdf
01-P1-06,01. Scaffold 1 - Externalize Your Schedule,Candidate,Pass 1,Time Perception / Time-Assistive Devices,"Wennberg, B.; Janeslätt, G.; Kjellberg, A.; Gustafsson, P. A.",2018,Effectiveness of time-related interventions in children with ADHD aged 9-15 years: A randomized controlled study,European Child & Adolescent Psychiatry,"27(3), 329-342",Randomized controlled trial,"38 children with ADHD and time-processing difficulties, ages 9-15",10.1007/s00787-017-1052-5,https://doi.org/10.1007/s00787-017-1052-5,https://pmc.ncbi.nlm.nih.gov/articles/PMC5852175/,Yes - open access,Rehosting permitted under CC BY 4.0 with attribution and license terms,ADHD; Time Management; Visual Timers; Calendars; Time-Assistive Devices; Children; RCT,01_2018_Wennberg_Time-Assistive-Devices-RCT.pdf
01-P1-07,01. Scaffold 1 - Externalize Your Schedule,Candidate,Pass 1,Adult Time Management / Organization / Planning,"Solanto, M. V.; Marks, D. J.; Wasserstein, J.; Mitchell, K.; Abikoff, H.; Alvir, J. M. J.; Kofman, M. D.",2010,Efficacy of meta-cognitive therapy for adult ADHD,American Journal of Psychiatry,"167(8), 958-968",Randomized controlled trial,88 clinically referred adults with ADHD,10.1176/appi.ajp.2009.09081123,https://doi.org/10.1176/appi.ajp.2009.09081123,https://pmc.ncbi.nlm.nih.gov/articles/PMC3633586/,Yes - PMC author manuscript,Link only - rehosting rights not independently cleared,ADHD; Adults; Metacognitive Therapy; Time Management; Organization; Planning; RCT,01_2010_Solanto_Metacognitive-Therapy-Adult-ADHD.pdf
01-P1-08,01. Scaffold 1 - Externalize Your Schedule,Candidate,Pass 1,College Organization / Time Management / Planning,"LaCount, P. A.; Hartung, C. M.; Shelton, C. R.; Stevens, A. E.",2018,Efficacy of an organizational skills intervention for college students with ADHD symptomatology and academic difficulties,Journal of Attention Disorders,"22(4), 356-367",Controlled intervention study,37 undergraduate students with elevated ADHD symptoms and academic impairment,10.1177/1087054715594423,https://doi.org/10.1177/1087054715594423,https://pubmed.ncbi.nlm.nih.gov/26253149/,Publisher access,Link only - SAGE copyright,ADHD; College Students; Organization; Time Management; Planning; Academic Functioning,01_2018_LaCount_College-Organizational-Skills.pdf
01-P1-09,01. Scaffold 1 - Externalize Your Schedule,Candidate,Pass 1,Adult Cognitive Remediation / Organization,"Stevenson, C. S.; Whitmont, S.; Bornholt, L.; Livesey, D.; Stevenson, R. J.",2002,A cognitive remediation programme for adults with Attention Deficit Hyperactivity Disorder,Australian and New Zealand Journal of Psychiatry,"36(5), 610-616",Randomized controlled trial,43 adults with ADHD,10.1046/j.1440-1614.2002.01052.x,https://doi.org/10.1046/j.1440-1614.2002.01052.x,https://pubmed.ncbi.nlm.nih.gov/12225443/,Publisher access,Link only - publisher copyright,ADHD; Adults; Cognitive Remediation; Organizational Skills; Coaching; RCT,01_2002_Stevenson_Cognitive-Remediation-Adult-ADHD.pdf
01-P1-10,01. Scaffold 1 - Externalize Your Schedule,Candidate,Pass 1,Working Memory / Organizational Skills,"Chan, E. S. M.; Gaye, F.; Cole, A. M.; Singh, L. J.; Kofler, M. J.",2023,Central executive training for ADHD: Impact on organizational skills at home and school. A randomized controlled trial,Neuropsychology,"37(8), 859-871",Preregistered randomized controlled trial,"73 children with ADHD, ages 8-13",10.1037/neu0000918,https://doi.org/10.1037/neu0000918,https://pmc.ncbi.nlm.nih.gov/articles/PMC10615842/,Yes - PMC author manuscript,Link only - rehosting rights not independently cleared,ADHD; Working Memory; Task Planning; Organized Action; Materials Management; Children; RCT,01_2023_Chan_Central-Executive-Training-Organization.pdf
01-P1-11,01. Scaffold 1 - Externalize Your Schedule,Candidate,Pass 1,Organizational Skills / Clinical Review,"Langberg, J. M.; Epstein, J. N.; Graham, A. J.",2008,Organizational-skills interventions in the treatment of ADHD,Expert Review of Neurotherapeutics,"8(10), 1549-1561",Peer-reviewed clinical review,"Children, adolescents, and adults with ADHD",10.1586/14737175.8.10.1549,https://doi.org/10.1586/14737175.8.10.1549,https://pubmed.ncbi.nlm.nih.gov/18928347/,Publisher access,Link only - publisher copyright,ADHD; Organizational Skills; Time Management; Planning; Review; Lifespan,01_2008_Langberg_Organizational-Skills-Review.pdf
01-P1-12,01. Scaffold 1 - Externalize Your Schedule,Candidate,Pass 1,Adult Time Management / Occupational Therapy,"Lidström Holmqvist, K.; Wingren, M.; Udumyran, R.; Holmefur, M.",2026,Effectiveness of a group-based time-management intervention: A pragmatic randomised controlled trial,Disability and Rehabilitation,Published online 2026; pagination pending/indexed online,Pragmatic randomized controlled trial,"75 adults with impaired time management due to ADHD, autism, or other mental disorders",10.1080/09638288.2026.2614218,https://doi.org/10.1080/09638288.2026.2614218,https://www.tandfonline.com/doi/full/10.1080/09638288.2026.2614218,Yes - open-access full text available,Open access; exact reuse license should be verified before local rehosting,ADHD; Adults; Time Management; Organization; Planning; Occupational Therapy; Pragmatic RCT,01_2026_Holmqvist_Group-Time-Management-RCT.pdf
02-01,02. Scaffold 2 - Sunlight & Exercise,Final,,Exercise / Umbrella Review,"Zhu, F.; Zhang, X.; Wu, Y.; Li, Y.; Ren, Y.; Zhang, M.",2026,Physical exercise interventions for health outcomes in children and adolescents with attention deficit hyperactivity disorder: An umbrella review with meta-analysis,Psychiatry Research,"364, 117267",Umbrella review with meta-analysis,Children and adolescents with ADHD; 45 meta-analyses included,10.1016/j.psychres.2026.117267,https://doi.org/10.1016/j.psychres.2026.117267,https://pubmed.ncbi.nlm.nih.gov/42284935/,Publisher access,Link only - Elsevier copyright,ADHD; Exercise; Physical Activity; Executive Function; Core Symptoms; Umbrella Review; Children; Adolescents,02_2026_Zhu_Exercise-Umbrella-Review-ADHD.pdf
02-02,02. Scaffold 2 - Sunlight & Exercise,Final,,Exercise / Meta-analysis of RCTs,"Seiffer, B.; Hautzinger, M.; Ulrich, R.; Wolf, S.",2022,The Efficacy of Physical Activity for Children with Attention Deficit Hyperactivity Disorder: A Meta-Analysis of Randomized Controlled Trials,Journal of Attention Disorders,"26(5), 656-673",Systematic review and meta-analysis of randomized controlled trials,Children and adolescents with clinically diagnosed ADHD,10.1177/10870547211017982,https://doi.org/10.1177/10870547211017982,https://pmc.ncbi.nlm.nih.gov/articles/PMC8785285/,Yes - PMC,Link only - reuse rights not independently cleared,ADHD; Exercise; Physical Activity; Core Symptoms; Meta-analysis; RCT; Children; Adolescents,02_2022_Seiffer_Physical-Activity-Meta-Analysis-RCTs.pdf
02-03,02. Scaffold 2 - Sunlight & Exercise,Final,,Exercise Type / Network Meta-analysis,"Zhu, F.; Zhu, X.; Bi, X.; Kuang, D.; Liu, B.; Zhou, J.; Yang, Y.; Ren, Y.",2023,Comparative effectiveness of various physical exercise interventions on executive functions and related symptoms in children and adolescents with attention deficit hyperactivity disorder: A systematic review and network meta-analysis,Frontiers in Public Health,"11, 1133727",Systematic review and network meta-analysis,"59 studies reviewed; 44 studies with 1,757 participants included in meta-analysis",10.3389/fpubh.2023.1133727,https://doi.org/10.3389/fpubh.2023.1133727,https://pmc.ncbi.nlm.nih.gov/articles/PMC10080114/,Yes - open access,Rehosting permitted under Frontiers CC BY terms with attribution,ADHD; Exercise; Executive Function; Aerobic Exercise; Open-Skill Exercise; Network Meta-analysis; Children; Adolescents,02_2023_Zhu_Exercise-Network-Meta-Analysis.pdf
02-04,02. Scaffold 2 - Sunlight & Exercise,Final,,Acute Aerobic Exercise / Executive Function,"Chang, Y.-K.; Liu, S.; Yu, H.-H.; Lee, Y.-H.",2012,Effect of acute exercise on executive function in children with attention deficit hyperactivity disorder,Archives of Clinical Neuropsychology,"27(2), 225-237",Randomized controlled trial,40 children with ADHD,10.1093/arclin/acr094,https://doi.org/10.1093/arclin/acr094,https://pubmed.ncbi.nlm.nih.gov/22306962/,Publisher access,Link only - Oxford University Press copyright,ADHD; Acute Exercise; Aerobic Exercise; Executive Function; Inhibitory Control; Children; RCT,02_2012_Chang_Acute-Exercise-Executive-Function.pdf
02-05,02. Scaffold 2 - Sunlight & Exercise,Final,,Combined Aerobic and Neurocognitive Exercise,"Liang, X.; Qiu, H.; Wang, P.; Sit, C. H. P.",2022,The impacts of a combined exercise on executive function in children with ADHD: A randomized controlled trial,Scandinavian Journal of Medicine & Science in Sports,"32(8), 1297-1312",Randomized controlled trial,"80 children with ADHD ages 6-12, plus 40 typically developing comparison participants",10.1111/sms.14192,https://doi.org/10.1111/sms.14192,https://pubmed.ncbi.nlm.nih.gov/35611615/,Publisher access,Link only - publisher copyright,ADHD; Exercise; Aerobic Exercise; Neurocognitive Exercise; Executive Function; Sleep; Children; RCT,02_2022_Liang_Combined-Exercise-RCT.pdf
02-06,02. Scaffold 2 - Sunlight & Exercise,Final,,Adult Exercise / Add-on Treatment,"Axelsson Svedell, L.; Arvidsson Lindvall, M.; Lidström Holmqvist, K.; Cao, Y.; Msghina, M.",2025,Physical exercise as add-on treatment in adults with ADHD - the START study: a randomized controlled trial,Frontiers in Psychiatry,"16, 1690216",Randomized controlled trial,63 adults with clinically confirmed ADHD,10.3389/fpsyt.2025.1690216,https://doi.org/10.3389/fpsyt.2025.1690216,https://pmc.ncbi.nlm.nih.gov/articles/PMC12614457/,Yes - open access,Rehosting permitted under CC BY with attribution,ADHD; Adults; Exercise; Physical Activity; Add-on Treatment; Quality of Life; RCT,02_2025_Axelsson-Svedell_START-Adult-Exercise-RCT.pdf
02-07,02. Scaffold 2 - Sunlight & Exercise,Final,,Bright Light Therapy / Circadian Phase,"Fargason, R. E.; Fobian, A. D.; Hablitz, L. M.; Paul, J. R.; White, B. A.; Cropsey, K. L.; Gamble, K. L.",2017,Correcting delayed circadian phase with bright light therapy predicts improvement in ADHD symptoms: A pilot study,Journal of Psychiatric Research,"91, 105-110",Open-label pilot intervention study,19 adults with ADHD receiving standard care plus morning bright light therapy,10.1016/j.jpsychires.2017.03.004,https://doi.org/10.1016/j.jpsychires.2017.03.004,https://pmc.ncbi.nlm.nih.gov/articles/PMC7959333/,Yes - PMC author manuscript,Link only - Elsevier copyright / rehosting rights not independently cleared,ADHD; Bright Light Therapy; Circadian Rhythm; DLMO; Adults; Sleep Timing; Pilot Study,02_2017_Fargason_Bright-Light-Circadian-ADHD.pdf
02-08,02. Scaffold 2 - Sunlight & Exercise,Final,,Chronotherapy / Bright Light,"van Andel, E.; Bijlenga, D.; Vogel, S. W. N.; Beekman, A. T. F.; Kooij, J. J. S.",2021,Effects of chronotherapy on circadian rhythm and ADHD symptoms in adults with attention-deficit/hyperactivity disorder and delayed sleep phase syndrome: a randomized clinical trial,Chronobiology International,"38(2), 260-269",Three-arm randomized clinical trial,51 adults with ADHD and delayed sleep phase syndrome,10.1080/07420528.2020.1835943,https://doi.org/10.1080/07420528.2020.1835943,https://pubmed.ncbi.nlm.nih.gov/33121289/,Publisher access,Link only - Taylor & Francis copyright,ADHD; Bright Light Therapy; Chronotherapy; Circadian Rhythm; Delayed Sleep Phase; Adults; RCT,02_2021_van-Andel_Chronotherapy-Bright-Light-RCT.pdf
02-09,02. Scaffold 2 - Sunlight & Exercise,Final,,Bright Light Therapy vs Exercise,"Mayer, J. S.; Kohlhas, L.; Stermann, J.; Medda, J.; Brandt, G. A.; Grimm, O.; Pawley, A. D.; Asherson, P.; Palacio Sanchez, J.; Richarte, V.; et al.",2025,"Bright light therapy versus physical exercise to prevent co-occurring depression in adolescents and young adults with attention-deficit/hyperactivity disorder: a multicentre, three-arm, randomised controlled, pilot phase-IIa trial",European Archives of Psychiatry and Clinical Neuroscience,"275(3), 653-665",Multicentre randomized controlled pilot phase-IIa trial,"207 participants with ADHD ages 14-45 randomized to bright light therapy, exercise, or treatment as usual",10.1007/s00406-024-01784-1,https://doi.org/10.1007/s00406-024-01784-1,https://pmc.ncbi.nlm.nih.gov/articles/PMC11946981/,Yes - open access,Rehosting permitted under CC BY 4.0 with attribution and license terms,ADHD; Bright Light Therapy; Exercise; Adolescents; Adults; Depression Prevention; RCT; Open Access,02_2025_Mayer_Bright-Light-vs-Exercise-RCT.pdf
02-10,02. Scaffold 2 - Sunlight & Exercise,Final,,Outdoor Nature / Attention,"Faber Taylor, A.; Kuo, F. E.",2009,Children with attention deficits concentrate better after walk in the park,Journal of Attention Disorders,"12(5), 402-409",Single-blind within-subject randomized controlled trial,17 children ages 7-12 with professionally diagnosed ADHD,10.1177/1087054708323000,https://doi.org/10.1177/1087054708323000,https://pubmed.ncbi.nlm.nih.gov/18725656/,Publisher access,Link only - SAGE copyright,ADHD; Outdoor Activity; Nature; Green Space; Attention; Walking; Children; RCT,02_2009_Faber-Taylor_Park-Walk-Attention.pdf
02-11,02. Scaffold 2 - Sunlight & Exercise,Final,,Environmental Light Exposure / Rest-Activity Rhythm,"Ulset, V. S.; Czajkowski, N. O.; Staton, S.; Smith, S.; Pattinson, C.; Allen, A.; Thorpe, K.; Bekkhus, M.",2021,"Environmental light exposure, rest-activity rhythms, and symptoms of inattention and hyperactivity: An observational study of Australian preschoolers",Journal of Environmental Psychology,"73, 101560",Prospective observational study,48 preschool children ages 3-6 with objective light-exposure and rest-activity measurement,10.1016/j.jenvp.2021.101560,https://doi.org/10.1016/j.jenvp.2021.101560,https://www.sciencedirect.com/science/article/pii/S027249442100013X,Yes - open access,Open access under a Creative Commons license - verify exact license terms before local rehosting,Light Exposure; Circadian Rhythm; Hyperactivity; Inattention; Preschool; Environmental Light; Observational,02_2021_Ulset_Environmental-Light-Hyperactivity.pdf
03-01,03. Scaffold 3 - Diet & Caloric Intake,Final,,Dietary Patterns / Meta-analysis,"Del-Ponte, B.; Quinte, G. C.; Cruz, S.; Grellert, M.; Santos, I. S.",2019,Dietary patterns and attention deficit/hyperactivity disorder (ADHD): A systematic review and meta-analysis,Journal of Affective Disorders,"252, 160-173",Systematic review and meta-analysis,14 observational studies in children and adolescents,10.1016/j.jad.2019.04.061,https://doi.org/10.1016/j.jad.2019.04.061,https://pubmed.ncbi.nlm.nih.gov/30986731/,Publisher access,Link only - Elsevier copyright,ADHD; Diet; Dietary Patterns; Healthy Diet; Western Diet; Children; Adolescents; Meta-analysis,03_2019_Del-Ponte_Dietary-Patterns-Meta-Analysis.pdf
03-02,03. Scaffold 3 - Diet & Caloric Intake,Final,,Dietary Patterns / Food Groups / Meta-analysis,"Shareghfarid, E.; Sangsefidi, Z. S.; Salehi-Abargouei, A.; Hosseinzadeh, M.",2020,Empirically derived dietary patterns and food groups intake in relation with Attention Deficit/Hyperactivity Disorder (ADHD): A systematic review and meta-analysis,Clinical Nutrition ESPEN,"36, 28-35",Systematic review and meta-analysis,Dietary-pattern and food-group studies involving children and adolescents,10.1016/j.clnesp.2019.10.013,https://doi.org/10.1016/j.clnesp.2019.10.013,https://pubmed.ncbi.nlm.nih.gov/32220366/,Publisher access,Link only - Elsevier copyright,ADHD; Diet; Dietary Patterns; Food Groups; Healthy Diet; Western Diet; Junk Food; Meta-analysis,03_2020_Shareghfarid_Dietary-Patterns-Food-Groups-Meta-Analysis.pdf
03-03,03. Scaffold 3 - Diet & Caloric Intake,Final,,Dietary Interventions / Systematic Review,"Rytter, M. J. H.; Andersen, L. B. B.; Houmann, T.; Bilenberg, N.; Hvolby, A.; Mølgaard, C.; Michaelsen, K. F.; Lauritzen, L.",2015,Diet in the treatment of ADHD in children - a systematic review of the literature,Nordic Journal of Psychiatry,"69(1), 1-18",Systematic review,52 dietary intervention studies in children with ADHD or equivalent diagnoses,10.3109/08039488.2014.921933,https://doi.org/10.3109/08039488.2014.921933,https://pubmed.ncbi.nlm.nih.gov/24934907/,Publisher access,Link only - publisher copyright,ADHD; Diet; Dietary Intervention; Children; Systematic Review; Nutrition,03_2015_Rytter_Diet-Treatment-ADHD-Systematic-Review.pdf
03-04,03. Scaffold 3 - Diet & Caloric Intake,Final,,Nutrition / Clinical Review,"Lange, K. W.; Lange, K. M.; Nakamura, Y.; Reissmann, A.",2023,Nutrition in the Management of ADHD: A Review of Recent Research,Current Nutrition Reports,"12(3), 383-394",Peer-reviewed clinical review,"Recent cohort studies, interventions, systematic reviews, and meta-analyses on ADHD and nutrition",10.1007/s13668-023-00487-8,https://doi.org/10.1007/s13668-023-00487-8,https://link.springer.com/article/10.1007/s13668-023-00487-8,Yes - open access,Rehosting permitted under CC BY 4.0 with attribution and license terms,ADHD; Nutrition; Diet Quality; Dietary Patterns; Micronutrients; Elimination Diet; Review; Open Access,03_2023_Lange_Nutrition-Management-ADHD-Review.pdf
03-05,03. Scaffold 3 - Diet & Caloric Intake,Final,,Mediterranean Diet / Breakfast / Food Quality,"Ríos-Hernández, A.; Alda, J. A.; Farran-Codina, A.; Ferreira-García, E.; Izquierdo-Pulido, M.",2017,The Mediterranean Diet and ADHD in Children and Adolescents,Pediatrics,"139(2), e20162027",Case-control study,120 children and adolescents; 60 newly diagnosed ADHD and 60 matched controls,10.1542/peds.2016-2027,https://doi.org/10.1542/peds.2016-2027,https://pubmed.ncbi.nlm.nih.gov/28138007/,Publisher access,Link only - American Academy of Pediatrics copyright,ADHD; Mediterranean Diet; Breakfast Skipping; Diet Quality; Children; Adolescents; Case-Control,03_2017_Rios-Hernandez_Mediterranean-Diet-ADHD.pdf
03-06,03. Scaffold 3 - Diet & Caloric Intake,Final,,Nutrient Intake / Dietary Patterns / Anthropometrics,"Salvat, H.; Nader Mohammadi, M.; Molavi, P.; Mostafavi, S. A.; Rostami, R.; Salehinejad, M. A.",2022,"Nutrient intake, dietary patterns, and anthropometric variables of children with ADHD in comparison to healthy controls: a case-control study",BMC Pediatrics,"22(1), 70",Case-control study,100 children with ADHD and 100 sex-matched controls,10.1186/s12887-022-03123-6,https://doi.org/10.1186/s12887-022-03123-6,https://pmc.ncbi.nlm.nih.gov/articles/PMC8800296/,Yes - open access,Rehosting permitted under CC BY 4.0 with attribution and license terms,ADHD; Nutrient Intake; Protein; Sugar; Diet Quality; Anthropometrics; Children; Case-Control; Open Access,03_2022_Salvat_Nutrient-Intake-Dietary-Patterns.pdf
03-07,03. Scaffold 3 - Diet & Caloric Intake,Final,,Dietary and Nutrient Patterns / Protein / Minerals,"Zhou, F.; Wu, F.; Zou, S.; Chen, Y.; Feng, C.; Fan, G.",2016,"Dietary, Nutrient Patterns and Blood Essential Elements in Chinese Children with ADHD",Nutrients,"8(6), 352",Case-control study,592 children ages 6-14; 296 ADHD and 296 matched controls,10.3390/nu8060352,https://doi.org/10.3390/nu8060352,https://pmc.ncbi.nlm.nih.gov/articles/PMC4924193/,Yes - open access,Rehosting permitted under CC BY 4.0 with attribution and license terms,ADHD; Dietary Pattern; Nutrient Pattern; Protein; Minerals; Zinc; Children; Case-Control; Open Access,03_2016_Zhou_Dietary-Nutrient-Patterns-ADHD.pdf
03-08,03. Scaffold 3 - Diet & Caloric Intake,Final,,Medication / Dietary Patterns / BMI,"Bowling, A.; Davison, K.; Haneuse, S.; Beardslee, W.; Miller, D. P.",2017,"ADHD Medication, Dietary Patterns, Physical Activity, and BMI in Children: A Longitudinal Analysis of the ECLS-K Study",Obesity,"25(10), 1802-1808",Longitudinal cohort analysis,"Nationally representative U.S. childhood cohort; N=8,250",10.1002/oby.21949,https://doi.org/10.1002/oby.21949,https://onlinelibrary.wiley.com/doi/full/10.1002/oby.21949,Free full text on publisher site,Link only - reuse license not independently verified,ADHD; Medication; Diet; Physical Activity; BMI; Children; Longitudinal; Nutrition,03_2017_Bowling_ADHD-Medication-Diet-BMI.pdf
03-09,03. Scaffold 3 - Diet & Caloric Intake,Final,,Stimulant Appetite Suppression / Caloric Supplementation,"Waxmonsky, J. G.; Pelham, W. E. III; Campa, A.; Waschbusch, D. A.; Li, T.; Marshall, R.; Babocsai, L.; Humphery, H.; Gnagy, E.; Swanson, J.; Hanć, T.; Fallahazad, N.; Pelham, W. E. Jr.",2020,A Randomized Controlled Trial of Interventions for Growth Suppression in Children With Attention-Deficit/Hyperactivity Disorder Treated With Central Nervous System Stimulants,Journal of the American Academy of Child & Adolescent Psychiatry,"59(12), 1330-1341",Randomized controlled trial,230 children ages 5-12 with ADHD; weight-recovery interventions included daily caloric supplementation,10.1016/j.jaac.2019.08.472,https://doi.org/10.1016/j.jaac.2019.08.472,https://pmc.ncbi.nlm.nih.gov/articles/PMC7048642/,Yes - PMC author manuscript,Link only - rehosting rights not independently cleared,ADHD; Stimulants; Appetite Suppression; Caloric Intake; Caloric Supplementation; Growth; Children; RCT,03_2020_Waxmonsky_Caloric-Supplementation-Stimulant-Growth.pdf
03-10,03. Scaffold 3 - Diet & Caloric Intake,Final,,Stimulants / Appetite / Growth,"Baweja, R.; Hale, D. E.; Waxmonsky, J. G.",2021,Impact of CNS Stimulants for Attention-Deficit/Hyperactivity Disorder on Growth: Epidemiology and Approaches to Management in Children and Adolescents,CNS Drugs,"35(8), 839-859",Peer-reviewed clinical review,Children and adolescents with ADHD treated with central nervous system stimulants,10.1007/s40263-021-00841-w,https://doi.org/10.1007/s40263-021-00841-w,https://pubmed.ncbi.nlm.nih.gov/34297331/,Publisher access,Link only - publisher copyright,ADHD; Stimulants; Appetite; Weight; Growth; Caloric Intake; Children; Adolescents; Review,03_2021_Baweja_Stimulants-Appetite-Growth-Review.pdf
03-11,03. Scaffold 3 - Diet & Caloric Intake,Final,,Disordered Eating / Eating Regulation,"Kaisari, P.; Dourish, C. T.; Higgs, S.",2017,Attention Deficit Hyperactivity Disorder (ADHD) and disordered eating behaviour: A systematic review and a framework for future research,Clinical Psychology Review,"53, 109-121",Systematic review,75 studies examining ADHD symptomatology and disordered eating behavior,10.1016/j.cpr.2017.03.002,https://doi.org/10.1016/j.cpr.2017.03.002,https://pubmed.ncbi.nlm.nih.gov/28334570/,Free article / publisher access varies,Link only - Elsevier copyright,ADHD; Eating Behavior; Disordered Eating; Overeating; Restrictive Eating; Impulsivity; Systematic Review,03_2017_Kaisari_ADHD-Disordered-Eating-Systematic-Review.pdf
03-P1-01,03. Scaffold 3 - Diet & Caloric Intake,Candidate,Pass 1,Dietary Patterns / Meta-analysis,"Del-Ponte, B.; Quinte, G. C.; Cruz, S.; Grellert, M.; Santos, I. S.",2019,Dietary patterns and attention deficit/hyperactivity disorder (ADHD): A systematic review and meta-analysis,Journal of Affective Disorders,"252, 160-173",Systematic review and meta-analysis,14 observational studies in children and adolescents,10.1016/j.jad.2019.04.061,https://doi.org/10.1016/j.jad.2019.04.061,https://pubmed.ncbi.nlm.nih.gov/30986731/,Publisher access,Link only - Elsevier copyright,ADHD; Diet; Dietary Patterns; Healthy Diet; Western Diet; Children; Adolescents; Meta-analysis,03_2019_Del-Ponte_Dietary-Patterns-Meta-Analysis.pdf
03-P1-02,03. Scaffold 3 - Diet & Caloric Intake,Candidate,Pass 1,Dietary Patterns / Food Groups / Meta-analysis,"Shareghfarid, E.; Sangsefidi, Z. S.; Salehi-Abargouei, A.; Hosseinzadeh, M.",2020,Empirically derived dietary patterns and food groups intake in relation with Attention Deficit/Hyperactivity Disorder (ADHD): A systematic review and meta-analysis,Clinical Nutrition ESPEN,"36, 28-35",Systematic review and meta-analysis,"Dietary-pattern studies totaling 8,816 participants",10.1016/j.clnesp.2019.10.013,https://doi.org/10.1016/j.clnesp.2019.10.013,https://pubmed.ncbi.nlm.nih.gov/32220366/,Publisher access,Link only - Elsevier copyright,ADHD; Diet; Dietary Patterns; Food Groups; Healthy Diet; Western Diet; Junk Food; Meta-analysis,03_2020_Shareghfarid_Dietary-Patterns-Food-Groups-Meta-Analysis.pdf
03-P1-03,03. Scaffold 3 - Diet & Caloric Intake,Candidate,Pass 1,Nutrition / Clinical Review,"Lange, K. W.; Lange, K. M.; Nakamura, Y.; Reissmann, A.",2023,Nutrition in the Management of ADHD: A Review of Recent Research,Current Nutrition Reports,"12(3), 383-394",Peer-reviewed clinical review,Children and adolescents with ADHD; recent cohort and dietary intervention literature,10.1007/s13668-023-00487-8,https://doi.org/10.1007/s13668-023-00487-8,https://pmc.ncbi.nlm.nih.gov/articles/PMC10444659/,Yes - PMC / open-access article,Open access; verify exact license terms before local rehosting,ADHD; Nutrition; Diet Quality; Dietary Patterns; Micronutrients; Elimination Diet; Review,03_2023_Lange_Nutrition-Management-ADHD-Review.pdf
03-P1-04,03. Scaffold 3 - Diet & Caloric Intake,Candidate,Pass 1,Dietary Interventions / Systematic Review,"Rytter, M. J. H.; Andersen, L. B. B.; Houmann, T.; Bilenberg, N.; Hvolby, A.; Mølgaard, C.; Michaelsen, K. F.; Lauritzen, L.",2015,Diet in the treatment of ADHD in children - a systematic review of the literature,Nordic Journal of Psychiatry,"69(1), 1-18",Systematic review,52 dietary intervention studies in children with ADHD or equivalent diagnoses,10.3109/08039488.2014.921933,https://doi.org/10.3109/08039488.2014.921933,https://pubmed.ncbi.nlm.nih.gov/24934907/,Publisher access,Link only - publisher copyright,ADHD; Diet; Dietary Intervention; Children; Systematic Review; Nutrition,03_2015_Rytter_Diet-Treatment-ADHD-Systematic-Review.pdf
03-P1-05,03. Scaffold 3 - Diet & Caloric Intake,Candidate,Pass 1,Eating Patterns / Dietary Interventions,"Pinto, S.; Correia-de-Sá, T.; Sampaio-Maia, B.; Vasconcelos, C.; Moreira, P.; Ferreira-Gomes, J.",2022,Eating Patterns and Dietary Interventions in ADHD: A Narrative Review,Nutrients,"14(20), 4332",Peer-reviewed narrative review,ADHD dietary-pattern and dietary-intervention literature,10.3390/nu14204332,https://doi.org/10.3390/nu14204332,https://pmc.ncbi.nlm.nih.gov/articles/PMC9608000/,Yes - open access,Open access; verify exact Creative Commons terms before local rehosting,ADHD; Eating Patterns; Diet Quality; Dietary Intervention; Nutrition; Review,03_2022_Pinto_Eating-Patterns-Dietary-Interventions.pdf
03-P1-06,03. Scaffold 3 - Diet & Caloric Intake,Candidate,Pass 1,Mediterranean Diet / Breakfast / Food Quality,"Ríos-Hernández, A.; Alda, J. A.; Farran-Codina, A.; Ferreira-García, E.; Izquierdo-Pulido, M.",2017,The Mediterranean Diet and ADHD in Children and Adolescents,Pediatrics,"139(2), e20162027",Case-control study,120 children and adolescents; 60 newly diagnosed ADHD and 60 matched controls,10.1542/peds.2016-2027,https://doi.org/10.1542/peds.2016-2027,https://pubmed.ncbi.nlm.nih.gov/28138007/,Publisher access,Link only - American Academy of Pediatrics copyright,ADHD; Mediterranean Diet; Breakfast Skipping; Diet Quality; Children; Adolescents; Case-Control,03_2017_Rios-Hernandez_Mediterranean-Diet-ADHD.pdf
03-P1-07,03. Scaffold 3 - Diet & Caloric Intake,Candidate,Pass 1,Western Dietary Pattern / Adolescents,"Howard, A. L.; Robinson, M.; Smith, G. J.; Ambrosini, G. L.; Piek, J. P.; Oddy, W. H.",2011,"ADHD is associated with a ""Western"" dietary pattern in adolescents",Journal of Attention Disorders,"15(5), 403-411",Prospective cohort analysis,"1,799 adolescents from the Raine Study; 115 with ADHD diagnosis",10.1177/1087054710365990,https://doi.org/10.1177/1087054710365990,https://pubmed.ncbi.nlm.nih.gov/20631199/,Publisher access,Link only - SAGE copyright,ADHD; Western Diet; Adolescents; Dietary Patterns; Cohort; Diet Quality,03_2011_Howard_Western-Dietary-Pattern-ADHD.pdf
03-P1-08,03. Scaffold 3 - Diet & Caloric Intake,Candidate,Pass 1,Nutrient Intake / Dietary Patterns / Anthropometrics,"Salvat, H.; Nader Mohammadi, M.; Molavi, P.; Mostafavi, S. A.; Rostami, R.; Salehinejad, M. A.",2022,"Nutrient intake, dietary patterns, and anthropometric variables of children with ADHD in comparison to healthy controls: a case-control study",BMC Pediatrics,"22(1), 70",Case-control study,100 children with ADHD and 100 sex-matched controls,10.1186/s12887-022-03123-6,https://doi.org/10.1186/s12887-022-03123-6,https://pmc.ncbi.nlm.nih.gov/articles/PMC8799799/,Yes - open access,Open access; verify exact Creative Commons terms before local rehosting,ADHD; Nutrient Intake; Protein; Sugar; Diet Quality; Anthropometrics; Children; Case-Control,03_2022_Salvat_Nutrient-Intake-Dietary-Patterns.pdf
03-P1-09,03. Scaffold 3 - Diet & Caloric Intake,Candidate,Pass 1,Nutrient Patterns / Food Diaries,"Pinto, S.; Correia-de-Sá, T.; Gonçalves, H.; Marques, S.; Guardiano, M.; Sampaio-Maia, B.; Ferreira-Gomes, J.",2026,Nutrient patterns in children with Attention-Deficit/Hyperactivity Disorder: a case-control study,European Child & Adolescent Psychiatry,"35(6), 1911-1922",Case-control study,76 children ages 6-10; 43 ADHD and 33 neurotypical controls; 3-day food diaries,10.1007/s00787-026-03002-w,https://doi.org/10.1007/s00787-026-03002-w,https://pmc.ncbi.nlm.nih.gov/articles/PMC13337956/,Yes - PMC / open-access article,Open access; verify exact license terms before local rehosting,ADHD; Nutrient Patterns; Food Diary; Dietary Intake; Children; Case-Control; 2026,03_2026_Pinto_Nutrient-Patterns-Children-ADHD.pdf
03-P1-10,03. Scaffold 3 - Diet & Caloric Intake,Candidate,Pass 1,Dietary and Nutrient Patterns / Protein / Minerals,"Zhou, F.; Wu, F.; Zou, S.; Chen, Y.; Feng, C.; Fan, G.",2016,"Dietary, Nutrient Patterns and Blood Essential Elements in Chinese Children with ADHD",Nutrients,"8(6), 352",Case-control study,592 children ages 6-14; 296 ADHD and 296 matched controls,10.3390/nu8060352,https://doi.org/10.3390/nu8060352,https://pmc.ncbi.nlm.nih.gov/articles/PMC4924193/,Yes - open access,Open access; verify exact Creative Commons terms before local rehosting,ADHD; Dietary Pattern; Nutrient Pattern; Protein; Minerals; Zinc; Children; Case-Control,03_2016_Zhou_Dietary-Nutrient-Patterns-ADHD.pdf
03-P1-11,03. Scaffold 3 - Diet & Caloric Intake,Candidate,Pass 1,Processed Food / Sweets / Eating Behavior,"Yan, W.; Lin, S.; Wu, D.; Shi, Y.; Dou, L.; Li, X.",2023,Processed Food-Sweets Patterns and Related Behaviors with Attention Deficit Hyperactivity Disorder among Children: A Case-Control Study,Nutrients,"15(5), 1254",Case-control study,204 children; 102 diagnosed ADHD and 102 healthy controls,10.3390/nu15051254,https://doi.org/10.3390/nu15051254,https://pmc.ncbi.nlm.nih.gov/articles/PMC10005288/,Yes - open access,Open access; verify exact Creative Commons terms before local rehosting,ADHD; Processed Food; Sweets; Eating Behavior; Diet Quality; Children; Case-Control,03_2023_Yan_Processed-Food-Sweets-ADHD.pdf
03-P1-12,03. Scaffold 3 - Diet & Caloric Intake,Candidate,Pass 1,Medication / Dietary Patterns / BMI,"Bowling, A.; Davison, K.; Haneuse, S.; Beardslee, W.; Miller, D. P.",2017,"ADHD Medication, Dietary Patterns, Physical Activity, and BMI in Children: A Longitudinal Analysis of the ECLS-K Study",Obesity,"25(10), 1802-1808",Longitudinal cohort analysis,"Nationally representative U.S. childhood cohort; N=8,250",10.1002/oby.21949,https://doi.org/10.1002/oby.21949,https://onlinelibrary.wiley.com/doi/full/10.1002/oby.21949,Free full text on publisher site,Link only unless reuse license is independently verified,ADHD; Medication; Diet; Physical Activity; BMI; Children; Longitudinal; Nutrition Counseling,03_2017_Bowling_ADHD-Medication-Diet-BMI.pdf
03-P1-13,03. Scaffold 3 - Diet & Caloric Intake,Candidate,Pass 1,Stimulant Appetite Suppression / Caloric Supplementation,"Waxmonsky, J. G.; Pelham, W. E. III; Campa, A.; Waschbusch, D. A.; Li, T.; Marshall, R.; Babocsai, L.; Humphery, H.; Gnagy, E.; Swanson, J.; Hanć, T.; Fallahazad, N.; Pelham, W. E. Jr.",2020,A Randomized Controlled Trial of Interventions for Growth Suppression in Children With Attention-Deficit/Hyperactivity Disorder Treated With Central Nervous System Stimulants,Journal of the American Academy of Child & Adolescent Psychiatry,"59(12), 1330-1341",Randomized controlled trial,230 children ages 5-12 with ADHD; weight-recovery interventions included daily 150-kcal supplementation,10.1016/j.jaac.2019.08.472,https://doi.org/10.1016/j.jaac.2019.08.472,https://pmc.ncbi.nlm.nih.gov/articles/PMC7048642/,Yes - PMC author manuscript,Link only - rehosting rights not independently cleared,ADHD; Stimulants; Appetite Suppression; Caloric Intake; Caloric Supplementation; Growth; Children; RCT,03_2020_Waxmonsky_Caloric-Supplementation-Stimulant-Growth.pdf
03-P1-14,03. Scaffold 3 - Diet & Caloric Intake,Candidate,Pass 1,Stimulants / Appetite / Growth,"Baweja, R.; Mattison, R. E.; Waxmonsky, J. G.",2021,Impact of CNS Stimulants for Attention-Deficit/Hyperactivity Disorder on Growth: Epidemiology and Approaches to Management in Children and Adolescents,CNS Drugs,"35(8), 839-859",Peer-reviewed clinical review,Children and adolescents with ADHD treated with central nervous system stimulants,10.1007/s40263-021-00841-w,https://doi.org/10.1007/s40263-021-00841-w,https://pubmed.ncbi.nlm.nih.gov/34297331/,Publisher access,Link only - publisher copyright,ADHD; Stimulants; Appetite; Weight; Growth; Caloric Intake; Children; Adolescents; Review,03_2021_Baweja_Stimulants-Appetite-Growth-Review.pdf
03-P1-15,03. Scaffold 3 - Diet & Caloric Intake,Candidate,Pass 1,Disordered Eating / Eating Regulation,"Kaisari, P.; Dourish, C. T.; Higgs, S.",2017,Attention Deficit Hyperactivity Disorder (ADHD) and disordered eating behaviour: A systematic review and a framework for future research,Clinical Psychology Review,"53, 109-121",Systematic review,75 studies examining ADHD symptomatology and disordered eating behavior,10.1016/j.cpr.2017.03.002,https://doi.org/10.1016/j.cpr.2017.03.002,https://pubmed.ncbi.nlm.nih.gov/28334570/,Free article / publisher access varies,Link only - Elsevier copyright,ADHD; Eating Behavior; Disordered Eating; Overeating; Restrictive Eating; Impulsivity; Systematic Review,03_2017_Kaisari_ADHD-Disordered-Eating-Systematic-Review.pdf
04-01,04. Scaffold 4 - Sleep Hygiene,Final,,Sleep Interventions / Meta-analysis of RCTs,"Fang, Y.; Wang, Z.; Zhang, M.; Sun, F.",2026,The influence of existing interventions on sleep of youth with attention-deficit/hyperactivity disorder: A meta-analysis of randomized controlled trials,Sleep Medicine Reviews,"88, 102303",Systematic review and meta-analysis of randomized controlled trials,"40 randomized controlled trials; 4,361 children and adolescents with ADHD",10.1016/j.smrv.2026.102303,https://doi.org/10.1016/j.smrv.2026.102303,https://pubmed.ncbi.nlm.nih.gov/42096966/,Free/open-access article,Open access under a Creative Commons license - verify exact license before local rehosting,ADHD; Sleep; Sleep Intervention; Sleep Hygiene; Children; Adolescents; Meta-analysis; RCT,04_2026_Fang_Sleep-Interventions-RCT-Meta-Analysis.pdf
04-02,04. Scaffold 4 - Sleep Hygiene,Final,,Sleep Interventions / Systematic Review,"Larsson, I.; Aili, K.; Lönn, M.; Svedberg, P.; Nygren, J. M.; Ivarsson, A.; Johansson, P.",2023,Sleep interventions for children with attention deficit hyperactivity disorder (ADHD): A systematic literature review,Sleep Medicine,"102, 64-75",Systematic review with selected meta-analyses,Eight papers from five controlled studies in children with ADHD,10.1016/j.sleep.2022.12.021,https://doi.org/10.1016/j.sleep.2022.12.021,https://www.sciencedirect.com/science/article/pii/S1389945722012709,Yes - open access,Open access under a Creative Commons license - verify exact license before local rehosting,ADHD; Sleep; Sleep Intervention; Behavioral Intervention; Melatonin; Children; Systematic Review,04_2023_Larsson_Sleep-Interventions-Systematic-Review.pdf
04-03,04. Scaffold 4 - Sleep Hygiene,Final,,Behavioral Sleep Interventions / Meta-analysis,"Malkani, M. K.; Pestell, C. F.; Sheridan, A. M. C.; Crichton, A. J.; Horsburgh, G. C.; Bucks, R. S.",2022,Behavioral Sleep Interventions for Children With ADHD: A Systematic Review and Meta-Analysis,Journal of Attention Disorders,"26(14), 1805-1821",Systematic review and meta-analysis,School-aged children with ADHD receiving behavioral sleep interventions,10.1177/10870547221106239,https://doi.org/10.1177/10870547221106239,https://pubmed.ncbi.nlm.nih.gov/35758199/,Publisher access,Link only - SAGE copyright,ADHD; Sleep Hygiene; Behavioral Sleep Intervention; Children; Meta-analysis; Insomnia,04_2022_Malkani_Behavioral-Sleep-Interventions-Meta-Analysis.pdf
04-04,04. Scaffold 4 - Sleep Hygiene,Final,,Behavioral Sleep Intervention / RCT,"Hiscock, H.; Sciberras, E.; Mensah, F.; Gerner, B.; Efron, D.; Khano, S.; Oberklaid, F.",2015,"Impact of a behavioural sleep intervention on symptoms and sleep in children with attention deficit hyperactivity disorder, and parental mental health: randomised controlled trial",BMJ,"350, h68",Randomized controlled trial,244 children ages 5-12 with ADHD,10.1136/bmj.h68,https://doi.org/10.1136/bmj.h68,https://www.bmj.com/content/350/bmj.h68,Yes - open access,Link only until exact reuse license is verified,ADHD; Sleep Hygiene; Behavioral Sleep Intervention; Children; RCT; Daily Functioning,04_2015_Hiscock_Behavioral-Sleep-Intervention-RCT.pdf
04-05,04. Scaffold 4 - Sleep Hygiene,Final,,Behavioral Sleep Intervention / Long-Term Follow-up,"Sciberras, E.; Mulraney, M.; Mensah, F.; Oberklaid, F.; Efron, D.; Hiscock, H.",2020,Sustained impact of a sleep intervention and moderators of treatment outcome for children with ADHD: a randomised controlled trial,Psychological Medicine,"50(2), 210-219",Randomized controlled trial - 12-month follow-up,244 children ages 5-13 with ADHD and moderate/severe sleep problems,10.1017/S0033291718004063,https://doi.org/10.1017/S0033291718004063,https://pubmed.ncbi.nlm.nih.gov/30654852/,Publisher access,Link only - Cambridge University Press copyright,ADHD; Sleep Hygiene; Behavioral Sleep Intervention; Children; Long-Term Follow-up; RCT,04_2020_Sciberras_Sleep-Intervention-12-Month-Followup.pdf
04-06,04. Scaffold 4 - Sleep Hygiene,Final,,Sleep Hygiene / Relaxation / RCT,"Türkmen Noyan, G.; Direk, G. B.; Örengül, A. C.",2024,A randomized controlled trial of effects of sleep hygiene training and progressive muscle relaxation training in children with ADHD,Sleep Medicine,"117, 169-176",Randomized controlled trial,57 children ages 6-12 with ADHD,10.1016/j.sleep.2024.03.001,https://doi.org/10.1016/j.sleep.2024.03.001,https://pubmed.ncbi.nlm.nih.gov/38554532/,Publisher access,Link only - Elsevier copyright,ADHD; Sleep Hygiene; Progressive Muscle Relaxation; Children; RCT; Sleep Quality,04_2024_Turkmen-Noyan_Sleep-Hygiene-PMR-RCT.pdf
04-07,04. Scaffold 4 - Sleep Hygiene,Final,,Adolescent CBT Sleep Hygiene / RCT,"Keuppens, L.; Marten, F.; Baeyens, D.; Boyer, B.; Roose, A.; Becker, S.; Danckaerts, M.; Van der Oord, S.",2025,Effectiveness of a cognitive-behavioral sleep hygiene intervention for adolescents with ADHD: a randomized controlled trial,European Child & Adolescent Psychiatry,"34(11), 3415-3426",Randomized controlled trial,92 adolescents with ADHD and sleep problems,10.1007/s00787-025-02755-0,https://doi.org/10.1007/s00787-025-02755-0,https://pubmed.ncbi.nlm.nih.gov/40423708/,Publisher access,Link only unless article license permits reuse,ADHD; Adolescents; CBT; Sleep Hygiene; Chronic Sleep Reduction; RCT,04_2025_Keuppens_SIESTA-CBT-Sleep-Hygiene-RCT.pdf
04-08,04. Scaffold 4 - Sleep Hygiene,Final,,Adult Sleep Treatment / RCT,"van der Ham, M.; Bijlenga, D.; Molenaar, N.; Starreveld, D. E. J.; Böhmer, M. N.; Wettstein, R.; Dumont, G.; Beekman, A. T. F.; Kooij, S.",2026,"The Effects of Sleep Treatment on Symptoms of ADHD, Sleep Quality, Fatigue, and Depressive Symptoms in Adults",Journal of Attention Disorders,"30(3), 354-369",Randomized controlled trial,70 adults with ADHD and at least one positive sleep-disorder screen,10.1177/10870547251379103,https://doi.org/10.1177/10870547251379103,https://pubmed.ncbi.nlm.nih.gov/41140200/,Publisher access,Link only - SAGE copyright,ADHD; Adults; Sleep Treatment; Sleep Quality; Fatigue; RCT,04_2026_van-der-Ham_Adult-Sleep-Treatment-RCT.pdf
04-09,04. Scaffold 4 - Sleep Hygiene,Final,,Sleep Characteristics / Child Meta-analysis,"Cortese, S.; Faraone, S. V.; Konofal, E.; Lecendreux, M.",2009,Sleep in children with attention-deficit/hyperactivity disorder: meta-analysis of subjective and objective studies,Journal of the American Academy of Child & Adolescent Psychiatry,"48(9), 894-908",Meta-analysis,16 studies; pooled sample of 722 children with ADHD and 638 controls,10.1097/CHI.0b013e3181ac09c9,https://doi.org/10.1097/CHI.0b013e3181ac09c9,https://pubmed.ncbi.nlm.nih.gov/19625983/,Publisher/repository access,Link only - publisher copyright,ADHD; Sleep; Children; Actigraphy; Polysomnography; Sleep Problems; Meta-analysis,04_2009_Cortese_Child-Sleep-Meta-Analysis.pdf
04-10,04. Scaffold 4 - Sleep Hygiene,Final,,Sleep Characteristics / Adult Meta-analysis,"Díaz-Román, A.; Mitchell, R.; Cortese, S.",2018,Sleep in adults with ADHD: Systematic review and meta-analysis of subjective and objective studies,Neuroscience & Biobehavioral Reviews,"89, 61-71",Systematic review and meta-analysis,13 studies of adults with ADHD,10.1016/j.neubiorev.2018.02.014,https://doi.org/10.1016/j.neubiorev.2018.02.014,https://eprints.soton.ac.uk/418332/,Yes - accepted manuscript,Link only - repository manuscript is not licensed for unrestricted redistribution,ADHD; Adults; Sleep; Actigraphy; Polysomnography; Meta-analysis; Sleep Problems,04_2018_Diaz-Roman_Adult-Sleep-Meta-Analysis.pdf
04-11,04. Scaffold 4 - Sleep Hygiene,Final,,Sleep Restriction / Extension / Adolescents,"Becker, S. P.; Epstein, J. N.; Tamm, L.; Tilford, A. A.; Tischner, C. M.; Isaacson, P. A.; Beebe, D. W.",2019,"Shortened Sleep Duration Causes Sleepiness, Inattention, and Oppositionality in Adolescents With Attention-Deficit/Hyperactivity Disorder: Findings From a Crossover Sleep Restriction/Extension Study",Journal of the American Academy of Child & Adolescent Psychiatry,"58(4), 433-442",Randomized crossover sleep restriction/extension study,72 adolescents ages 14-17 entered the protocol; 48 adherent participants analyzed,10.1016/j.jaac.2018.09.439,https://doi.org/10.1016/j.jaac.2018.09.439,https://pmc.ncbi.nlm.nih.gov/articles/PMC6441371/,Yes - PMC author manuscript,Link only - rehosting rights not independently cleared,ADHD; Adolescents; Sleep Duration; Sleep Restriction; Sleep Extension; Inattention; Crossover Study,04_2019_Becker_Sleep-Restriction-Extension-Adolescents.pdf
04-P1-01,04. Scaffold 4 - Sleep Hygiene,Candidate,Pass 1,Behavioral Sleep Interventions / Meta-analysis,"Malkani, M. K.; Pestell, C. F.; Sheridan, A. M. C.; Crichton, A. J.; Horsburgh, G. C.; Bucks, R. S.",2022,Behavioral Sleep Interventions for Children With ADHD: A Systematic Review and Meta-Analysis,Journal of Attention Disorders,"26(14), 1805-1821",Systematic review and meta-analysis,11 articles; 562 children ages 5-14 across study groups,10.1177/10870547221106239,https://doi.org/10.1177/10870547221106239,https://pubmed.ncbi.nlm.nih.gov/35758199/,Publisher access,Link only - SAGE copyright,ADHD; Sleep Hygiene; Behavioral Sleep Intervention; Children; Meta-analysis; Insomnia,04_2022_Malkani_Behavioral-Sleep-Interventions-Meta-Analysis.pdf
04-P1-02,04. Scaffold 4 - Sleep Hygiene,Candidate,Pass 1,Sleep Interventions / Systematic Review,"Larsson, I.; Aili, K.; Lönn, M.; Svedberg, P.; Nygren, J. M.; Ivarsson, A.; Johansson, P.",2023,Sleep interventions for children with attention deficit hyperactivity disorder (ADHD): A systematic literature review,Sleep Medicine,"102, 64-75",Systematic literature review,Eight papers from five controlled intervention studies in children with ADHD,10.1016/j.sleep.2022.12.021,https://doi.org/10.1016/j.sleep.2022.12.021,https://www.sciencedirect.com/science/article/pii/S1389945722012709,Yes - open access,Open access under a Creative Commons license; verify exact reuse terms before local rehosting,ADHD; Sleep; Sleep Hygiene; Behavioral Intervention; Melatonin; Children; Systematic Review,04_2023_Larsson_Sleep-Interventions-Systematic-Review.pdf
04-P1-03,04. Scaffold 4 - Sleep Hygiene,Candidate,Pass 1,Behavioral Sleep Intervention / RCT,"Hiscock, H.; Sciberras, E.; Mensah, F.; Gerner, B.; Efron, D.; Khano, S.; Oberklaid, F.",2015,"Impact of a behavioural sleep intervention on symptoms and sleep in children with attention deficit hyperactivity disorder, and parental mental health: randomised controlled trial",BMJ,"350, h68",Randomized controlled trial,244 children ages 5-12 with ADHD,10.1136/bmj.h68,https://doi.org/10.1136/bmj.h68,https://www.bmj.com/content/350/bmj.h68,Yes - open access,CC BY-NC; rehosting may be permitted for noncommercial use with attribution and license compliance,ADHD; Sleep Hygiene; Behavioral Sleep Intervention; Children; RCT; Working Memory; Quality of Life,04_2015_Hiscock_Behavioural-Sleep-Intervention-RCT.pdf
04-P1-04,04. Scaffold 4 - Sleep Hygiene,Candidate,Pass 1,Behavioral Sleep Intervention / Long-Term Follow-up,"Sciberras, E.; Mulraney, M.; Mensah, F.; Oberklaid, F.; Efron, D.; Hiscock, H.",2020,Sustained impact of a sleep intervention and moderators of treatment outcome for children with ADHD: a randomised controlled trial,Psychological Medicine,"50(2), 210-219",Randomized controlled trial follow-up,244 children ages 5-13 with ADHD and moderate/severe sleep problems; 12-month outcomes,10.1017/S0033291718004063,https://doi.org/10.1017/S0033291718004063,https://pubmed.ncbi.nlm.nih.gov/30654852/,Publisher access,Link only - Cambridge University Press copyright,ADHD; Sleep Hygiene; Behavioral Sleep Intervention; Long-Term Follow-up; Children; RCT,04_2020_Sciberras_Sustained-Sleep-Intervention.pdf
04-P1-05,04. Scaffold 4 - Sleep Hygiene,Candidate,Pass 1,Community Sleep Intervention / Cluster RCT,"Hiscock, H.; Mulraney, M.; Heussler, H.; Rinehart, N.; Schuster, T.; Grobler, A. C.; Gold, L.; Bohingamu Mudiyanselage, S.; Hayes, N.; Sciberras, E.",2019,"Impact of a behavioral intervention, delivered by pediatricians or psychologists, on sleep problems in children with ADHD: a cluster-randomized, translational trial",Journal of Child Psychology and Psychiatry,"60(11), 1230-1241",Cluster-randomized translational trial,361 children ages 5-13 with ADHD and moderate/severe sleep problems,10.1111/jcpp.13083,https://doi.org/10.1111/jcpp.13083,https://acamh.onlinelibrary.wiley.com/doi/10.1111/jcpp.13083,Publisher access,Link only - Wiley/ACAMH copyright,ADHD; Sleep Hygiene; Behavioral Sleep Intervention; Community Care; Children; Cluster RCT,04_2019_Hiscock_Community-Sleep-Intervention-Cluster-RCT.pdf
04-P1-06,04. Scaffold 4 - Sleep Hygiene,Candidate,Pass 1,Cognitive-Behavioral Sleep Hygiene / Adolescents,"Keuppens, L.; Marten, F.; Baeyens, D.; Boyer, B.; Roose, A.; Becker, S.; Danckaerts, M.; Van der Oord, S.",2025,Effectiveness of a cognitive-behavioral sleep hygiene intervention for adolescents with ADHD: a randomized controlled trial,European Child & Adolescent Psychiatry,"34(11), 3415-3426",Randomized controlled trial,92 adolescents with ADHD and sleep problems; mean age 14.36 years,10.1007/s00787-025-02755-0,https://doi.org/10.1007/s00787-025-02755-0,https://pubmed.ncbi.nlm.nih.gov/40423708/,Publisher access,Link only unless article license permits reuse,ADHD; Sleep Hygiene; CBT; Adolescents; Insomnia; Sleep Problems; RCT,04_2025_Keuppens_SIESTA-Sleep-Hygiene-RCT.pdf
04-P1-07,04. Scaffold 4 - Sleep Hygiene,Candidate,Pass 1,Sleep Hygiene / Relaxation / Children,"Türkmen Noyan, G.; Direk, G. B.; Örengül, A. C.",2024,A randomized controlled trial of effects of sleep hygiene training and progressive muscle relaxation training in children with ADHD,Sleep Medicine,"117, 169-176",Randomized controlled trial,57 children ages 6-12 with ADHD,10.1016/j.sleep.2024.03.001,https://doi.org/10.1016/j.sleep.2024.03.001,https://pubmed.ncbi.nlm.nih.gov/38554532/,Publisher access,Link only - Elsevier copyright,ADHD; Sleep Hygiene; Progressive Muscle Relaxation; Children; Attention; Anxiety; RCT,04_2024_Noyan_Sleep-Hygiene-PMR-RCT.pdf
04-P1-08,04. Scaffold 4 - Sleep Hygiene,Candidate,Pass 1,Behavioral Sleep Intervention / Children,"El-Monshed, A. H.; Loutfy, A.; El-Boraie, H.; El-Gilany, A.-H.; Fayed, S. M.; Elzeiny, A.; El-Gazar, H. E.; Ali, A. S.; Zoromba, M. A.",2025,The efficacy of behavioral sleep intervention on sleep problems among children with attention-deficit hyperactivity disorder: A randomized controlled trial,Journal of Nursing Scholarship,"57(3), 380-393",Randomized controlled trial,92 children with ADHD; intervention n=47 and control n=45,10.1111/jnu.13037,https://doi.org/10.1111/jnu.13037,https://pubmed.ncbi.nlm.nih.gov/39587035/,Publisher access,Link only - publisher copyright,ADHD; Behavioral Sleep Intervention; Sleep Hygiene; Children; Quality of Life; RCT,04_2025_El-Monshed_Behavioral-Sleep-Intervention-RCT.pdf
04-P1-09,04. Scaffold 4 - Sleep Hygiene,Candidate,Pass 1,Sleep Duration / Restriction and Extension,"Becker, S. P.; Epstein, J. N.; Tamm, L.; Tilford, A. A.; Tischner, C. M.; Isaacson, P. A.; Simon, J. O.; Beebe, D. W.",2019,"Shortened Sleep Duration Causes Sleepiness, Inattention, and Oppositionality in Adolescents With Attention-Deficit/Hyperactivity Disorder: Findings From a Crossover Sleep Restriction/Extension Study",Journal of the American Academy of Child & Adolescent Psychiatry,"58(4), 433-442",Randomized crossover sleep restriction/extension experiment,72 adolescents ages 14-17 with ADHD,10.1016/j.jaac.2018.09.439,https://doi.org/10.1016/j.jaac.2018.09.439,https://pmc.ncbi.nlm.nih.gov/articles/PMC6441371/,Yes - PMC author manuscript,Link only - rehosting rights not independently cleared,ADHD; Sleep Duration; Sleep Restriction; Sleep Extension; Adolescents; Inattention; Crossover Trial,04_2019_Becker_Sleep-Restriction-Extension-ADHD.pdf
04-P1-10,04. Scaffold 4 - Sleep Hygiene,Candidate,Pass 1,Sleep in Children / Meta-analysis,"Cortese, S.; Faraone, S. V.; Konofal, E.; Lecendreux, M.",2009,Sleep in children with attention-deficit/hyperactivity disorder: meta-analysis of subjective and objective studies,Journal of the American Academy of Child & Adolescent Psychiatry,"48(9), 894-908",Meta-analysis,16 studies; pooled 722 children with ADHD and 638 controls,10.1097/CHI.0b013e3181ac09c9,https://doi.org/10.1097/CHI.0b013e3181ac09c9,https://pubmed.ncbi.nlm.nih.gov/19625983/,Publisher access,Link only - publisher copyright,ADHD; Sleep; Children; Actigraphy; Polysomnography; Sleep Onset; Meta-analysis,04_2009_Cortese_Sleep-Children-ADHD-Meta-Analysis.pdf
04-P1-11,04. Scaffold 4 - Sleep Hygiene,Candidate,Pass 1,Objective Sleep Continuity / Meta-analysis,"Liang, X.; Qiu, H.; Li, S. X.",2023,Objectively measured sleep continuity in children and adolescents with ADHD: A systematic review and meta-analysis,Psychiatry Research,"328, 115447",Systematic review and meta-analysis,"45 articles; 1,622 children/adolescents with ADHD and 2,013 typically developing peers",10.1016/j.psychres.2023.115447,https://doi.org/10.1016/j.psychres.2023.115447,https://pubmed.ncbi.nlm.nih.gov/37657199/,Publisher access / institutional repository record available,Link only - Elsevier copyright,ADHD; Sleep Continuity; Actigraphy; Polysomnography; Children; Adolescents; Meta-analysis,04_2023_Liang_Objective-Sleep-Continuity-Meta-Analysis.pdf
04-P1-12,04. Scaffold 4 - Sleep Hygiene,Candidate,Pass 1,Sleep in Adults / Meta-analysis,"Díaz-Román, A.; Mitchell, R.; Cortese, S.",2018,Sleep in adults with ADHD: Systematic review and meta-analysis of subjective and objective studies,Neuroscience & Biobehavioral Reviews,"89, 61-71",Systematic review and meta-analysis,13 studies of adults with ADHD and comparison participants,10.1016/j.neubiorev.2018.02.014,https://doi.org/10.1016/j.neubiorev.2018.02.014,https://pubmed.ncbi.nlm.nih.gov/29477617/,Publisher access,Link only - Elsevier copyright,ADHD; Adults; Sleep; Insomnia; Actigraphy; Polysomnography; Meta-analysis,04_2018_Diaz-Roman_Sleep-Adults-ADHD-Meta-Analysis.pdf
04-P1-13,04. Scaffold 4 - Sleep Hygiene,Candidate,Pass 1,Adult Sleep Treatment / CBT-I / Chronotherapy,"van der Ham, M.; Bijlenga, D.; Molenaar, N.; Starreveld, D. E. J.; Böhmer, M. N.; Wettstein, R.; Dumont, G.; Beekman, A. T. F.; Kooij, S.",2026,"The Effects of Sleep Treatment on Symptoms of ADHD, Sleep Quality, Fatigue, and Depressive Symptoms in Adults",Journal of Attention Disorders,"30(3), 354-369",Open-label randomized controlled trial,70 adults with ADHD and at least one positive sleep-disorder screen,10.1177/10870547251379103,https://doi.org/10.1177/10870547251379103,https://pubmed.ncbi.nlm.nih.gov/41140200/,Publisher access,Link only - SAGE copyright,ADHD; Adults; Sleep Treatment; CBT-I; Chronotherapy; Fatigue; Sleep Quality; RCT,04_2026_van-der-Ham_Adult-Sleep-Treatment-RCT.pdf
04-P1-14,04. Scaffold 4 - Sleep Hygiene,Candidate,Pass 1,Sleep Hygiene / Melatonin / Stimulant-Treated Children,"Weiss, M. D.; Wasdell, M. B.; Bomben, M. M.; Rea, K. J.; Freeman, R. D.",2006,Sleep hygiene and melatonin treatment for children and adolescents with ADHD and initial insomnia,Journal of the American Academy of Child & Adolescent Psychiatry,"45(5), 512-519",Sleep hygiene intervention followed by double-blind placebo-controlled crossover trial,27 stimulant-treated children and adolescents ages 6-14 with ADHD and initial insomnia,10.1097/01.chi.0000205706.78818.ef,https://doi.org/10.1097/01.chi.0000205706.78818.ef,https://pubmed.ncbi.nlm.nih.gov/16670647/,Publisher access,Link only - publisher copyright,ADHD; Sleep Hygiene; Melatonin; Initial Insomnia; Stimulants; Children; Adolescents,04_2006_Weiss_Sleep-Hygiene-Melatonin-ADHD.pdf
04-P1-15,04. Scaffold 4 - Sleep Hygiene,Candidate,Pass 1,Melatonin / Chronic Sleep-Onset Insomnia,"Van der Heijden, K. B.; Smits, M. G.; Van Someren, E. J. W.; Ridderinkhof, K. R.; Gunning, W. B.",2007,"Effect of Melatonin on Sleep, Behavior, and Cognition in ADHD and Chronic Sleep-Onset Insomnia",Journal of the American Academy of Child & Adolescent Psychiatry,"46(2), 233-241",Randomized double-blind placebo-controlled trial,105 medication-free children ages 6-12 with ADHD and chronic sleep-onset insomnia,10.1097/01.chi.0000246055.76167.0d,https://doi.org/10.1097/01.chi.0000246055.76167.0d,https://pubmed.ncbi.nlm.nih.gov/17242627/,Publisher access,Link only - publisher copyright,ADHD; Melatonin; Sleep-Onset Insomnia; Circadian Rhythm; Children; RCT,04_2007_Van-der-Heijden_Melatonin-Sleep-Onset-Insomnia.pdf
05-01,05. Scaffold 5 - Caffeine Titration,Final,,ADHD / Caffeine Efficacy / Meta-analysis,"Perrotte, G.; Moreira, M. M. G.; de Vargas Junior, A.; Teixeira Filho, A.; Castaldelli-Maia, J. M.",2023,Effects of Caffeine on Main Symptoms in Children with ADHD: A Systematic Review and Meta-Analysis of Randomized Trials,Brain Sciences,"13(9), 1304",Systematic review and meta-analysis of randomized trials,Seven randomized trials; 104 children ages 5-15 with ADHD,10.3390/brainsci13091304,https://doi.org/10.3390/brainsci13091304,https://pmc.ncbi.nlm.nih.gov/articles/PMC10526204/,Yes - open access,Rehosting permitted under Creative Commons terms with attribution,ADHD; Caffeine; Children; Randomized Trials; Meta-analysis; Attention; Hyperactivity; Impulsivity,05_2023_Perrotte_Caffeine-ADHD-Meta-Analysis.pdf
05-02,05. Scaffold 5 - Caffeine Titration,Final,,ADHD / Sustained Attention / Proof-of-Concept RCT,"Kahathuduwa, C. N.; Wakefield, S.; West, B. D.; Blume, J.; Dassanayake, T. L.; Weerasinghe, V. S.; Mastergeorge, A. M.; et al.",2020,Effects of l-theanine-caffeine combination on sustained attention and inhibitory control among children with ADHD: a proof-of-concept neuroimaging RCT,Scientific Reports,"10, 13072",Randomized repeated-measures crossover proof-of-concept trial,Five boys ages 8-15 with ADHD,10.1038/s41598-020-70037-7,https://doi.org/10.1038/s41598-020-70037-7,https://pmc.ncbi.nlm.nih.gov/articles/PMC7403383/,Yes - open access,Rehosting permitted under CC BY 4.0 with attribution and license terms,ADHD; Caffeine; L-Theanine; Sustained Attention; Inhibitory Control; Children; Crossover RCT,05_2020_Kahathuduwa_L-Theanine-Caffeine-ADHD-RCT.pdf
05-03,05. Scaffold 5 - Caffeine Titration,Final,,ADHD / Caffeine Use / Self-Medication,"Ágoston, C.; Urbán, R.; Horváth, Z.; van den Brink, W.; Demetrovics, Z.",2022,Self-Medication of ADHD Symptoms: Does Caffeine Have a Role?,Frontiers in Psychiatry,"13, 813545",Cross-sectional population study,"2,259 adults from the general population",10.3389/fpsyt.2022.813545,https://doi.org/10.3389/fpsyt.2022.813545,https://pmc.ncbi.nlm.nih.gov/articles/PMC8850715/,Yes - open access,Rehosting permitted under CC BY with attribution,ADHD; Adults; Caffeine; Self-Medication; Caffeine Use Disorder; Well-Being; Cross-Sectional,05_2022_Agoston_ADHD-Caffeine-Self-Medication.pdf
05-04,05. Scaffold 5 - Caffeine Titration,Final,,Attention / Dose-Response / Meta-analysis,"Kløve, K.; Petersen, A.",2025,A systematic review and meta-analysis of the acute effect of caffeine on attention,Psychopharmacology,"242, 1909-1930","Systematic review, meta-analysis, and meta-regression","31 randomized double-blind placebo-controlled trials; 1,455 rested healthy adults",10.1007/s00213-025-06775-1,https://doi.org/10.1007/s00213-025-06775-1,https://link.springer.com/article/10.1007/s00213-025-06775-1,Publisher access,Link only - publisher license,Caffeine; Attention; Dose Response; Reaction Time; Accuracy; Meta-analysis; Adults,05_2025_Klove_Caffeine-Attention-Dose-Response-Meta-Analysis.pdf
05-05,05. Scaffold 5 - Caffeine Titration,Final,,Pharmacokinetics / Half-Life / Individual Variability,"Grzegorzewski, J.; Bartsch, F.; Köller, A.; König, M.",2022,Pharmacokinetics of Caffeine: A Systematic Analysis of Reported Data for Application in Metabolic Phenotyping and Liver Function Testing,Frontiers in Pharmacology,"12, 752826",Systematic analysis of pharmacokinetic literature,"141 publications; 4,714 adults across 500 study groups",10.3389/fphar.2021.752826,https://doi.org/10.3389/fphar.2021.752826,https://pmc.ncbi.nlm.nih.gov/articles/PMC8914174/,Yes - open access,Rehosting permitted under Frontiers CC BY terms with attribution,Caffeine; Pharmacokinetics; CYP1A2; Half-Life; Drug Interactions; Smoking; Oral Contraceptives; Adults,05_2022_Grzegorzewski_Caffeine-Pharmacokinetics.pdf
05-06,05. Scaffold 5 - Caffeine Titration,Final,,Dose / Pharmacokinetics / Adverse Effects,"Kaplan, G. B.; Greenblatt, D. J.; Ehrenberg, B. L.; Goddard, J. E.; Cotreau, M. M.; Harmatz, J. S.; Shader, R. I.",1997,Dose-dependent pharmacokinetics and psychomotor effects of caffeine in humans,Journal of Clinical Pharmacology,"37(8), 693-703",Randomized double-blind crossover clinical trial,"12 healthy adults receiving placebo, 250 mg caffeine, and 500 mg caffeine",10.1002/j.1552-4604.1997.tb04356.x,https://doi.org/10.1002/j.1552-4604.1997.tb04356.x,https://pubmed.ncbi.nlm.nih.gov/9378841/,Free access on publisher site,Link only unless reuse license is independently verified,Caffeine; Dose Response; Pharmacokinetics; Anxiety; Palpitations; Psychomotor Effects; Adults; Crossover Trial,05_1997_Kaplan_Caffeine-Dose-Pharmacokinetics.pdf
05-07,05. Scaffold 5 - Caffeine Titration,Final,,Timing / Sleep / Meta-analysis,"Gardiner, C.; Weakley, J.; Burke, L. M.; Roach, G. D.; Sargent, C.; Maniar, N.; Townshend, A.; Halson, S. L.",2023,The effect of caffeine on subsequent sleep: A systematic review and meta-analysis,Sleep Medicine Reviews,"69, 101764",Systematic review and meta-analysis,"24 controlled studies examining caffeine dose, timing, and subsequent nighttime sleep",10.1016/j.smrv.2023.101764,https://doi.org/10.1016/j.smrv.2023.101764,https://www.sciencedirect.com/science/article/pii/S1087079223000205,Yes - open access,Open access under a Creative Commons license - verify exact license terms before local rehosting,Caffeine; Sleep; Timing; Dose; Sleep Hygiene; Meta-analysis; Adults,05_2023_Gardiner_Caffeine-Timing-Sleep-Meta-Analysis.pdf
05-08,05. Scaffold 5 - Caffeine Titration,Final,,Timing / Sleep / RCT,"Drake, C.; Roehrs, T.; Shambroom, J.; Roth, T.",2013,"Caffeine effects on sleep taken 0, 3, or 6 hours before going to bed",Journal of Clinical Sleep Medicine,"9(11), 1195-1200",Randomized controlled trial,"12 healthy adult normal sleepers; 400 mg caffeine at 0, 3, or 6 hours before bedtime versus placebo",10.5664/jcsm.3170,https://doi.org/10.5664/jcsm.3170,https://pmc.ncbi.nlm.nih.gov/articles/PMC3805807/,Yes - free full text / PMC,Link only until reuse license is independently verified,Caffeine; Sleep; Timing; 400 mg; Sleep Hygiene; Adults; RCT,05_2013_Drake_Caffeine-Sleep-Timing-RCT.pdf
05-09,05. Scaffold 5 - Caffeine Titration,Final,,Withdrawal / Critical Review,"Juliano, L. M.; Griffiths, R. R.",2004,"A critical review of caffeine withdrawal: empirical validation of symptoms and signs, incidence, severity, and associated features",Psychopharmacology,"176(1), 1-29",Critical review of controlled experimental literature,Human caffeine withdrawal studies and experimental evidence,10.1007/s00213-004-2000-x,https://doi.org/10.1007/s00213-004-2000-x,https://pubmed.ncbi.nlm.nih.gov/15448977/,Publisher access,Link only - Springer copyright,Caffeine; Withdrawal; Dependence; Headache; Fatigue; Tapering; Review,05_2004_Juliano_Caffeine-Withdrawal-Critical-Review.pdf
05-10,05. Scaffold 5 - Caffeine Titration,Final,,Safety / Dose Thresholds / Systematic Review,"Wikoff, D.; Welsh, B. T.; Henderson, R.; Brorby, G. P.; Britt, J.; Myers, E.; Goldberger, J.; Lieberman, H. R.; O'Brien, C.; Peck, J.; Tenenbein, M.; Weaver, C.; Harvey, S.; Urban, J.; Doepker, C.",2017,"Systematic review of the potential adverse effects of caffeine consumption in healthy adults, pregnant women, adolescents, and children",Food and Chemical Toxicology,"109(Pt 1), 585-648",Systematic review,"381 included publications across healthy adults, pregnant women, adolescents, and children",10.1016/j.fct.2017.04.002,https://doi.org/10.1016/j.fct.2017.04.002,https://pubmed.ncbi.nlm.nih.gov/28438661/,Free article / publisher access,Link only unless reuse license is independently verified,Caffeine; Safety; Dose; Adults; Adolescents; Children; Adverse Effects; Systematic Review,05_2017_Wikoff_Caffeine-Safety-Systematic-Review.pdf
05-11,05. Scaffold 5 - Caffeine Titration,Final,,Dependence / Caffeine Use Disorder / Review,"Meredith, S. E.; Juliano, L. M.; Hughes, J. R.; Griffiths, R. R.",2013,Caffeine Use Disorder: A Comprehensive Review and Research Agenda,Journal of Caffeine Research,"3(3), 114-130",Comprehensive peer-reviewed review,"Human laboratory, clinical, and epidemiologic literature on caffeine dependence and caffeine use disorder",10.1089/jcr.2013.0016,https://doi.org/10.1089/jcr.2013.0016,https://pmc.ncbi.nlm.nih.gov/articles/PMC3777290/,Yes - free PMC article,Link only - publisher copyright / rehosting rights not independently cleared,Caffeine; Dependence; Caffeine Use Disorder; Withdrawal; Tolerance; Review,05_2013_Meredith_Caffeine-Use-Disorder-Review.pdf
05-P1-01,05. Scaffold 5 - Caffeine Titration,Candidate,Pass 1,ADHD / Caffeine Efficacy / Meta-analysis,"Perrotte, G.; Moreira, M. M. G.; de Vargas Junior, A.; Teixeira Filho, A.; Castaldelli-Maia, J. M.",2023,Effects of Caffeine on Main Symptoms in Children with ADHD: A Systematic Review and Meta-Analysis of Randomized Trials,Brain Sciences,"13(9), 1304",Systematic review and meta-analysis of randomized controlled trials,Seven randomized trials; 104 children ages 5-15 with ADHD,10.3390/brainsci13091304,https://doi.org/10.3390/brainsci13091304,https://pmc.ncbi.nlm.nih.gov/articles/PMC10526204/,Yes - open access,Rehosting permitted under MDPI Creative Commons terms with attribution,ADHD; Caffeine; Children; Randomized Trials; Meta-analysis; Attention; Hyperactivity; Impulsivity,05_2023_Perrotte_Caffeine-ADHD-Meta-Analysis.pdf
05-P1-02,05. Scaffold 5 - Caffeine Titration,Candidate,Pass 1,ADHD / Caffeine / Clinical Review,"Ioannidis, K.; Chamberlain, S. R.; Müller, U.",2014,Ostracising caffeine from the pharmacological arsenal for attention-deficit hyperactivity disorder--was this a correct decision? A literature review,Journal of Psychopharmacology,"28(9), 830-836",Peer-reviewed literature review,"Human and translational literature on caffeine, cognition, and ADHD",10.1177/0269881114541014,https://doi.org/10.1177/0269881114541014,https://pubmed.ncbi.nlm.nih.gov/24989644/,Publisher access,Link only - SAGE copyright,ADHD; Caffeine; Adenosine; Cognition; Methylphenidate; Review,05_2014_Ioannidis_Caffeine-ADHD-Literature-Review.pdf
05-P1-03,05. Scaffold 5 - Caffeine Titration,Candidate,Pass 1,ADHD / Sustained Attention / Proof-of-Concept RCT,"Kahathuduwa, C. N.; Wakefield, S.; West, B. D.; Blume, J.; Dassanayake, T. L.; Weerasinghe, V. S.; Mastergeorge, A. M.; et al.",2020,Effects of l-theanine-caffeine combination on sustained attention and inhibitory control among children with ADHD: a proof-of-concept neuroimaging RCT,Scientific Reports,"10, 13072",Randomized four-way repeated-measures crossover proof-of-concept trial,Five boys ages 8-15 with ADHD,10.1038/s41598-020-70037-7,https://doi.org/10.1038/s41598-020-70037-7,https://pmc.ncbi.nlm.nih.gov/articles/PMC7403383/,Yes - open access,Rehosting permitted under CC BY 4.0 with attribution and license terms,ADHD; Caffeine; L-Theanine; Sustained Attention; Inhibitory Control; Children; Crossover RCT,05_2020_Kahathuduwa_L-Theanine-Caffeine-ADHD-RCT.pdf
05-P1-04,05. Scaffold 5 - Caffeine Titration,Candidate,Pass 1,ADHD / Caffeine Use / Self-Medication,"Ágoston, C.; Urbán, R.; Horváth, Z.; van den Brink, W.; Demetrovics, Z.",2022,Self-Medication of ADHD Symptoms: Does Caffeine Have a Role?,Frontiers in Psychiatry,"13, 813545",Cross-sectional population study,"2,259 adults from the general population; ADHD symptoms, caffeine consumption, caffeine-use-disorder symptoms, and well-being",10.3389/fpsyt.2022.813545,https://doi.org/10.3389/fpsyt.2022.813545,https://pmc.ncbi.nlm.nih.gov/articles/PMC8850715/,Yes - open access,Rehosting permitted under CC BY with attribution,ADHD; Adults; Caffeine; Self-Medication; Caffeine Use Disorder; Well-Being; Cross-Sectional,05_2022_Agoston_ADHD-Caffeine-Self-Medication.pdf
05-P1-05,05. Scaffold 5 - Caffeine Titration,Candidate,Pass 1,Attention / Dose-Response / Meta-analysis,"Kløve, K.; Petersen, A.",2025,A systematic review and meta-analysis of the acute effect of caffeine on attention,Psychopharmacology,"242(9), 1909-1930","Systematic review, meta-analysis, and meta-regression","31 randomized double-blind placebo-controlled trials; 1,455 rested healthy adults",10.1007/s00213-025-06775-1,https://doi.org/10.1007/s00213-025-06775-1,https://link.springer.com/article/10.1007/s00213-025-06775-1,Publisher access,Link only - Springer exclusive license,Caffeine; Attention; Dose Response; Reaction Time; Accuracy; Meta-analysis; Adults,05_2025_Klove_Caffeine-Attention-Dose-Response-Meta-Analysis.pdf
05-P1-06,05. Scaffold 5 - Caffeine Titration,Candidate,Pass 1,Pharmacokinetics / Half-Life / Individual Variability,"Grzegorzewski, J.; Bartsch, F.; Köller, A.; König, M.",2022,Pharmacokinetics of Caffeine: A Systematic Analysis of Reported Data for Application in Metabolic Phenotyping and Liver Function Testing,Frontiers in Pharmacology,"12, 752826",Systematic analysis of pharmacokinetic literature,"141 publications; 4,714 adults across 500 study groups",10.3389/fphar.2021.752826,https://doi.org/10.3389/fphar.2021.752826,https://pmc.ncbi.nlm.nih.gov/articles/PMC8914174/,Yes - open access,Rehosting permitted under Frontiers CC BY terms with attribution,Caffeine; Pharmacokinetics; CYP1A2; Half-Life; Drug Interactions; Smoking; Oral Contraceptives; Adults,05_2022_Grzegorzewski_Caffeine-Pharmacokinetics.pdf
05-P1-07,05. Scaffold 5 - Caffeine Titration,Candidate,Pass 1,Timing / Sleep / Meta-analysis,"Gardiner, C.; Weakley, J.; Burke, L. M.; Roach, G. D.; Sargent, C.; Maniar, N.; Townshend, A.; Halson, S. L.",2023,The effect of caffeine on subsequent sleep: A systematic review and meta-analysis,Sleep Medicine Reviews,"69, 101764",Systematic review and meta-analysis,"24 controlled studies examining caffeine dose, timing, and subsequent nighttime sleep",10.1016/j.smrv.2023.101764,https://doi.org/10.1016/j.smrv.2023.101764,https://www.sciencedirect.com/science/article/pii/S1087079223000205,Yes - open access,Open access under a Creative Commons license - verify exact license terms before local rehosting,Caffeine; Sleep; Timing; Dose; Sleep Hygiene; Meta-analysis; Adults,05_2023_Gardiner_Caffeine-Timing-Sleep-Meta-Analysis.pdf
05-P1-08,05. Scaffold 5 - Caffeine Titration,Candidate,Pass 1,Timing / Sleep / RCT,"Drake, C.; Roehrs, T.; Shambroom, J.; Roth, T.",2013,"Caffeine effects on sleep taken 0, 3, or 6 hours before going to bed",Journal of Clinical Sleep Medicine,"9(11), 1195-1200",Randomized controlled trial,"Healthy adults; 400 mg caffeine administered at bedtime, 3 hours before bedtime, or 6 hours before bedtime versus placebo",10.5664/jcsm.3170,https://doi.org/10.5664/jcsm.3170,https://pmc.ncbi.nlm.nih.gov/articles/PMC3805807/,Yes - free full text / PMC,Link only until reuse license is independently verified,Caffeine; Sleep; Timing; 400 mg; Sleep Hygiene; Adults; RCT,05_2013_Drake_Caffeine-Sleep-Timing-RCT.pdf
05-P1-09,05. Scaffold 5 - Caffeine Titration,Candidate,Pass 1,Withdrawal / Critical Review,"Juliano, L. M.; Griffiths, R. R.",2004,"A critical review of caffeine withdrawal: empirical validation of symptoms and signs, incidence, severity, and associated features",Psychopharmacology,"176(1), 1-29",Critical review of controlled experimental literature,Human caffeine withdrawal studies and experimental evidence,10.1007/s00213-004-2000-x,https://doi.org/10.1007/s00213-004-2000-x,https://pubmed.ncbi.nlm.nih.gov/15448977/,Publisher access,Link only - Springer copyright,Caffeine; Withdrawal; Dependence; Headache; Fatigue; Tapering; Review,05_2004_Juliano_Caffeine-Withdrawal-Critical-Review.pdf
05-P1-10,05. Scaffold 5 - Caffeine Titration,Candidate,Pass 1,Tolerance / Repeated Use,"Evans, S. M.; Griffiths, R. R.",1992,Caffeine tolerance and choice in humans,Psychopharmacology,"108(1-2), 51-59",Controlled repeated-dosing study,32 healthy adults with histories of moderate caffeine consumption,10.1007/BF02245285,https://doi.org/10.1007/BF02245285,https://pubmed.ncbi.nlm.nih.gov/1410146/,Publisher access,Link only - Springer copyright,Caffeine; Tolerance; Repeated Dosing; Dependence; Subjective Effects; Adults,05_1992_Evans_Caffeine-Tolerance-Humans.pdf
05-P1-11,05. Scaffold 5 - Caffeine Titration,Candidate,Pass 1,Dose / Pharmacokinetics / Adverse Effects,"Kaplan, G. B.; Greenblatt, D. J.; Ehrenberg, B. L.; Goddard, J. E.; Cotreau, M. M.; Harmatz, J. S.; Shader, R. I.",1997,Dose-dependent pharmacokinetics and psychomotor effects of caffeine in humans,Journal of Clinical Pharmacology,"37(8), 693-703",Randomized double-blind crossover clinical trial,"12 healthy adults receiving placebo, 250 mg caffeine, and 500 mg caffeine",10.1002/j.1552-4604.1997.tb04356.x,https://doi.org/10.1002/j.1552-4604.1997.tb04356.x,https://pubmed.ncbi.nlm.nih.gov/9378841/,Publisher access,Link only - Wiley copyright,Caffeine; Dose Response; Pharmacokinetics; Anxiety; Palpitations; Psychomotor Effects; Adults; Crossover Trial,05_1997_Kaplan_Caffeine-Dose-Pharmacokinetics.pdf
05-P1-12,05. Scaffold 5 - Caffeine Titration,Candidate,Pass 1,Repeated Dosing / Vigilance / Alertness,"Hewlett, P.; Smith, A.",2007,Effects of repeated doses of caffeine on performance and alertness: new data and secondary analyses,Human Psychopharmacology: Clinical and Experimental,"22(6), 339-350",Controlled repeated-dose experimental study with secondary analyses,120 adult volunteers; regular caffeine consumers and non-consumers,10.1002/hup.854,https://doi.org/10.1002/hup.854,https://pubmed.ncbi.nlm.nih.gov/17514640/,Publisher access,Link only - Wiley copyright,Caffeine; Repeated Dosing; Vigilance; Alertness; Withdrawal; Performance; Adults,05_2007_Hewlett_Repeated-Caffeine-Doses-Alertness.pdf
05-P1-13,05. Scaffold 5 - Caffeine Titration,Candidate,Pass 1,Safety / Dose Thresholds / Systematic Review,"Wikoff, D.; Welsh, B. T.; Henderson, R.; Brorby, G. P.; Britt, J.; Myers, E.; Goldberger, J.; Lieberman, H. R.; O'Brien, C.; Peck, J.; Tenenbein, M.; Weaver, C.; Harvey, S.; Urban, J.; Doepker, C.",2017,"Systematic review of the potential adverse effects of caffeine consumption in healthy adults, pregnant women, adolescents, and children",Food and Chemical Toxicology,"109(Pt 1), 585-648",Systematic review,"381 included publications across healthy adults, pregnant women, adolescents, and children",10.1016/j.fct.2017.04.002,https://doi.org/10.1016/j.fct.2017.04.002,https://pubmed.ncbi.nlm.nih.gov/28438661/,Free article / publisher manuscript access,Link only unless reuse license is independently verified,Caffeine; Safety; Dose; Adults; Adolescents; Children; Adverse Effects; Systematic Review,05_2017_Wikoff_Caffeine-Safety-Systematic-Review.pdf
05-P1-14,05. Scaffold 5 - Caffeine Titration,Candidate,Pass 1,Dependence / Caffeine Use Disorder / Review,"Meredith, S. E.; Juliano, L. M.; Hughes, J. R.; Griffiths, R. R.",2013,Caffeine Use Disorder: A Comprehensive Review and Research Agenda,Journal of Caffeine Research,"3(3), 114-130",Comprehensive peer-reviewed review,"Human laboratory, clinical, and epidemiologic literature on caffeine dependence and caffeine use disorder",10.1089/jcr.2013.0016,https://doi.org/10.1089/jcr.2013.0016,https://pmc.ncbi.nlm.nih.gov/articles/PMC3777290/,Yes - free PMC article,Link only - rehosting rights not independently cleared,Caffeine; Dependence; Caffeine Use Disorder; Withdrawal; Tolerance; Review,05_2013_Meredith_Caffeine-Use-Disorder-Review.pdf
05-P1-15,05. Scaffold 5 - Caffeine Titration,Candidate,Pass 1,Psychiatric Effects / Anxiety / Sleep / Review,"Broderick, P.; Benjamin, A. B.",2004,Caffeine and psychiatric symptoms: a review,Journal of the Oklahoma State Medical Association,"97(12), 538-542",Peer-reviewed clinical review,"Human literature on caffeine-related anxiety, mood, psychosis, sleep, and ADHD symptoms",,,https://pubmed.ncbi.nlm.nih.gov/15732884/,Abstract / library access,Link only - no verified redistribution rights,Caffeine; Anxiety; Sleep; Psychiatric Symptoms; ADHD; Clinical Review,05_2004_Broderick_Caffeine-Psychiatric-Symptoms-Review.pdf
06-01,06. Scaffold 6 - Journaling & Writing: The Personal Inventory,Final,,Journaling / Mental Health / Meta-analysis,"Sohal, M.; Singh, P.; Dhillon, B. S.; Gill, H. S.",2022,Efficacy of journaling in the management of mental illness: a systematic review and meta-analysis,Family Medicine and Community Health,"10(1), e001154",Systematic review and meta-analysis,"20 peer-reviewed randomized controlled trials examining journaling interventions for PTSD, anxiety, depression, or mixed mental-health outcomes",10.1136/fmch-2021-001154,https://doi.org/10.1136/fmch-2021-001154,https://pmc.ncbi.nlm.nih.gov/articles/PMC8935176/,Yes - open access,Link only for a public commercial website unless noncommercial reuse conditions are satisfied; CC BY-NC 4.0,Journaling; Expressive Writing; Mental Health; Anxiety; Depression; PTSD; Meta-analysis; Self-Reflection,06_2022_Sohal_Journaling-Mental-Health-Meta-Analysis.pdf
06-02,06. Scaffold 6 - Journaling & Writing: The Personal Inventory,Final,,ADHD / Self-Monitoring / College Students,"Scheithauer, M. C.; Kelley, M. L.",2017,Self-Monitoring by College Students With ADHD: The Impact on Academic Performance,Journal of Attention Disorders,"21(12), 1030-1039",Randomized controlled intervention study,53 college students with ADHD recruited; 41 completed the study,10.1177/1087054714553050,https://doi.org/10.1177/1087054714553050,https://pubmed.ncbi.nlm.nih.gov/25319163/,Publisher access,Link only - SAGE copyright,ADHD; Self-Monitoring; College Students; Goal Setting; Academic Performance; Daily Tracking,06_2017_Scheithauer_ADHD-Self-Monitoring-College.pdf
06-03,06. Scaffold 6 - Journaling & Writing: The Personal Inventory,Final,,ADHD / Self-Monitoring / Academic Behavior,"Rafferty, L. A.; Arroyo, J.; Ginnane, S.; Wilczynski, K.",2011,Self-Monitoring During Spelling Practice: Effects on Spelling Accuracy and On-Task Behavior of Three Students Diagnosed With Attention Deficit Hyperactivity Disorder,Behavior Analysis in Practice,"4(1), 37-45",Multiple-baseline single-case intervention study,Three fifth-grade students diagnosed with ADHD,10.1007/BF03391773,https://doi.org/10.1007/BF03391773,https://pmc.ncbi.nlm.nih.gov/articles/PMC3196204/,Yes - PMC,Link only - redistribution rights not independently cleared,ADHD; Self-Monitoring; Self-Regulation; On-Task Behavior; Academic Performance; Children,06_2011_Rafferty_ADHD-Self-Monitoring-Spelling.pdf
06-04,06. Scaffold 6 - Journaling & Writing: The Personal Inventory,Final,,ADHD Symptoms / Self-Monitoring / School,"Sluiter, M. N.; Groen, Y.; de Jonge, P.; Tucha, O.",2020,Exploring neuropsychological effects of a self-monitoring intervention for ADHD-symptoms in school,Applied Neuropsychology: Child,"9(3), 246-258",School-based self-monitoring intervention study,Seven boys ages 9-12 in special-needs education with ADHD symptoms,10.1080/21622965.2019.1575218,https://doi.org/10.1080/21622965.2019.1575218,https://pubmed.ncbi.nlm.nih.gov/30889976/,Full-text access varies by publisher/repository,Link only unless an explicit reuse license is verified,ADHD; Self-Monitoring; School; Attention; On-Task Behavior; Children; Self-Regulation,06_2020_Sluiter_Self-Monitoring-ADHD-School.pdf
06-05,06. Scaffold 6 - Journaling & Writing: The Personal Inventory,Final,,ADHD / Repeated Self-Monitoring / EMA,"Kennedy, T. M.; Molina, B. S. G.; Pedersen, S. L.",2024,Change in Adolescents' Perceived ADHD Symptoms Across 17 Days of Ecological Momentary Assessment,Journal of Clinical Child & Adolescent Psychology,"53(3), 397-412",Ecological momentary assessment longitudinal study,90 adolescents treated for ADHD; four self-ratings daily for 17 days,10.1080/15374416.2022.2096043,https://doi.org/10.1080/15374416.2022.2096043,https://pmc.ncbi.nlm.nih.gov/articles/PMC9877248/,Yes - PMC author manuscript,Link only - rehosting rights not independently cleared,ADHD; Adolescents; Self-Monitoring; Ecological Momentary Assessment; Daily Tracking; Symptoms,06_2024_Kennedy_ADHD-EMA-Self-Monitoring.pdf
06-06,06. Scaffold 6 - Journaling & Writing: The Personal Inventory,Final,,ADHD / Mood Tracking / EMA,"Rosen, P. J.; Epstein, J. N.; Van Orden, G.",2013,I know it when I quantify it: ecological momentary assessment and recurrence quantification analysis of emotion dysregulation in children with ADHD,Attention Deficit and Hyperactivity Disorders,"5(3), 283-294",Ecological momentary assessment validation study,Two studies examining repeated mood ratings in children with ADHD ages 8-11,10.1007/s12402-013-0101-2,https://doi.org/10.1007/s12402-013-0101-2,https://pmc.ncbi.nlm.nih.gov/articles/PMC3714339/,Yes - PMC author manuscript,Link only - rehosting rights not independently cleared,ADHD; Emotion Dysregulation; Mood Tracking; Daily Diary; EMA; Children; Self-Monitoring,06_2013_Rosen_ADHD-Emotion-Monitoring-EMA.pdf
06-07,06. Scaffold 6 - Journaling & Writing: The Personal Inventory,Final,,ADHD / Emotion Tracking / Adults,"Murray, A. L.; Wong, S.-C.; Obsuth, I.; Rhodes, S.; Eisner, M.; Ribeaud, D.",2021,An ecological momentary assessment study of the role of emotional dysregulation in co-occurring ADHD and internalising symptoms in adulthood,Journal of Affective Disorders,"281, 708-713",Ecological momentary assessment cohort study,260 emerging adults from a longitudinal cohort; affect assessed in near real time across 14 days,10.1016/j.jad.2020.11.086,https://doi.org/10.1016/j.jad.2020.11.086,https://pubmed.ncbi.nlm.nih.gov/33234281/,Publisher/repository access,Link only - Elsevier copyright,ADHD; Adults; Emotion Dysregulation; Daily Diary; EMA; Internalizing Symptoms; Self-Monitoring,06_2021_Murray_ADHD-Emotion-Dysregulation-EMA.pdf
06-08,06. Scaffold 6 - Journaling & Writing: The Personal Inventory,Final,,ADHD / Ecological Momentary Assessment / Systematic Review,"Poetar, C.-R.; Nistor, A.",2026,Ecological Momentary Assessment of Emotion Dysregulation in Attention-Deficit/ Hyperactivity Disorder: A Systematic Review,Psychiatric Quarterly,Online ahead of print,Systematic review,"33 EMA studies with approximately 2,678 participants",10.1007/s11126-026-10291-6,https://doi.org/10.1007/s11126-026-10291-6,https://pubmed.ncbi.nlm.nih.gov/42126465/,Open-access article available from publisher,Rehosting permitted under CC BY 4.0 with attribution and license terms,ADHD; Ecological Momentary Assessment; Emotion Dysregulation; Daily Tracking; Systematic Review; Open Access,06_2026_Poetar_Nistor_ADHD-EMA-Systematic-Review.pdf
06-09,06. Scaffold 6 - Journaling & Writing: The Personal Inventory,Final,,Expressive Writing / Working Memory,"Klein, K.; Boals, A.",2001,Expressive writing can increase working memory capacity,Journal of Experimental Psychology: General,"130(3), 520-533",Randomized controlled experiments,Two semester-long experiments with college students,10.1037/0096-3445.130.3.520,https://doi.org/10.1037/0096-3445.130.3.520,https://pubmed.ncbi.nlm.nih.gov/11561925/,Publisher/author access,Link only - APA copyright,Expressive Writing; Working Memory; Intrusive Thoughts; College Students; Randomized Trial; Cognition,06_2001_Klein_Boals_Expressive-Writing-Working-Memory.pdf
06-10,06. Scaffold 6 - Journaling & Writing: The Personal Inventory,Final,,Expressive Writing / Anxiety Depression Stress / Meta-analysis,"Guo, L.",2023,"The delayed, durable effect of expressive writing on depression, anxiety and stress: A meta-analytic review of studies with long-term follow-ups",British Journal of Clinical Psychology,"62(1), 272-297",Meta-analysis of randomized controlled studies,"31 experimental studies with 4,012 participants and follow-up assessments",10.1111/bjc.12408,https://doi.org/10.1111/bjc.12408,https://pubmed.ncbi.nlm.nih.gov/36536513/,Publisher access,Link only - British Psychological Society/Wiley copyright,Expressive Writing; Depression; Anxiety; Stress; Meta-analysis; Follow-Up; Journaling,06_2023_Guo_Expressive-Writing-Long-Term-Meta-Analysis.pdf
06-11,06. Scaffold 6 - Journaling & Writing: The Personal Inventory,Final,,Positive Affect Journaling / Self-Regulation / RCT,"Smyth, J. M.; Johnson, J. A.; Auer, B. J.; Lehman, E.; Talamo, G.; Sciamanna, C. N.",2018,Online Positive Affect Journaling in the Improvement of Mental Distress and Well-Being in General Medical Patients With Elevated Anxiety Symptoms: A Preliminary Randomized Controlled Trial,JMIR Mental Health,"5(4), e11290",Randomized controlled trial,70 adults with medical conditions and elevated anxiety symptoms,10.2196/11290,https://doi.org/10.2196/11290,https://pmc.ncbi.nlm.nih.gov/articles/PMC6305886/,Yes - open access,Rehosting permitted under CC BY 4.0 with attribution and license terms,Journaling; Positive Affect; Self-Regulation; Anxiety; Adults; Online Intervention; RCT; Open Access,06_2018_Smyth_Positive-Affect-Journaling-RCT.pdf
06-P1-01,06. Scaffold 6 - Journaling & Writing: The Personal Inventory,Candidate,Pass 1,Journaling / Mental Health / Meta-analysis,"Sohal, M.; Singh, P.; Dhillon, B. S.; Gill, H. S.",2022,Efficacy of journaling in the management of mental illness: a systematic review and meta-analysis,Family Medicine and Community Health,"10(1), e001154",Systematic review and meta-analysis,"20 peer-reviewed randomized controlled trials examining journaling interventions for PTSD, anxiety, depression, or mixed mental-health outcomes",10.1136/fmch-2021-001154,https://doi.org/10.1136/fmch-2021-001154,https://pmc.ncbi.nlm.nih.gov/articles/PMC8935176/,Yes - open access,Link only for a public commercial website unless noncommercial reuse conditions are satisfied; CC BY-NC 4.0,Journaling; Expressive Writing; Mental Health; Anxiety; Depression; PTSD; Meta-analysis; Self-Reflection,06_2022_Sohal_Journaling-Mental-Health-Meta-Analysis.pdf
06-P1-02,06. Scaffold 6 - Journaling & Writing: The Personal Inventory,Candidate,Pass 1,ADHD / Self-Monitoring / College Students,"Scheithauer, M. C.; Kelley, M. L.",2017,Self-Monitoring by College Students With ADHD: The Impact on Academic Performance,Journal of Attention Disorders,"21(12), 1030-1039",Randomized controlled intervention study,53 college students with ADHD recruited; 41 completed the study,10.1177/1087054714553050,https://doi.org/10.1177/1087054714553050,https://pubmed.ncbi.nlm.nih.gov/25319163/,Publisher access,Link only - SAGE copyright,ADHD; Self-Monitoring; College Students; Goal Setting; Academic Performance; Daily Tracking,06_2017_Scheithauer_ADHD-Self-Monitoring-College.pdf
06-P1-03,06. Scaffold 6 - Journaling & Writing: The Personal Inventory,Candidate,Pass 1,ADHD / Self-Monitoring / Academic Behavior,"Rafferty, L. A.; Arroyo, J.; Ginnane, S.; Wilczynski, K.",2011,Self-Monitoring During Spelling Practice: Effects on Spelling Accuracy and On-Task Behavior of Three Students Diagnosed With Attention Deficit Hyperactivity Disorder,Behavior Analysis in Practice,"4(1), 37-45",Multiple-baseline single-case intervention study,Three fifth-grade students diagnosed with ADHD,10.1007/BF03391773,https://doi.org/10.1007/BF03391773,https://pmc.ncbi.nlm.nih.gov/articles/PMC3196204/,Yes - PMC,Link only - redistribution rights not independently cleared,ADHD; Self-Monitoring; Self-Regulation; On-Task Behavior; Academic Performance; Children,06_2011_Rafferty_ADHD-Self-Monitoring-Spelling.pdf
06-P1-04,06. Scaffold 6 - Journaling & Writing: The Personal Inventory,Candidate,Pass 1,ADHD Symptoms / Self-Monitoring / School,"Sluiter, M. N.; Groen, Y.; de Jonge, P.; Tucha, O.",2020,Exploring neuropsychological effects of a self-monitoring intervention for ADHD-symptoms in school,Applied Neuropsychology: Child,"9(3), 246-258",School-based self-monitoring intervention study,Seven boys ages 9-12 in special-needs education with ADHD symptoms,10.1080/21622965.2019.1575218,https://doi.org/10.1080/21622965.2019.1575218,https://www.tandfonline.com/doi/full/10.1080/21622965.2019.1575218,Open-access full text,Open access; exact reuse license should be verified before local rehosting,ADHD; Self-Monitoring; School; Attention; On-Task Behavior; Children; Self-Regulation,06_2020_Sluiter_Self-Monitoring-ADHD-School.pdf
06-P1-05,06. Scaffold 6 - Journaling & Writing: The Personal Inventory,Candidate,Pass 1,ADHD / Digital Self-Monitoring / On-Task Behavior,"Wills, H. P.; Mason, B. A.",2014,Implementation of a Self-monitoring Application to Improve On-Task Behavior: A High-School Pilot Study,Journal of Behavioral Education,"23(4), 421-434",ABAB withdrawal-design pilot intervention,"Two high-school students, including one student with ADHD",10.1007/s10864-014-9204-x,https://doi.org/10.1007/s10864-014-9204-x,https://pmc.ncbi.nlm.nih.gov/articles/PMC4662407/,Yes - PMC author manuscript,Link only - rehosting rights not independently cleared,ADHD; Self-Monitoring; Digital Diary; Self-Management; On-Task Behavior; Adolescents,06_2014_Wills_Mason_Digital-Self-Monitoring.pdf
06-P1-06,06. Scaffold 6 - Journaling & Writing: The Personal Inventory,Candidate,Pass 1,ADHD / Repeated Self-Monitoring / EMA,"Kennedy, T. M.; Molina, B. S. G.; Pedersen, S. L.",2024,Change in Adolescents' Perceived ADHD Symptoms Across 17 Days of Ecological Momentary Assessment,Journal of Clinical Child & Adolescent Psychology,"53(3), 397-412",Ecological momentary assessment longitudinal study,90 adolescents treated for ADHD; four self-ratings daily for 17 days,10.1080/15374416.2022.2096043,https://doi.org/10.1080/15374416.2022.2096043,https://pmc.ncbi.nlm.nih.gov/articles/PMC9877248/,Yes - PMC author manuscript,Link only - rehosting rights not independently cleared,ADHD; Adolescents; Self-Monitoring; Ecological Momentary Assessment; Daily Tracking; Symptoms,06_2024_Kennedy_ADHD-EMA-Self-Monitoring.pdf
06-P1-07,06. Scaffold 6 - Journaling & Writing: The Personal Inventory,Candidate,Pass 1,ADHD / Mood Tracking / EMA,"Rosen, P. J.; Epstein, J. N.; Van Orden, G.",2013,I know it when I quantify it: ecological momentary assessment and recurrence quantification analysis of emotion dysregulation in children with ADHD,Attention Deficit and Hyperactivity Disorders,"5(3), 283-294",Ecological momentary assessment study,Two studies examining repeated mood ratings in children with ADHD and comparison samples,10.1007/s12402-013-0101-2,https://doi.org/10.1007/s12402-013-0101-2,https://pmc.ncbi.nlm.nih.gov/articles/PMC3714339/,Yes - PMC author manuscript,Link only - rehosting rights not independently cleared,ADHD; Emotion Dysregulation; Mood Tracking; Daily Diary; EMA; Children; Self-Monitoring,06_2013_Rosen_ADHD-Emotion-Monitoring-EMA.pdf
06-P1-08,06. Scaffold 6 - Journaling & Writing: The Personal Inventory,Candidate,Pass 1,ADHD / Electronic Diary / Contextual Triggers,"Whalen, C. K.; Henker, B.; Ishikawa, S. S.; Jamner, L. D.; Floro, J. N.; Johnston, J. A.; Swindle, R.",2006,"An electronic diary study of contextual triggers and ADHD: get ready, get set, get mad",Journal of the American Academy of Child & Adolescent Psychiatry,"45(2), 166-174",Electronic diary observational study,"27 children with ADHD and 25 comparison children ages 7-12, with repeated diary reports across seven days",10.1097/01.chi.0000189057.67902.10,https://doi.org/10.1097/01.chi.0000189057.67902.10,https://pubmed.ncbi.nlm.nih.gov/16429087/,Publisher access,Link only - publisher copyright,ADHD; Electronic Diary; Contextual Triggers; Mood; Parent-Child Interaction; Children; Daily Monitoring,06_2006_Whalen_Electronic-Diary-ADHD.pdf
06-P1-09,06. Scaffold 6 - Journaling & Writing: The Personal Inventory,Candidate,Pass 1,ADHD / Emotion Tracking / Adults,"Murray, A. L.; Wong, S.-C.; Obsuth, I.; Rhodes, S.; Eisner, M.; Ribeaud, D.",2021,An ecological momentary assessment study of the role of emotional dysregulation in co-occurring ADHD and internalising symptoms in adulthood,Journal of Affective Disorders,"281, 708-713",Ecological momentary assessment cohort study,Emerging adults from a longitudinal cohort; affect assessed four times daily for two weeks,10.1016/j.jad.2020.11.086,https://doi.org/10.1016/j.jad.2020.11.086,https://pubmed.ncbi.nlm.nih.gov/33234281/,Publisher/repository access,Link only - Elsevier copyright,ADHD; Adults; Emotion Dysregulation; Daily Diary; EMA; Internalizing Symptoms; Self-Monitoring,06_2021_Murray_ADHD-Emotion-Dysregulation-EMA.pdf
06-P1-10,06. Scaffold 6 - Journaling & Writing: The Personal Inventory,Candidate,Pass 1,ADHD / Ecological Momentary Assessment / Systematic Review,"Poetar, C.-R.; Nistor, A.",2026,Ecological Momentary Assessment of Emotion Dysregulation in Attention-Deficit/ Hyperactivity Disorder: A Systematic Review,Psychiatric Quarterly,Online ahead of print,Systematic review,"33 EMA studies with approximately 2,678 participants",10.1007/s11126-026-10291-6,https://doi.org/10.1007/s11126-026-10291-6,https://link.springer.com/article/10.1007/s11126-026-10291-6,Yes - open access,Rehosting permitted under CC BY 4.0 with attribution and license terms,ADHD; Ecological Momentary Assessment; Emotion Dysregulation; Daily Tracking; Systematic Review; Open Access,06_2026_Poetar_Nistor_ADHD-EMA-Systematic-Review.pdf
06-P1-11,06. Scaffold 6 - Journaling & Writing: The Personal Inventory,Candidate,Pass 1,Expressive Writing / Working Memory,"Klein, K.; Boals, A.",2001,Expressive writing can increase working memory capacity,Journal of Experimental Psychology: General,"130(3), 520-533",Randomized controlled experiments,Two semester-long experiments with college students,10.1037/0096-3445.130.3.520,https://doi.org/10.1037/0096-3445.130.3.520,https://pubmed.ncbi.nlm.nih.gov/11561925/,Publisher/author access,Link only - APA copyright,Expressive Writing; Working Memory; Intrusive Thoughts; College Students; Randomized Trial; Cognition,06_2001_Klein_Boals_Expressive-Writing-Working-Memory.pdf
06-P1-12,06. Scaffold 6 - Journaling & Writing: The Personal Inventory,Candidate,Pass 1,Expressive Writing / Anxiety Depression Stress / Meta-analysis,"Guo, L.",2023,"The delayed, durable effect of expressive writing on depression, anxiety and stress: A meta-analytic review of studies with long-term follow-ups",British Journal of Clinical Psychology,"62(1), 272-297",Meta-analysis of randomized controlled studies,"31 experimental studies with 4,012 participants and follow-up assessments",10.1111/bjc.12408,https://doi.org/10.1111/bjc.12408,https://pubmed.ncbi.nlm.nih.gov/36536513/,Publisher access,Link only - British Psychological Society/Wiley copyright,Expressive Writing; Depression; Anxiety; Stress; Meta-analysis; Follow-Up; Journaling,06_2023_Guo_Expressive-Writing-Long-Term-Meta-Analysis.pdf
06-P1-13,06. Scaffold 6 - Journaling & Writing: The Personal Inventory,Candidate,Pass 1,Expressive Writing / Performance Anxiety,"Ramirez, G.; Beilock, S. L.",2011,Writing about testing worries boosts exam performance in the classroom,Science,"331(6014), 211-213",Laboratory and randomized field experiments,Students completing high-pressure testing tasks and classroom examinations,10.1126/science.1199427,https://doi.org/10.1126/science.1199427,https://pubmed.ncbi.nlm.nih.gov/21233387/,Publisher access,Link only - AAAS copyright,Expressive Writing; Anxiety; Working Memory; Exam Performance; Students; Randomized Field Experiment,06_2011_Ramirez_Beilock_Writing-Test-Worries.pdf
06-P1-14,06. Scaffold 6 - Journaling & Writing: The Personal Inventory,Candidate,Pass 1,Positive Affect Journaling / Self-Regulation / RCT,"Smyth, J. M.; Johnson, J. A.; Auer, B. J.; Lehman, E.; Talamo, G.; Sciamanna, C. N.",2018,Online Positive Affect Journaling in the Improvement of Mental Distress and Well-Being in General Medical Patients With Elevated Anxiety Symptoms: A Preliminary Randomized Controlled Trial,JMIR Mental Health,"5(4), e11290",Randomized controlled trial,70 adults with medical conditions and elevated anxiety symptoms,10.2196/11290,https://doi.org/10.2196/11290,https://pmc.ncbi.nlm.nih.gov/articles/PMC6305886/,Yes - open access,Rehosting permitted under CC BY 4.0 with attribution and license terms,Journaling; Positive Affect; Self-Regulation; Anxiety; Adults; Online Intervention; RCT; Open Access,06_2018_Smyth_Positive-Affect-Journaling-RCT.pdf
06-P1-15,06. Scaffold 6 - Journaling & Writing: The Personal Inventory,Candidate,Pass 1,Expressive Writing / Health Outcomes / Meta-analysis,"Mogk, C.; Otte, S.; Reinhold-Hurley, B.; Kröner-Herwig, B.",2006,Health effects of expressive writing on stressful or traumatic experiences - a meta-analysis,Psychosocial Medicine,"3, Doc06",Meta-analysis of randomized controlled trials,42 eligible randomized trials; 30 studies contributed data to meta-analysis,,,https://pmc.ncbi.nlm.nih.gov/articles/PMC2736499/,Yes - open access,Link only for a public commercial website because the article carries noncommercial/no-derivatives reuse restrictions,Expressive Writing; Stress; Trauma; Health Outcomes; Meta-analysis; Randomized Trials; Evidence Limitations,06_2006_Mogk_Expressive-Writing-Health-Meta-Analysis.pdf
07-01,"07. Scaffold 7 - Somatic Work, Breathing & Body Awareness",Final,,Meditation-Based Therapies / Meta-analysis,"Zhang, J.; Díaz-Román, A.; Cortese, S.",2018,"Meditation-based therapies for attention-deficit/hyperactivity disorder in children, adolescents and adults: a systematic review and meta-analysis",Evidence-Based Mental Health,"21(3), 87-94",Systematic review and meta-analysis of randomized controlled trials,13 randomized controlled trials; 270 children/adolescents and 339 adults with ADHD,10.1136/ebmental-2018-300015,https://doi.org/10.1136/ebmental-2018-300015,https://pmc.ncbi.nlm.nih.gov/articles/PMC10270372/,Yes - PMC,Link only - commercial re-use restricted without permission,ADHD; Mindfulness; Meditation; Yoga; Breathing; Body Awareness; Meta-analysis; RCT,07_2018_Zhang_Meditation-Based-Therapies-ADHD-Meta-Analysis.pdf
07-02,"07. Scaffold 7 - Somatic Work, Breathing & Body Awareness",Final,,Mindfulness / Children and Adolescents / Meta-analysis,"Lee, Y.-C.; Chen, C.-R.; Lin, K.-C.",2022,Effects of Mindfulness-Based Interventions in Children and Adolescents with ADHD: A Systematic Review and Meta-Analysis of Randomized Controlled Trials,International Journal of Environmental Research and Public Health,"19(22), 15198",Systematic review and meta-analysis of randomized controlled trials,12 studies in systematic review; 11 studies included in meta-analysis,10.3390/ijerph192215198,https://doi.org/10.3390/ijerph192215198,https://pmc.ncbi.nlm.nih.gov/articles/PMC9690476/,Yes - open access,Rehosting permitted under Creative Commons terms with attribution,ADHD; Mindfulness; Children; Adolescents; Meditation; Meta-analysis; RCT,07_2022_Lee_Mindfulness-ADHD-Youth-Meta-Analysis.pdf
07-03,"07. Scaffold 7 - Somatic Work, Breathing & Body Awareness",Final,,Interoception / Systematic Review,"Bruton, A. M.; Levy, L.; Rai, N. K.; Colgan, D. D.; Johnstone, J. M.",2025,Diminished Interoceptive Accuracy in Attention-Deficit/Hyperactivity Disorder: A Systematic Review,Psychophysiology,"62(2), e14750",Systematic review,17 articles representing 18 studies of interoception and ADHD symptoms or diagnosis,10.1111/psyp.14750,https://doi.org/10.1111/psyp.14750,https://pmc.ncbi.nlm.nih.gov/articles/PMC11842156/,Yes - PMC author manuscript,Link only - publisher/author-manuscript reuse rights not independently cleared,ADHD; Interoception; Body Awareness; Self-Regulation; Emotional Dysregulation; Systematic Review,07_2025_Bruton_Interoception-ADHD-Systematic-Review.pdf
07-04,"07. Scaffold 7 - Somatic Work, Breathing & Body Awareness",Final,,Mindfulness-Based Cognitive Therapy / Adults / RCT,"Janssen, L.; Kan, C. C.; Carpentier, P. J.; Sizoo, B.; Hepark, S.; Schellekens, M. P. J.; Donders, A. R. T.; Buitelaar, J. K.; Speckens, A. E. M.",2019,"Mindfulness-based cognitive therapy v. treatment as usual in adults with ADHD: a multicentre, single-blind, randomised controlled trial",Psychological Medicine,"49(1), 55-65",Multicentre single-blind randomized controlled trial,120 adults with ADHD randomized to MBCT plus treatment as usual or treatment as usual,10.1017/S0033291718000429,https://doi.org/10.1017/S0033291718000429,https://pubmed.ncbi.nlm.nih.gov/29486807/,Publisher access,Link only - Cambridge University Press copyright,ADHD; Adults; Mindfulness; MBCT; Meditation; Self-Regulation; RCT,07_2019_Janssen_MBCT-Adult-ADHD-RCT.pdf
07-05,"07. Scaffold 7 - Somatic Work, Breathing & Body Awareness",Final,,Mindfulness vs Psychoeducation / Adults / RCT,"Hoxhaj, E.; Sadohara, C.; Borel, P.; D'Amelio, R.; Sobanski, E.; Müller, H.; Feige, B.; Matthies, S.; Philipsen, A.",2018,Mindfulness vs psychoeducation in adult ADHD: a randomized controlled trial,European Archives of Psychiatry and Clinical Neuroscience,"268(4), 321-335",Randomized controlled trial with active comparison,81 medication-free adults with ADHD randomized to mindfulness or structured psychoeducation,10.1007/s00406-018-0868-4,https://doi.org/10.1007/s00406-018-0868-4,https://pubmed.ncbi.nlm.nih.gov/29356899/,Publisher access,Link only - Springer copyright,ADHD; Adults; Mindfulness; Psychoeducation; Meditation; RCT,07_2018_Hoxhaj_Mindfulness-vs-Psychoeducation-Adult-ADHD.pdf
07-06,"07. Scaffold 7 - Somatic Work, Breathing & Body Awareness",Final,,Mindfulness / Children and Parents / RCT,"Valero, M.; Cebolla, A.; Colomer, C.",2022,Mindfulness Training for Children with ADHD and Their Parents: A Randomized Control Trial,Journal of Attention Disorders,"26(5), 755-766",Randomized controlled trial,30 children ages 9-14 with ADHD and their parents,10.1177/10870547211027636,https://doi.org/10.1177/10870547211027636,https://pubmed.ncbi.nlm.nih.gov/34189992/,Publisher access,Link only - SAGE copyright,ADHD; Children; Parents; Mindfulness; MYmind; Executive Function; RCT,07_2022_Valero_MYmind-Children-Parents-RCT.pdf
07-07,"07. Scaffold 7 - Somatic Work, Breathing & Body Awareness",Final,,Mindfulness vs Medication / Childhood ADHD / RCT,"Meppelink, R.; de Bruin, E. I.; Kosterman Zoller, B.; Oort, F. J.; Bögels, S. M.",2024,Child and Parent Mindfulness-Based Training Versus Medication for Childhood ADHD: A Randomised Clinical Trial,Mindfulness,"15, 295-309",Randomized clinical trial,Children with ADHD and their parents; family mindfulness-based training compared with medication treatment,10.1007/s12671-024-02305-w,https://doi.org/10.1007/s12671-024-02305-w,https://link.springer.com/article/10.1007/s12671-024-02305-w,Yes - open access,Open access - verify exact Creative Commons license before local rehosting,ADHD; Children; Parents; Mindfulness; Medication; MYmind; RCT,07_2024_Meppelink_Mindfulness-vs-Medication-ADHD-RCT.pdf
07-08,"07. Scaffold 7 - Somatic Work, Breathing & Body Awareness",Final,,Yoga / Children / RCT,"Jensen, P. S.; Kenny, D. T.",2004,The effects of yoga on the attention and behavior of boys with Attention-Deficit/Hyperactivity Disorder (ADHD),Journal of Attention Disorders,"7(4), 205-216",Randomized controlled trial,19 boys with ADHD stabilized on medication; yoga versus cooperative activities,10.1177/108705470400700403,https://doi.org/10.1177/108705470400700403,https://pubmed.ncbi.nlm.nih.gov/15487477/,Publisher access,Link only - SAGE copyright,ADHD; Yoga; Children; Body Awareness; Attention; Behavior; RCT,07_2004_Jensen_Kenny_Yoga-ADHD-RCT.pdf
07-09,"07. Scaffold 7 - Somatic Work, Breathing & Body Awareness",Final,,Yoga / Preschool / HRV / RCT,"Cohen, S. C. L.; Harvey, D. J.; Shields, R. H.; Shields, G. S.; Rashedi, R. N.; Tancredi, D. J.; Angkustsiri, K.; Hansen, R. L.; Schweitzer, J. B.",2018,"Effects of Yoga on Attention, Impulsivity, and Hyperactivity in Preschool-Aged Children with Attention-Deficit Hyperactivity Disorder Symptoms",Journal of Developmental & Behavioral Pediatrics,"39(3), 200-209",Randomized waitlist-controlled trial,23 preschool children with four or more ADHD symptoms,10.1097/DBP.0000000000000552,https://doi.org/10.1097/DBP.0000000000000552,https://pmc.ncbi.nlm.nih.gov/articles/PMC5871620/,Yes - PMC,Link only - publisher/reuse rights not independently cleared,ADHD; Yoga; Preschool; Attention; Impulsivity; Hyperactivity; HRV; RCT,07_2018_Cohen_Preschool-Yoga-ADHD-RCT.pdf
07-10,"07. Scaffold 7 - Somatic Work, Breathing & Body Awareness",Final,,Breathing / Body Scan / Cardiac Vagal Control / RCT,"Robe, A.; Dobrean, A.",2023,The effectiveness of a single session of mindfulness-based cognitive training on cardiac vagal control and core symptoms in children and adolescents with attention-deficit/hyperactivity disorder (ADHD): a preliminary randomized controlled trial,European Child & Adolescent Psychiatry,"32(10), 1863-1872",Preliminary randomized controlled trial,"70 children and adolescents with clinically diagnosed ADHD; session included slow breathing, body scan, and attention practice",10.1007/s00787-022-02005-7,https://doi.org/10.1007/s00787-022-02005-7,https://pmc.ncbi.nlm.nih.gov/articles/PMC9128328/,Yes - PMC,Link only - reuse rights not independently cleared,ADHD; Breathing; Body Scan; Mindfulness; HRV; Cardiac Vagal Control; Children; Adolescents; RCT,07_2023_Robe_Breathing-Body-Scan-HRV-ADHD-RCT.pdf
07-11,"07. Scaffold 7 - Somatic Work, Breathing & Body Awareness",Final,,Interoception / Body Awareness / Adults,"Wiersema, J. R.; Godefroid, E.",2018,Interoceptive awareness in attention deficit hyperactivity disorder,PLOS ONE,"13(10), e0205221",Case-control psychophysiological study,24 adults with ADHD and 23 controls assessed with objective and subjective measures of interoceptive awareness,10.1371/journal.pone.0205221,https://doi.org/10.1371/journal.pone.0205221,https://journals.plos.org/plosone/article?id=10.1371/journal.pone.0205221,Yes - open access,Rehosting permitted under CC BY with attribution,ADHD; Adults; Interoception; Body Awareness; Heartbeat Perception; Self-Regulation; Open Access,07_2018_Wiersema_Interoceptive-Awareness-ADHD.pdf
07-P1-01,"07. Scaffold 7 - Somatic Work, Breathing & Body Awareness",Candidate,Pass 1,Meditation-Based Therapies / Meta-analysis,"Zhang, J.; Díaz-Román, A.; Cortese, S.",2018,"Meditation-based therapies for attention-deficit/hyperactivity disorder in children, adolescents and adults: a systematic review and meta-analysis",Evidence-Based Mental Health,"21(3), 87-94",Systematic review and meta-analysis of randomized controlled trials,13 RCTs; 270 children/adolescents and 339 adults with ADHD,10.1136/ebmental-2018-300015,https://doi.org/10.1136/ebmental-2018-300015,https://pmc.ncbi.nlm.nih.gov/articles/PMC10270372/,Yes - PMC,Link only - article states no commercial re-use without permission,ADHD; Mindfulness; Meditation; Yoga; Breathing; Body Awareness; Meta-analysis; RCT,07_2018_Zhang_Meditation-Based-Therapies-ADHD-Meta-Analysis.pdf
07-P1-02,"07. Scaffold 7 - Somatic Work, Breathing & Body Awareness",Candidate,Pass 1,Mindfulness / Children and Adolescents / Meta-analysis,"Lee, Y.-C.; Chen, C.-R.; Lin, K.-C.",2022,Effects of Mindfulness-Based Interventions in Children and Adolescents with ADHD: A Systematic Review and Meta-Analysis of Randomized Controlled Trials,International Journal of Environmental Research and Public Health,"19(22), 15198",Systematic review and meta-analysis of randomized controlled trials,12 studies in systematic review; 11 studies included in meta-analysis,10.3390/ijerph192215198,https://doi.org/10.3390/ijerph192215198,https://pmc.ncbi.nlm.nih.gov/articles/PMC9690476/,Yes - open access,Rehosting permitted under MDPI Creative Commons terms with attribution,ADHD; Mindfulness; Children; Adolescents; Meditation; Meta-analysis; RCT,07_2022_Lee_Mindfulness-ADHD-Youth-Meta-Analysis.pdf
07-P1-03,"07. Scaffold 7 - Somatic Work, Breathing & Body Awareness",Candidate,Pass 1,Interoception / Systematic Review,"Bruton, A.; Levy, L.; Rai, N. K.; Colgan, D. D.; Johnstone, J.",2025,Diminished Interoceptive Awareness in Attention-Deficit/Hyperactivity Disorder: A Systematic Review,Psychophysiology,"62(2), e14750",Systematic review,17 articles representing 18 studies of interoception and ADHD symptoms or diagnosis,10.1111/psyp.14750,https://doi.org/10.1111/psyp.14750,https://pmc.ncbi.nlm.nih.gov/articles/PMC11842156/,Yes - PMC author manuscript,Link only - publisher/author-manuscript reuse rights not independently cleared,ADHD; Interoception; Body Awareness; Self-Regulation; Emotional Dysregulation; Systematic Review,07_2025_Bruton_Interoception-ADHD-Systematic-Review.pdf
07-P1-04,"07. Scaffold 7 - Somatic Work, Breathing & Body Awareness",Candidate,Pass 1,Mindfulness-Based Cognitive Therapy / Adults / RCT,"Janssen, L.; Kan, C. C.; Carpentier, P. J.; Sizoo, B.; Hepark, S.; Schellekens, M. P. J.; Donders, A. R. T.; Buitelaar, J. K.; Speckens, A. E. M.",2019,"Mindfulness-based cognitive therapy v. treatment as usual in adults with ADHD: a multicentre, single-blind, randomised controlled trial",Psychological Medicine,"49(1), 55-65",Multicentre single-blind randomized controlled trial,120 adults with ADHD randomized to MBCT plus treatment as usual or treatment as usual,10.1017/S0033291718000429,https://doi.org/10.1017/S0033291718000429,https://pubmed.ncbi.nlm.nih.gov/29486807/,Publisher access,Link only - Cambridge University Press copyright,ADHD; Adults; Mindfulness; MBCT; Meditation; Self-Regulation; RCT,07_2019_Janssen_MBCT-Adult-ADHD-RCT.pdf
07-P1-05,"07. Scaffold 7 - Somatic Work, Breathing & Body Awareness",Candidate,Pass 1,Mindfulness vs Psychoeducation / Adults / RCT,"Hoxhaj, E.; Sadohara, C.; Borel, P.; D'Amelio, R.; Sobanski, E.; Müller, H.; Feige, B.; Matthies, S.; Philipsen, A.",2018,Mindfulness vs psychoeducation in adult ADHD: a randomized controlled trial,European Archives of Psychiatry and Clinical Neuroscience,"268(4), 321-335",Randomized controlled trial with active comparison,81 medication-free adults with ADHD randomized to mindfulness or structured psychoeducation,10.1007/s00406-018-0868-4,https://doi.org/10.1007/s00406-018-0868-4,https://pubmed.ncbi.nlm.nih.gov/29356899/,Publisher access,Link only - Springer copyright,ADHD; Adults; Mindfulness; Psychoeducation; Meditation; RCT,07_2018_Hoxhaj_Mindfulness-vs-Psychoeducation-Adult-ADHD.pdf
07-P1-06,"07. Scaffold 7 - Somatic Work, Breathing & Body Awareness",Candidate,Pass 1,Mindfulness Meditation / Adults / Pilot RCT,"Mitchell, J. T.; McIntyre, E. M.; English, J. S.; Dennis, M. F.; Beckham, J. C.; Kollins, S. H.",2017,"A Pilot Trial of Mindfulness Meditation Training for ADHD in Adulthood: Impact on Core Symptoms, Executive Functioning, and Emotion Dysregulation",Journal of Attention Disorders,"21(13), 1105-1120",Randomized waitlist-controlled pilot trial,20 adults with ADHD randomized to eight-week mindfulness treatment or waitlist,10.1177/1087054713513328,https://doi.org/10.1177/1087054713513328,https://pmc.ncbi.nlm.nih.gov/articles/PMC4045650/,Yes - PMC author manuscript,Link only - SAGE copyright / author-manuscript reuse rights not independently cleared,ADHD; Adults; Mindfulness; Meditation; Executive Function; Emotion Dysregulation; RCT,07_2017_Mitchell_Mindfulness-Adult-ADHD-Pilot-RCT.pdf
07-P1-07,"07. Scaffold 7 - Somatic Work, Breathing & Body Awareness",Candidate,Pass 1,Mindfulness / Children and Parents / RCT,"Valero, M.; Cebolla, A.; Colomer, C.",2022,Mindfulness Training for Children with ADHD and Their Parents: A Randomized Control Trial,Journal of Attention Disorders,"26(5), 755-766",Randomized controlled trial,30 children ages 9-14 with ADHD and their parents,10.1177/10870547211027636,https://doi.org/10.1177/10870547211027636,https://pubmed.ncbi.nlm.nih.gov/34189992/,Publisher access,Link only - SAGE copyright,ADHD; Children; Parents; Mindfulness; MYmind; Executive Function; RCT,07_2022_Valero_MYmind-Children-Parents-RCT.pdf
07-P1-08,"07. Scaffold 7 - Somatic Work, Breathing & Body Awareness",Candidate,Pass 1,Mindfulness vs Medication / Childhood ADHD / RCT,"Meppelink, R.; de Bruin, E. I.; Kosterman Zoller, B.; Oort, F. J.; Bögels, S. M.",2024,Child and Parent Mindfulness-Based Training Versus Medication for Childhood ADHD: A Randomised Clinical Trial,Mindfulness,"15, 295-309",Randomized clinical trial,Children with ADHD and parents participating in MYmind compared with medication treatment,10.1007/s12671-024-02305-w,https://doi.org/10.1007/s12671-024-02305-w,https://link.springer.com/article/10.1007/s12671-024-02305-w,Yes - open access,Open access - verify exact Creative Commons license before local rehosting,ADHD; Children; Parents; Mindfulness; Medication; MYmind; RCT,07_2024_Meppelink_Mindfulness-vs-Medication-ADHD-RCT.pdf
07-P1-09,"07. Scaffold 7 - Somatic Work, Breathing & Body Awareness",Candidate,Pass 1,Mindfulness Meditation / Feasibility / Adolescents and Adults,"Zylowska, L.; Ackerman, D. L.; Yang, M. H.; Futrell, J. L.; Horton, N. L.; Hale, T. S.; Pataki, C.; Smalley, S. L.",2008,Mindfulness meditation training in adults and adolescents with ADHD: a feasibility study,Journal of Attention Disorders,"11(6), 737-746",Prospective feasibility intervention study,24 adults and 8 adolescents with ADHD in an eight-week mindfulness training program,10.1177/1087054707308502,https://doi.org/10.1177/1087054707308502,https://pubmed.ncbi.nlm.nih.gov/18025249/,Publisher access,Link only - SAGE copyright,ADHD; Adults; Adolescents; Mindfulness; Meditation; Attention; Feasibility,07_2008_Zylowska_Mindfulness-ADHD-Feasibility.pdf
07-P1-10,"07. Scaffold 7 - Somatic Work, Breathing & Body Awareness",Candidate,Pass 1,Yoga / Children / RCT,"Jensen, P. S.; Kenny, D. T.",2004,The effects of yoga on the attention and behavior of boys with Attention-Deficit/Hyperactivity Disorder (ADHD),Journal of Attention Disorders,"7(4), 205-216",Randomized controlled trial,19 boys with ADHD stabilized on medication; yoga versus cooperative activities,10.1177/108705470400700403,https://doi.org/10.1177/108705470400700403,https://pubmed.ncbi.nlm.nih.gov/15487477/,Publisher access,Link only - SAGE copyright,ADHD; Yoga; Children; Body Awareness; Attention; Behavior; RCT,07_2004_Jensen_Kenny_Yoga-ADHD-RCT.pdf
07-P1-11,"07. Scaffold 7 - Somatic Work, Breathing & Body Awareness",Candidate,Pass 1,Body-Oriented Therapy / Yoga / Crossover RCT,"Haffner, J.; Roos, J.; Goldstein, N.; Parzer, P.; Resch, F.",2006,The effectiveness of body-oriented methods of therapy in the treatment of attention-deficit hyperactivity disorder (ADHD): results of a controlled pilot study,Zeitschrift für Kinder- und Jugendpsychiatrie und Psychotherapie,"34(1), 37-47",Randomized 2x2 crossover controlled pilot study,19 children with clinically diagnosed ADHD; yoga compared with conventional motor exercises,10.1024/1422-4917.34.1.37,https://doi.org/10.1024/1422-4917.34.1.37,https://pubmed.ncbi.nlm.nih.gov/16485612/,Publisher access,Link only - publisher copyright,ADHD; Body-Oriented Therapy; Yoga; Motor Exercise; Children; Crossover RCT,07_2006_Haffner_Body-Oriented-Yoga-ADHD.pdf
07-P1-12,"07. Scaffold 7 - Somatic Work, Breathing & Body Awareness",Candidate,Pass 1,Yoga / Preschool / HRV / RCT,"Cohen, S. C. L.; Harvey, D. J.; Shields, R. H.; Shields, G. S.; Rashedi, R. N.; Tancredi, D. J.; Angkustsiri, K.; Hansen, R. L.; Schweitzer, J. B.",2018,"Effects of Yoga on Attention, Impulsivity, and Hyperactivity in Preschool-Aged Children with Attention-Deficit Hyperactivity Disorder Symptoms",Journal of Developmental & Behavioral Pediatrics,"39(3), 200-209",Randomized waitlist-controlled trial,23 preschool children with four or more ADHD symptoms,10.1097/DBP.0000000000000552,https://doi.org/10.1097/DBP.0000000000000552,https://pmc.ncbi.nlm.nih.gov/articles/PMC5871620/,Yes - PMC,Link only - publisher copyright / reuse rights not independently cleared,ADHD; Yoga; Preschool; Attention; Impulsivity; Hyperactivity; HRV; RCT,07_2018_Cohen_Preschool-Yoga-ADHD-RCT.pdf
07-P1-13,"07. Scaffold 7 - Somatic Work, Breathing & Body Awareness",Candidate,Pass 1,Breathing / Body Scan / Cardiac Vagal Control / RCT,"Robe, A.; Dobrean, A.",2023,The effectiveness of a single session of mindfulness-based cognitive training on cardiac vagal control and core symptoms in children and adolescents with attention-deficit/hyperactivity disorder (ADHD): a preliminary randomized controlled trial,European Child & Adolescent Psychiatry,"32(10), 1863-1872",Preliminary randomized controlled trial,"70 children and adolescents with clinically diagnosed ADHD; mindfulness session included slow breathing, body scan, and attention practice",10.1007/s00787-022-02005-7,https://doi.org/10.1007/s00787-022-02005-7,https://pmc.ncbi.nlm.nih.gov/articles/PMC9128328/,Yes - PMC,Link only - reuse rights not independently cleared,ADHD; Breathing; Body Scan; Mindfulness; HRV; Cardiac Vagal Control; Children; Adolescents; RCT,07_2023_Robe_Breathing-Body-Scan-HRV-ADHD-RCT.pdf
07-P1-14,"07. Scaffold 7 - Somatic Work, Breathing & Body Awareness",Candidate,Pass 1,Interoception / Body Awareness / Adults,"Wiersema, J. R.; Godefroid, E.",2018,Interoceptive awareness in attention deficit hyperactivity disorder,PLOS ONE,"13(10), e0205221",Case-control psychophysiological study,24 adults with ADHD and 23 controls assessed with objective and subjective measures of interoceptive awareness,10.1371/journal.pone.0205221,https://doi.org/10.1371/journal.pone.0205221,https://pmc.ncbi.nlm.nih.gov/articles/PMC6185835/,Yes - open access,Rehosting permitted under CC BY with attribution,ADHD; Adults; Interoception; Body Awareness; Heartbeat Perception; Self-Regulation; Open Access,07_2018_Wiersema_Interoceptive-Awareness-ADHD.pdf
07-P1-15,"07. Scaffold 7 - Somatic Work, Breathing & Body Awareness",Candidate,Pass 1,Autonomic Regulation / HRV Biofeedback,"Groeneveld, K. M.; Mennenga, A. M.; Heidelberg, R. C.; Martin, R. E.; Tittle, R. K.; Meeuwsen, K. D.; Walker, L. A.; White, E. K.",2019,Z-Score Neurofeedback and Heart Rate Variability Training for Adults and Children with Symptoms of Attention-Deficit/Hyperactivity Disorder: A Retrospective Study,Applied Psychophysiology and Biofeedback,"44(4), 291-308",Retrospective pre-post clinical study,39 adults and 100 children with borderline or clinical ADHD classifications receiving combined neurofeedback and HRV training,10.1007/s10484-019-09439-x,https://doi.org/10.1007/s10484-019-09439-x,https://pmc.ncbi.nlm.nih.gov/articles/PMC6834758/,Yes - PMC,Link only - publisher/reuse rights not independently cleared,ADHD; HRV; Biofeedback; Autonomic Regulation; Neurofeedback; Adults; Children; Retrospective,07_2019_Groeneveld_HRV-Biofeedback-ADHD.pdf
08-01,08. Scaffold 8 - Managing Clutter & Environmental Stimulation,Final,,Sensory Processing / Meta-analysis,"Jurek, L.; Duchier, A.; Gauld, C.; Henault, L.; Giroudon, C.; Fourneret, P.; Cortese, S.; Nourredine, M.",2025,Sensory Processing in Individuals With Attention-Deficit/Hyperactivity Disorder Compared With Control Populations: A Systematic Review and Meta-Analysis,Journal of the American Academy of Child & Adolescent Psychiatry,"64(10), 1132-1147",Systematic review and meta-analysis,"30 studies reported in 32 publications; 5,374 participants across child and adult samples",10.1016/j.jaac.2025.02.019,https://doi.org/10.1016/j.jaac.2025.02.019,https://www.sciencedirect.com/science/article/pii/S0890856725002096,Yes - open access,LINK ONLY - CC BY-NC-ND 4.0 does not permit commercial redistribution or derivatives,ADHD; Sensory Processing; Sensory Sensitivity; Sensory Avoiding; Sensory Seeking; Environmental Stimulation; Meta-analysis,08_2025_Jurek_Sensory-Processing-ADHD-Meta-Analysis.pdf
08-02,08. Scaffold 8 - Managing Clutter & Environmental Stimulation,Final,,Sensory Processing / Adults,"Kamath, M. S.; Dahm, C. R.; Tucker, J. R.; Huang-Pollock, C. L.; Etter, N. M.; Neely, K. A.",2020,Sensory profiles in adults with and without ADHD,Research in Developmental Disabilities,"104, 103696",Case-control sensory-profile study,"45 adults, including 23 adults with ADHD and 22 comparison adults",10.1016/j.ridd.2020.103696,https://doi.org/10.1016/j.ridd.2020.103696,https://pmc.ncbi.nlm.nih.gov/articles/PMC7786815/,Yes - PMC author manuscript,LINK ONLY - Elsevier copyright / manuscript redistribution rights not independently cleared,ADHD; Adults; Sensory Sensitivity; Sensory Seeking; Low Registration; Environmental Stimulation,08_2020_Kamath_Adult-Sensory-Profiles-ADHD.pdf
08-03,08. Scaffold 8 - Managing Clutter & Environmental Stimulation,Final,,Sensory Hypersensitivity / Adults,"Bijlenga, D.; Tjon-Ka-Jie, J. Y. M.; Schuijers, F.; Kooij, J. J. S.",2017,"Atypical sensory profiles as core features of adult ADHD, irrespective of autistic symptoms",European Psychiatry,"43, 51-57",Cross-sectional clinical study,116 adults diagnosed with ADHD,10.1016/j.eurpsy.2017.02.481,https://doi.org/10.1016/j.eurpsy.2017.02.481,https://pubmed.ncbi.nlm.nih.gov/28371743/,Publisher access,LINK ONLY - publisher copyright,ADHD; Adults; Sensory Hypersensitivity; Sensory Hyposensitivity; Auditory Sensitivity; Environmental Stimulation,08_2017_Bijlenga_Adult-Sensory-Profiles-ADHD.pdf
08-04,08. Scaffold 8 - Managing Clutter & Environmental Stimulation,Final,,Home Organization / Sensory Regulation / RCT,"Gutman, S. A.; Balasubramanian, S.; Herzog, M.; Kim, E.; Swirnow, H.; Retig, Y.; Wolff, S.",2020,Effectiveness of a Tailored Intervention for Women With Attention Deficit Hyperactivity Disorder (ADHD) and ADHD Symptoms: A Randomized Controlled Study,American Journal of Occupational Therapy,"74(1), 7401205010p1-7401205010p11",Randomized controlled study,"23 women ages 20-55 with self-reported ADHD diagnosis; intervention addressed routines, organization, time management, stress management, and sensory regulation in home/community settings",10.5014/ajot.2020.033316,https://doi.org/10.5014/ajot.2020.033316,https://pmc.ncbi.nlm.nih.gov/articles/PMC7018471/,Yes - PMC,LINK ONLY - American Occupational Therapy Association copyright,ADHD; Women; Home Organization; Clutter; Storage Systems; Sensory Regulation; Routines; RCT,08_2020_Gutman_Women-ADHD-Home-Organization-RCT.pdf
08-05,08. Scaffold 8 - Managing Clutter & Environmental Stimulation,Final,,Materials Organization / Academic Functioning,"Langberg, J. M.; Epstein, J. N.; Girio, E. L.; Becker, S. P.; Vaughn, A. J.; Altaye, M.",2011,"Materials Organization, Planning, and Homework Completion in Middle School Students with ADHD: Impact on Academic Performance",School Mental Health,"3(2), 93-101",Observational clinical study,57 middle-school students with ADHD in grades 5-8,10.1007/s12310-011-9052-y,https://doi.org/10.1007/s12310-011-9052-y,https://pmc.ncbi.nlm.nih.gov/articles/PMC3619433/,Yes - PMC author manuscript,LINK ONLY - manuscript redistribution rights not independently cleared,ADHD; Materials Organization; Clutter; School Materials; Homework; Academic Functioning; Adolescents,08_2011_Langberg_Materials-Organization-ADHD.pdf
08-06,08. Scaffold 8 - Managing Clutter & Environmental Stimulation,Final,,Visual Distraction / Perceptual Load,"Forster, S.; Robertson, D. J.; Jennings, A.; Asherson, P.; Lavie, N.",2014,Plugging the attention deficit: perceptual load counters increased distraction in ADHD,Neuropsychology,"28(1), 91-97",Controlled experimental study,Adults with ADHD and age- and IQ-matched controls completing a visual-search distraction task under varying perceptual load,10.1037/neu0000020,https://doi.org/10.1037/neu0000020,https://pmc.ncbi.nlm.nih.gov/articles/PMC3906797/,Yes - PMC author manuscript,LINK ONLY - APA copyright / manuscript redistribution rights not independently cleared,ADHD; Adults; Visual Distraction; Distractibility; Perceptual Load; Environmental Stimulation,08_2014_Forster_Perceptual-Load-Distraction-ADHD.pdf
08-07,08. Scaffold 8 - Managing Clutter & Environmental Stimulation,Final,,Visual Distraction / Novel Distractors,"Sasi, M.; Vizel, T.; Shahar, N.; Lamy, D.",2026,Visual distraction and experience-based suppression in attention-deficit/hyperactivity disorder: A registered report,Journal of Psychopathology and Clinical Science,"135(5), 654-665",Registered controlled experimental report,Participants with ADHD and control participants completed visual-search tasks designed to separate distraction by novel salient distractors from experience-based suppression,10.1037/abn0001119,https://doi.org/10.1037/abn0001119,https://pubmed.ncbi.nlm.nih.gov/42024310/,Publisher access,LINK ONLY - APA copyright,ADHD; Visual Distraction; Novel Distractors; Attention; Suppression; Environmental Stimulation; 2026,08_2026_Sasi_Visual-Distraction-ADHD.pdf
08-08,08. Scaffold 8 - Managing Clutter & Environmental Stimulation,Final,,Auditory Distraction / Working Memory / fMRI,"Blomberg, R.; Johansson Capusan, A.; Signoret, C.; Danielsson, H.; Ronnberg, J.",2021,The Effects of Working Memory Load on Auditory Distraction in Adults With Attention Deficit Hyperactivity Disorder,Frontiers in Human Neuroscience,"15, 771711",Task-based fMRI controlled study,17 young adults with ADHD and 17 typically developing controls,10.3389/fnhum.2021.771711,https://doi.org/10.3389/fnhum.2021.771711,https://www.frontiersin.org/journals/human-neuroscience/articles/10.3389/fnhum.2021.771711/full,Yes - open access,REHOST PERMITTED - CC BY with attribution,ADHD; Adults; Auditory Distraction; Working Memory; Noise; Cognitive Control; fMRI; Open Access,08_2021_Blomberg_Auditory-Distraction-ADHD.pdf
08-09,08. Scaffold 8 - Managing Clutter & Environmental Stimulation,Final,,Auditory Stimulation / White Noise,"Soderlund, G.; Sikstrom, S.; Smart, A.",2007,Listen to the noise: noise is beneficial for cognitive performance in ADHD,Journal of Child Psychology and Psychiatry,"48(8), 840-847",Controlled clinical experiment,Children with ADHD and typically developing controls completing memory tasks in white-noise and no-noise conditions,10.1111/j.1469-7610.2007.01749.x,https://doi.org/10.1111/j.1469-7610.2007.01749.x,https://pubmed.ncbi.nlm.nih.gov/17683456/,Publisher/repository access,LINK ONLY - Wiley copyright,ADHD; Children; White Noise; Auditory Stimulation; Memory; Optimal Stimulation; Environment,08_2007_Soderlund_White-Noise-ADHD.pdf
08-10,08. Scaffold 8 - Managing Clutter & Environmental Stimulation,Final,,Auditory Stimulation / White Noise / Neurophysiology,"Baijot, S.; Slama, H.; Soderlund, G.; Dan, B.; Deltenre, P.; Colin, C.; Deconinck, N.",2016,Neuropsychological and neurophysiological benefits from white noise in children with and without ADHD,Behavioral and Brain Functions,"12, 11",Controlled behavioral and neurophysiological study,30 children with and without ADHD ages 7-12 completing a visual cued Go/No-Go task with and without white noise,10.1186/s12993-016-0095-y,https://doi.org/10.1186/s12993-016-0095-y,https://pmc.ncbi.nlm.nih.gov/articles/PMC4791764/,Yes - open access,REHOST PERMITTED - CC BY 4.0 with attribution and license terms,ADHD; Children; White Noise; Auditory Stimulation; Attention; Inhibition; P300; Open Access,08_2016_Baijot_White-Noise-Neurophysiology-ADHD.pdf
08-11,08. Scaffold 8 - Managing Clutter & Environmental Stimulation,Final,,Auditory Stimulation / Preschool / White Noise,"Lin, H.-Y.",2022,The Effects of White Noise on Attentional Performance and On-Task Behaviors in Preschoolers with ADHD,International Journal of Environmental Research and Public Health,"19(22), 15391",Controlled experimental study,"104 preschoolers, including 52 children with ADHD and 52 typically developing children",10.3390/ijerph192215391,https://doi.org/10.3390/ijerph192215391,https://pmc.ncbi.nlm.nih.gov/articles/PMC9692615/,Yes - open access,REHOST PERMITTED - CC BY 4.0 with attribution and license terms,ADHD; Preschool; White Noise; Auditory Stimulation; Attention; On-Task Behavior; Open Access,08_2022_Lin_White-Noise-Preschool-ADHD.pdf
08-P1-01,08. Scaffold 8 - Managing Clutter & Environmental Stimulation,Candidate,Pass 1,Sensory Processing / Meta-analysis,"Jurek, L.; Duchier, A.; Gauld, C.; Hénault, L.; Giroudon, C.; Fourneret, P.; Cortese, S.; Nourredine, M.",2025,Sensory Processing in Individuals With Attention-Deficit/Hyperactivity Disorder Compared With Control Populations: A Systematic Review and Meta-Analysis,Journal of the American Academy of Child & Adolescent Psychiatry,"64(10), 1132-1147",Systematic review and meta-analysis,"30 studies reported in 32 publications; 5,374 participants including children and adults",10.1016/j.jaac.2025.02.019,https://doi.org/10.1016/j.jaac.2025.02.019,https://www.sciencedirect.com/science/article/pii/S0890856725002096,Yes - open access,Open access under a Creative Commons license - verify exact license before local rehosting,ADHD; Sensory Processing; Sensory Sensitivity; Sensory Avoiding; Sensory Seeking; Environmental Stimulation; Meta-analysis,08_2025_Jurek_Sensory-Processing-ADHD-Meta-Analysis.pdf
08-P1-02,08. Scaffold 8 - Managing Clutter & Environmental Stimulation,Candidate,Pass 1,Sensory Processing / Children / Systematic Review,"Ghanizadeh, A.",2011,"Sensory Processing Problems in Children with ADHD, a Systematic Review",Psychiatry Investigation,"8(2), 89-94",Systematic review,11 studies of sensory processing problems in children with ADHD identified from 255 abstracts,10.4306/pi.2011.8.2.89,https://doi.org/10.4306/pi.2011.8.2.89,https://pmc.ncbi.nlm.nih.gov/articles/PMC3149116/,Yes - open access,Link only for a public commercial website; CC BY-NC license,ADHD; Children; Sensory Processing; Sensory Modulation; Environmental Stimulation; Systematic Review,08_2011_Ghanizadeh_Sensory-Processing-ADHD-Review.pdf
08-P1-03,08. Scaffold 8 - Managing Clutter & Environmental Stimulation,Candidate,Pass 1,Sensory Processing / Children,"Dunn, W.; Bennett, D.",2002,Patterns of Sensory Processing in Children with Attention Deficit Hyperactivity Disorder,"OTJR: Occupation, Participation and Health","22(1), 4-15",Case-control sensory-profile study,70 children ages 3-15 with ADHD compared with age- and gender-matched children without disabilities,10.1177/153944920202200102,https://doi.org/10.1177/153944920202200102,https://journals.sagepub.com/doi/10.1177/153944920202200102,Publisher access,Link only - SAGE copyright,ADHD; Children; Sensory Profile; Sensory Responsiveness; Visual Stimulation; Auditory Stimulation,08_2002_Dunn_Bennett_Sensory-Processing-Children-ADHD.pdf
08-P1-04,08. Scaffold 8 - Managing Clutter & Environmental Stimulation,Candidate,Pass 1,Sensory Processing / Adults,"Kamath, M. S.; Dahm, C. R.; Tucker, J. R.; Huang-Pollock, C. L.; Etter, N. M.; Neely, K. A.",2020,Sensory profiles in adults with and without ADHD,Research in Developmental Disabilities,"104, 103696",Case-control sensory-profile study,"45 adults, including 23 adults with ADHD",10.1016/j.ridd.2020.103696,https://doi.org/10.1016/j.ridd.2020.103696,https://pmc.ncbi.nlm.nih.gov/articles/PMC7786815/,Yes - PMC author manuscript,Link only - Elsevier copyright / manuscript reuse rights not independently cleared,ADHD; Adults; Sensory Sensitivity; Sensory Seeking; Low Registration; Environmental Stimulation,08_2020_Kamath_Adult-Sensory-Profiles-ADHD.pdf
08-P1-05,08. Scaffold 8 - Managing Clutter & Environmental Stimulation,Candidate,Pass 1,Sensory Hypersensitivity / Adults,"Bijlenga, D.; Tjon-Ka-Jie, J. Y. M.; Schuijers, F.; Kooij, J. J. S.",2017,"Atypical sensory profiles as core features of adult ADHD, irrespective of autistic symptoms",European Psychiatry,"43, 51-57",Cross-sectional clinical study,116 adults diagnosed with ADHD,10.1016/j.eurpsy.2017.02.481,https://doi.org/10.1016/j.eurpsy.2017.02.481,https://pubmed.ncbi.nlm.nih.gov/28371743/,Publisher access,Link only - publisher copyright,ADHD; Adults; Sensory Hypersensitivity; Sensory Hyposensitivity; Auditory Sensitivity; Environmental Stimulation,08_2017_Bijlenga_Adult-Sensory-Profiles-ADHD.pdf
08-P1-06,08. Scaffold 8 - Managing Clutter & Environmental Stimulation,Candidate,Pass 1,Home Organization / Sensory Regulation / RCT,"Gutman, S. A.; Balasubramanian, S.; Herzog, M.; Kim, E.; Swirnow, H.; Retig, Y.; Wolff, S.",2020,Effectiveness of a Tailored Intervention for Women With Attention Deficit Hyperactivity Disorder (ADHD) and ADHD Symptoms: A Randomized Controlled Study,American Journal of Occupational Therapy,"74(1), 7401205010p1-7401205010p11",Randomized controlled study,23 women ages 20-55 with self-reported ADHD diagnosis,10.5014/ajot.2020.033316,https://doi.org/10.5014/ajot.2020.033316,https://pmc.ncbi.nlm.nih.gov/articles/PMC7018471/,Yes - PMC,Link only - American Occupational Therapy Association copyright,ADHD; Women; Home Organization; Clutter; Storage Systems; Sensory Regulation; Routines; RCT,08_2020_Gutman_Women-ADHD-Home-Organization-RCT.pdf
08-P1-07,08. Scaffold 8 - Managing Clutter & Environmental Stimulation,Candidate,Pass 1,Materials Organization / Academic Functioning,"Langberg, J. M.; Epstein, J. N.; Girio, E. L.; Becker, S. P.; Vaughn, A. J.; Altaye, M.",2011,"Materials Organization, Planning, and Homework Completion in Middle School Students with ADHD: Impact on Academic Performance",School Mental Health,"3(2), 93-101",Observational clinical study,57 middle-school students with ADHD in grades 5-8,10.1007/s12310-011-9052-y,https://doi.org/10.1007/s12310-011-9052-y,https://pmc.ncbi.nlm.nih.gov/articles/PMC3619433/,Yes - PMC author manuscript,Link only - manuscript reuse rights not independently cleared,ADHD; Materials Organization; Clutter; School Materials; Homework; Academic Functioning; Adolescents,08_2011_Langberg_Materials-Organization-ADHD.pdf
08-P1-08,08. Scaffold 8 - Managing Clutter & Environmental Stimulation,Candidate,Pass 1,Materials Organization / Intervention Mechanisms,"Langberg, J. M.; Becker, S. P.; Epstein, J. N.; Vaughn, A. J.; Girio-Herrera, E.",2013,Predictors of Response and Mechanisms of Change in an Organizational Skills Intervention for Students with ADHD,Journal of Child and Family Studies,"22(7), 1000-1012",Intervention mechanisms analysis,23 middle-school students with ADHD receiving the HOPS organizational intervention,10.1007/s10826-012-9662-5,https://doi.org/10.1007/s10826-012-9662-5,https://pmc.ncbi.nlm.nih.gov/articles/PMC3848056/,Yes - PMC author manuscript,Link only - manuscript reuse rights not independently cleared,ADHD; Materials Organization; Binder System; Clutter; Organization; Adolescents; Intervention,08_2013_Langberg_Materials-Organization-Mechanisms.pdf
08-P1-09,08. Scaffold 8 - Managing Clutter & Environmental Stimulation,Candidate,Pass 1,Visual Distraction / Perceptual Load,"Forster, S.; Robertson, D. J.; Jennings, A.; Asherson, P.; Lavie, N.",2014,Plugging the attention deficit: perceptual load counters increased distraction in ADHD,Neuropsychology,"28(1), 91-97",Controlled experimental study,Adults with ADHD and age- and IQ-matched controls,10.1037/neu0000020,https://doi.org/10.1037/neu0000020,https://pmc.ncbi.nlm.nih.gov/articles/PMC3906797/,Yes - PMC author manuscript,Link only - APA copyright / manuscript reuse rights not independently cleared,ADHD; Adults; Visual Distraction; Distractibility; Perceptual Load; Environmental Stimulation,08_2014_Forster_Perceptual-Load-Distraction-ADHD.pdf
08-P1-10,08. Scaffold 8 - Managing Clutter & Environmental Stimulation,Candidate,Pass 1,Auditory and Visual Distraction / Working Memory,"Lineweaver, T. T.; Kercood, S.; O'Keeffe, N. B.; O'Brien, K. M.; Massey, E. J.; Campbell, S. J.; Pierce, J. N.",2012,The effects of distraction and a brief intervention on auditory and visual-spatial working memory in college students with attention deficit hyperactivity disorder,Journal of Clinical and Experimental Neuropsychology,"34(8), 791-805",Controlled experimental studies,44 college students with ADHD and 42 comparison students,10.1080/13803395.2012.683854,https://doi.org/10.1080/13803395.2012.683854,https://pubmed.ncbi.nlm.nih.gov/22624705/,Publisher/institutional repository access,Link only - Taylor & Francis copyright,ADHD; College Students; Auditory Distraction; Visual Distraction; Working Memory; Environment,08_2012_Lineweaver_Distraction-Working-Memory-ADHD.pdf
08-P1-11,08. Scaffold 8 - Managing Clutter & Environmental Stimulation,Candidate,Pass 1,Auditory Distraction / Working Memory / fMRI,"Blomberg, R.; Johansson Capusan, A.; Signoret, C.; Danielsson, H.; Rönnberg, J.",2021,The Effects of Working Memory Load on Auditory Distraction in Adults With Attention Deficit Hyperactivity Disorder,Frontiers in Human Neuroscience,"15, 771711",Task-based fMRI controlled study,17 young adults with ADHD and 17 typically developing controls,10.3389/fnhum.2021.771711,https://doi.org/10.3389/fnhum.2021.771711,https://pmc.ncbi.nlm.nih.gov/articles/PMC8670091/,Yes - open access,Rehosting permitted under CC BY with attribution,ADHD; Adults; Auditory Distraction; Working Memory; Noise; Cognitive Control; fMRI; Open Access,08_2021_Blomberg_Auditory-Distraction-ADHD.pdf
08-P1-12,08. Scaffold 8 - Managing Clutter & Environmental Stimulation,Candidate,Pass 1,Visual Distraction / Novel Distractors,"Sasi, M.; Vizel, T.; Shahar, N.; Lamy, D.",2026,Visual distraction and experience-based suppression in attention-deficit/hyperactivity disorder: A registered report,Journal of Psychopathology and Clinical Science,"135(5), 654-665",Registered controlled experimental report,Participants with ADHD and matched controls completing a visual-search distractor paradigm,10.1037/abn0001119,https://doi.org/10.1037/abn0001119,https://pubmed.ncbi.nlm.nih.gov/42024310/,Publisher access,Link only - APA copyright,ADHD; Visual Distraction; Novel Distractors; Attention; Suppression; Environmental Stimulation; 2026,08_2026_Sasi_Visual-Distraction-ADHD.pdf
08-P1-13,08. Scaffold 8 - Managing Clutter & Environmental Stimulation,Candidate,Pass 1,Auditory Stimulation / White Noise,"Söderlund, G.; Sikström, S.; Smart, A.",2007,Listen to the noise: noise is beneficial for cognitive performance in ADHD,Journal of Child Psychology and Psychiatry,"48(8), 840-847",Controlled experimental study,Children with ADHD and typically developing controls completing memory tasks with and without auditory white noise,10.1111/j.1469-7610.2007.01749.x,https://doi.org/10.1111/j.1469-7610.2007.01749.x,https://pubmed.ncbi.nlm.nih.gov/17683456/,Publisher/repository access,Link only - Wiley copyright,ADHD; Children; White Noise; Auditory Stimulation; Memory; Optimal Stimulation; Environment,08_2007_Soderlund_White-Noise-ADHD.pdf
08-P1-14,08. Scaffold 8 - Managing Clutter & Environmental Stimulation,Candidate,Pass 1,Auditory Stimulation / White Noise / Neurophysiology,"Baijot, S.; Slama, H.; Söderlund, G.; Dan, B.; Deltenre, P.; Colin, C.; Deconinck, N.",2016,Neuropsychological and neurophysiological benefits from white noise in children with and without ADHD,Behavioral and Brain Functions,"12, 11",Controlled behavioral and neurophysiological study,30 children with and without ADHD ages 7-12 completing a Go/No-Go task with and without white noise,10.1186/s12993-016-0095-y,https://doi.org/10.1186/s12993-016-0095-y,https://pmc.ncbi.nlm.nih.gov/articles/PMC4791764/,Yes - open access,Rehosting permitted under CC BY 4.0 with attribution and license terms,ADHD; Children; White Noise; Auditory Stimulation; Attention; Inhibition; P300; Open Access,08_2016_Baijot_White-Noise-Neurophysiology-ADHD.pdf
08-P1-15,08. Scaffold 8 - Managing Clutter & Environmental Stimulation,Candidate,Pass 1,Auditory Stimulation / Preschool / White Noise,"Lin, H.-Y.",2022,The Effects of White Noise on Attentional Performance and On-Task Behaviors in Preschoolers with ADHD,International Journal of Environmental Research and Public Health,"19(22), 15391",Controlled experimental study,"104 preschoolers, including 52 children with ADHD and 52 typically developing children",10.3390/ijerph192215391,https://doi.org/10.3390/ijerph192215391,https://pmc.ncbi.nlm.nih.gov/articles/PMC9692615/,Yes - open access,Rehosting permitted under CC BY 4.0 with attribution and license terms,ADHD; Preschool; White Noise; Auditory Stimulation; Attention; On-Task Behavior; Open Access,08_2022_Lin_White-Noise-Preschool-ADHD.pdf
09-01,09. Scaffold 9 - Understanding Cognitive Distortions,Final,,Negative Cognitive Errors / Automatic Thoughts / Youth,"Ucuz, I.; Uzun Cicek, A.; Temelli, G.",2026,Automatic and negative thought patterns in children and adolescents with ADHD: associations with anxiety and self-esteem in a cross-sectional study,BMC Pediatrics,Advance online publication,Cross-sectional case-control study,279 participants ages 9-15; 127 with ADHD and 152 controls,10.1186/s12887-026-07562-3,https://doi.org/10.1186/s12887-026-07562-3,https://link.springer.com/article/10.1186/s12887-026-07562-3,Yes - open access,LINK ONLY for a public commercial website - CC BY-NC-ND 4.0,ADHD; Cognitive Distortions; Negative Cognitive Errors; Automatic Thoughts; Anxiety; Self-Esteem; Children; Adolescents,09_2026_Ucuz_Negative-Cognitive-Errors-ADHD-Youth.pdf
09-02,09. Scaffold 9 - Understanding Cognitive Distortions,Final,,Schemas / Dysfunctional Automatic Thoughts / Emerging Adults,"Pickel, C. T.; Wymbs, B. T.",2026,"ADHD Symptoms, Maladaptive Schemas, and Dysfunctional Automatic Thoughts: Exploring Theorized Relationships in Emerging Adults",Journal of Attention Disorders,OnlineFirst,Cross-sectional community study,141 emerging adults; mean age 19.84; 20% reported an ADHD diagnosis,10.1177/10870547261478353,https://doi.org/10.1177/10870547261478353,https://pubmed.ncbi.nlm.nih.gov/42587416/,Publisher access,LINK ONLY - SAGE copyright,ADHD; Schemas; Automatic Thoughts; Negative Automatic Thoughts; Avoidant Thoughts; Impairment; CBT; Emerging Adults,09_2026_Pickel_ADHD-Schemas-Automatic-Thoughts.pdf
09-03,09. Scaffold 9 - Understanding Cognitive Distortions,Final,,Cognitive Distortions / Adults,"Strohmeier, C. W.; Rosenfield, B.; DiTomasso, R. A.; Ramsay, J. R.",2016,"Assessment of the relationship between self-reported cognitive distortions and adult ADHD, anxiety, depression, and hopelessness",Psychiatry Research,"238, 153-158",Clinical correlational study,30 adults diagnosed with ADHD in a university-based specialty clinic,10.1016/j.psychres.2016.02.034,https://doi.org/10.1016/j.psychres.2016.02.034,https://pubmed.ncbi.nlm.nih.gov/27086226/,Publisher access,LINK ONLY - Elsevier copyright,ADHD; Cognitive Distortions; Perfectionism; Emotional Reasoning; Avoidance; Procrastination; Adults; CBT,09_2016_Strohmeier_Cognitive-Distortions-Adult-ADHD.pdf
09-04,09. Scaffold 9 - Understanding Cognitive Distortions,Final,,Dysfunctional Cognitions / CBT Model / Adults,"Torrente, F.; Lopez, P.; Alvarez Prado, D.; Kichic, R.; Cetkovich-Bakmas, M.; Lischinsky, A.; Manes, F.",2014,"Dysfunctional cognitions and their emotional, behavioral, and functional correlates in adults with attention deficit hyperactivity disorder (ADHD): is the cognitive-behavioral model valid?",Journal of Attention Disorders,"18(5), 412-424",Case-control clinical study,"35 adults with ADHD, 20 nonclinical controls, and 20 non-ADHD clinical controls",10.1177/1087054712443153,https://doi.org/10.1177/1087054712443153,https://pubmed.ncbi.nlm.nih.gov/22628149/,Publisher access,LINK ONLY - SAGE copyright,ADHD; Dysfunctional Cognitions; Automatic Thoughts; Dysfunctional Beliefs; Coping; Depression; Anxiety; Adults,09_2014_Torrente_Dysfunctional-Cognitions-Adult-ADHD.pdf
09-05,09. Scaffold 9 - Understanding Cognitive Distortions,Final,,Maladaptive Cognitions / Emotional Symptoms / Quality of Life,"Pan, M.-R.; Zhang, S.-Y.; Chen, C.-L.; Qiu, S.-W.; Liu, L.; Li, H.-M.; Zhao, M.-J.; Dong, M.; Si, F.-F.; Wang, Y.-F.; Qian, Q.-J.",2023,"Bidirectional associations between maladaptive cognitions and emotional symptoms, and their mediating role on the quality of life in adults with ADHD: a mediation model",Frontiers in Psychiatry,"14, 1200522",Cross-sectional clinical study with structural equation modeling,299 adults with ADHD and 122 healthy controls,10.3389/fpsyt.2023.1200522,https://doi.org/10.3389/fpsyt.2023.1200522,https://pmc.ncbi.nlm.nih.gov/articles/PMC10400449/,Yes - open access,REHOST PERMITTED - CC BY with attribution,ADHD; Maladaptive Cognitions; Automatic Thoughts; Dysfunctional Attitudes; Emotional Symptoms; Quality of Life; Adults; Open Access,09_2023_Pan_Maladaptive-Cognitions-ADHD-QoL.pdf
09-06,09. Scaffold 9 - Understanding Cognitive Distortions,Final,,Dysfunctional Attitudes / Avoidance / Depression,"Knouse, L. E.; Zvorsky, I.; Safren, S. A.",2013,Depression in Adults with Attention-Deficit/Hyperactivity Disorder (ADHD): The Mediating Role of Cognitive-Behavioral Factors,Cognitive Therapy and Research,"37(6), 1220-1232",Clinical mediation study,77 adults clinically diagnosed with ADHD,10.1007/s10608-013-9569-5,https://doi.org/10.1007/s10608-013-9569-5,https://pmc.ncbi.nlm.nih.gov/articles/PMC4469239/,Yes - PMC author manuscript,LINK ONLY - publisher/manuscript redistribution rights not independently cleared,ADHD; Dysfunctional Attitudes; Avoidance; Depression; Cognitive Restructuring; Adults; CBT,09_2013_Knouse_Dysfunctional-Attitudes-ADHD-Depression.pdf
09-07,09. Scaffold 9 - Understanding Cognitive Distortions,Final,,CBT / Automatic Thoughts / Randomized Trial,"Pan, M.-R.; Zhang, S.-Y.; Qiu, S.-W.; Liu, L.; Li, H.-M.; Zhao, M.-J.; Dong, M.; Si, F.-F.; Wang, Y.-F.; Qian, Q.-J.",2022,Efficacy of cognitive behavioural therapy in medicated adults with attention-deficit/hyperactivity disorder in multiple dimensions: a randomised controlled trial,European Archives of Psychiatry and Clinical Neuroscience,"272(2), 235-255",Randomized controlled trial,98 medicated adults with ADHD randomized to CBT plus medication or medication only,10.1007/s00406-021-01236-0,https://doi.org/10.1007/s00406-021-01236-0,https://pubmed.ncbi.nlm.nih.gov/33615398/,Publisher access,LINK ONLY - Springer copyright,ADHD; Adults; CBT; Automatic Thoughts; Maladaptive Thoughts; Anxiety; Depression; RCT,09_2022_Pan_CBT-Automatic-Thoughts-ADHD-RCT.pdf
09-08,09. Scaffold 9 - Understanding Cognitive Distortions,Final,,CBT / Maladaptive Cognitions / Long-Term Follow-up,"Pan, M.-R.; Dong, M.; Zhang, S.-Y.; Liu, L.; Li, H.-M.; Wang, Y.-F.; Qian, Q.-J.",2024,One-year follow-up of the effectiveness and mediators of cognitive behavioural therapy among adults with attention-deficit/hyperactivity disorder: secondary outcomes of a randomised controlled trial,BMC Psychiatry,"24(1), 207",One-year randomized-trial follow-up and mediation analysis,98 medicated adults with ADHD from the original randomized trial,10.1186/s12888-024-05673-8,https://doi.org/10.1186/s12888-024-05673-8,https://pmc.ncbi.nlm.nih.gov/articles/PMC10943890/,Yes - open access,REHOST PERMITTED - CC BY 4.0 with attribution and license terms,ADHD; Adults; CBT; Maladaptive Cognitions; Automatic Thoughts; Dysfunctional Attitudes; Quality of Life; Mediation; Open Access,09_2024_Pan_CBT-Maladaptive-Cognitions-Followup.pdf
09-09,09. Scaffold 9 - Understanding Cognitive Distortions,Final,,CBT / Adults / Meta-analysis,"Liu, C.-I.; Hua, M.-H.; Lu, M.-L.; Goh, K. K.",2023,Effectiveness of cognitive behavioural-based interventions for adults with attention-deficit/hyperactivity disorder extends beyond core symptoms: A meta-analysis of randomized controlled trials,"Psychology and Psychotherapy: Theory, Research and Practice","96(3), 543-559",Systematic review and meta-analysis of randomized controlled trials,28 randomized studies of CBT-based interventions for adults with ADHD,10.1111/papt.12455,https://doi.org/10.1111/papt.12455,https://pubmed.ncbi.nlm.nih.gov/36794797/,Publisher access,LINK ONLY - Wiley/BPS copyright,ADHD; Adults; CBT; Cognitive Restructuring; Emotional Symptoms; Self-Esteem; Quality of Life; Meta-analysis,09_2023_Liu_CBT-Adult-ADHD-Meta-Analysis.pdf
09-10,09. Scaffold 9 - Understanding Cognitive Distortions,Final,,Attributional Style / Self-Perception / Longitudinal,"McQuade, J. D.; Hoza, B.; Waschbusch, D. A.; Murray-Close, D.; Owens, J. S.",2011,Changes in self-perceptions in children with ADHD: a longitudinal study of depressive symptoms and attributional style,Behavior Therapy,"42(2), 170-182",Longitudinal cohort study,88 boys with ADHD assessed at baseline and at 2- to 3-year follow-up,10.1016/j.beth.2010.05.003,https://doi.org/10.1016/j.beth.2010.05.003,https://pmc.ncbi.nlm.nih.gov/articles/PMC3990436/,Yes - PMC author manuscript,LINK ONLY - Elsevier copyright / manuscript redistribution rights not independently cleared,ADHD; Children; Attributional Style; Self-Perception; Depression; Cognitive Bias; Longitudinal,09_2011_McQuade_Self-Perception-Attributional-Style.pdf
09-11,09. Scaffold 9 - Understanding Cognitive Distortions,Final,,Self-Perception Bias / Positive Illusory Bias / Review,"Owens, J. S.; Goldfine, M. E.; Evangelista, N. M.; Hoza, B.; Kaiser, N. M.",2007,A critical review of self-perceptions and the positive illusory bias in children with ADHD,Clinical Child and Family Psychology Review,"10(4), 335-351",Critical peer-reviewed review,Child ADHD self-perception and positive illusory bias literature,10.1007/s10567-007-0027-3,https://doi.org/10.1007/s10567-007-0027-3,https://pubmed.ncbi.nlm.nih.gov/17902055/,Publisher access,LINK ONLY - Springer copyright,ADHD; Children; Cognitive Bias; Positive Illusory Bias; Self-Perception; Self-Concept; Review,09_2007_Owens_Positive-Illusory-Bias-Review.pdf
09-P1-01,09. Scaffold 9 - Understanding Cognitive Distortions,Candidate,Pass 1,Negative Cognitive Errors / Automatic Thoughts / Youth,"Ucuz, I.; Uzun Cicek, A.; Temelli, G.",2026,Automatic and negative thought patterns in children and adolescents with ADHD: associations with anxiety and self-esteem in a cross-sectional study,BMC Pediatrics,Advance online publication,Cross-sectional case-control study,279 participants ages 9-15; 127 with ADHD and 152 controls,10.1186/s12887-026-07562-3,https://doi.org/10.1186/s12887-026-07562-3,https://link.springer.com/article/10.1186/s12887-026-07562-3,Yes - open access,LINK ONLY for commercial website - CC BY-NC-ND 4.0,ADHD; Cognitive Distortions; Negative Cognitive Errors; Automatic Thoughts; Anxiety; Self-Esteem; Children; Adolescents,09_2026_Ucuz_Negative-Cognitive-Errors-ADHD-Youth.pdf
09-P1-02,09. Scaffold 9 - Understanding Cognitive Distortions,Candidate,Pass 1,Schemas / Dysfunctional Automatic Thoughts / Emerging Adults,"Pickel, C. T.; Wymbs, B. T.",2026,"ADHD Symptoms, Maladaptive Schemas, and Dysfunctional Automatic Thoughts: Exploring Theorized Relationships in Emerging Adults",Journal of Attention Disorders,OnlineFirst,Cross-sectional community study,141 emerging adults; mean age 19.84; 20% reported an ADHD diagnosis,10.1177/10870547261478353,https://doi.org/10.1177/10870547261478353,https://pubmed.ncbi.nlm.nih.gov/42587416/,Publisher access,LINK ONLY - SAGE copyright,ADHD; Schemas; Automatic Thoughts; Negative Automatic Thoughts; Avoidant Thoughts; Impairment; CBT; Emerging Adults,09_2026_Pickel_ADHD-Schemas-Automatic-Thoughts.pdf
09-P1-03,09. Scaffold 9 - Understanding Cognitive Distortions,Candidate,Pass 1,Cognitive Distortions / Adults,"Strohmeier, C. W.; Rosenfield, B.; DiTomasso, R. A.; Ramsay, J. R.",2016,"Assessment of the relationship between self-reported cognitive distortions and adult ADHD, anxiety, depression, and hopelessness",Psychiatry Research,"238, 153-158",Clinical chart-review correlational study,30 adults diagnosed with ADHD in a university-based specialty clinic,10.1016/j.psychres.2016.02.034,https://doi.org/10.1016/j.psychres.2016.02.034,https://pubmed.ncbi.nlm.nih.gov/27086226/,Publisher access,LINK ONLY - Elsevier copyright,ADHD; Cognitive Distortions; Perfectionism; Emotional Reasoning; Avoidance; Procrastination; Adults; CBT,09_2016_Strohmeier_Cognitive-Distortions-Adult-ADHD.pdf
09-P1-04,09. Scaffold 9 - Understanding Cognitive Distortions,Candidate,Pass 1,Dysfunctional Cognitions / CBT Model / Adults,"Torrente, F.; Lopez, P.; Alvarez Prado, D.; Kichic, R.; Cetkovich-Bakmas, M.; Lischinsky, A.; Manes, F.",2014,"Dysfunctional Cognitions and their Emotional, Behavioral, and Functional Correlates in Adults with Attention Deficit Hyperactivity Disorder (ADHD): Is the Cognitive-Behavioral Model Valid?",Journal of Attention Disorders,"18(5), 412-424",Case-control clinical study,"35 adults with ADHD, 20 nonclinical controls, and 20 non-ADHD clinical controls",10.1177/1087054712443153,https://doi.org/10.1177/1087054712443153,https://pubmed.ncbi.nlm.nih.gov/22628149/,Publisher access,LINK ONLY - SAGE copyright,ADHD; Dysfunctional Cognitions; Automatic Thoughts; Dysfunctional Beliefs; Coping; Depression; Anxiety; Adults,09_2014_Torrente_Dysfunctional-Cognitions-Adult-ADHD.pdf
09-P1-05,09. Scaffold 9 - Understanding Cognitive Distortions,Candidate,Pass 1,Maladaptive Cognitions / Emotional Symptoms / Quality of Life,"Pan, M.-R.; Zhang, S.-Y.; Chen, C.-L.; Qiu, S.-W.; Liu, L.; Li, H.-M.; Zhao, M.-J.; Dong, M.; Si, F.-F.; Wang, Y.-F.; Qian, Q.-J.",2023,"Bidirectional associations between maladaptive cognitions and emotional symptoms, and their mediating role on the quality of life in adults with ADHD: a mediation model",Frontiers in Psychiatry,"14, 1200522",Cross-sectional clinical study with structural equation modeling,299 adults with ADHD and 122 healthy controls,10.3389/fpsyt.2023.1200522,https://doi.org/10.3389/fpsyt.2023.1200522,https://www.frontiersin.org/journals/psychiatry/articles/10.3389/fpsyt.2023.1200522/full,Yes - open access,REHOST PERMITTED - CC BY with attribution,ADHD; Maladaptive Cognitions; Automatic Thoughts; Dysfunctional Attitudes; Emotional Symptoms; Quality of Life; Adults; Open Access,09_2023_Pan_Maladaptive-Cognitions-ADHD-QoL.pdf
09-P1-06,09. Scaffold 9 - Understanding Cognitive Distortions,Candidate,Pass 1,Dysfunctional Attitudes / Avoidance / Depression,"Knouse, L. E.; Zvorsky, I.; Safren, S. A.",2013,Depression in Adults with Attention-Deficit/Hyperactivity Disorder (ADHD): The Mediating Role of Cognitive-Behavioral Factors,Cognitive Therapy and Research,"37(6), 1220-1232",Clinical mediation study,77 adults clinically diagnosed with ADHD,10.1007/s10608-013-9569-5,https://doi.org/10.1007/s10608-013-9569-5,https://pmc.ncbi.nlm.nih.gov/articles/PMC4469239/,Yes - PMC author manuscript,LINK ONLY - publisher/manuscript redistribution rights not independently cleared,ADHD; Dysfunctional Attitudes; Avoidance; Depression; Cognitive Restructuring; Adults; CBT,09_2013_Knouse_Dysfunctional-Attitudes-ADHD-Depression.pdf
09-P1-07,09. Scaffold 9 - Understanding Cognitive Distortions,Candidate,Pass 1,CBT Conceptual Model / Mechanisms of Change,"Ramsay, J. R.",2010,CBT for Adult ADHD: Adaptations and Hypothesized Mechanisms of Change,Journal of Cognitive Psychotherapy,"24(1), 37-45",Peer-reviewed clinical/theoretical review,Adult ADHD cognitive-behavioral treatment model and proposed mechanisms,10.1891/0889-8391.24.1.37,https://doi.org/10.1891/0889-8391.24.1.37,https://doi.org/10.1891/0889-8391.24.1.37,Publisher/author access,LINK ONLY - publisher copyright,ADHD; Adults; CBT; Cognitive Restructuring; Automatic Thoughts; Executive Function; Mechanisms of Change,09_2010_Ramsay_CBT-Adult-ADHD-Mechanisms.pdf
09-P1-08,09. Scaffold 9 - Understanding Cognitive Distortions,Candidate,Pass 1,CBT / Automatic Thoughts / Randomized Trial,"Pan, M.-R.; Zhang, S.-Y.; Qiu, S.-W.; Liu, L.; Li, H.-M.; Zhao, M.-J.; Dong, M.; Si, F.-F.; Wang, Y.-F.; Qian, Q.-J.",2022,Efficacy of cognitive behavioural therapy in medicated adults with attention-deficit/hyperactivity disorder in multiple dimensions: a randomised controlled trial,European Archives of Psychiatry and Clinical Neuroscience,"272(2), 235-255",Randomized controlled trial,98 medicated adults with ADHD randomized to CBT plus medication or medication only,10.1007/s00406-021-01236-0,https://doi.org/10.1007/s00406-021-01236-0,https://pubmed.ncbi.nlm.nih.gov/33615398/,Publisher access,LINK ONLY - Springer copyright,ADHD; Adults; CBT; Automatic Thoughts; Maladaptive Thoughts; Anxiety; Depression; RCT,09_2022_Pan_CBT-Automatic-Thoughts-ADHD-RCT.pdf
09-P1-09,09. Scaffold 9 - Understanding Cognitive Distortions,Candidate,Pass 1,CBT / Maladaptive Cognitions / Long-Term Follow-up,"Pan, M.-R.; Dong, M.; Zhang, S.-Y.; Liu, L.; Li, H.-M.; Wang, Y.-F.; Qian, Q.-J.",2024,One-year follow-up of the effectiveness and mediators of cognitive behavioural therapy among adults with attention-deficit/hyperactivity disorder: secondary outcomes of a randomised controlled trial,BMC Psychiatry,"24, 207",One-year randomized-trial follow-up and mediation analysis,98 medicated adults with ADHD from the original randomized trial,10.1186/s12888-024-05673-8,https://doi.org/10.1186/s12888-024-05673-8,https://pmc.ncbi.nlm.nih.gov/articles/PMC10943890/,Yes - open access,REHOST PERMITTED - CC BY 4.0 with attribution and license terms,ADHD; Adults; CBT; Maladaptive Cognitions; Automatic Thoughts; Dysfunctional Attitudes; Quality of Life; Mediation; Open Access,09_2024_Pan_CBT-Maladaptive-Cognitions-Followup.pdf
09-P1-10,09. Scaffold 9 - Understanding Cognitive Distortions,Candidate,Pass 1,CBT / Adults / Meta-analysis,"Liu, C.-I.; Hua, M.-H.; Lu, M.-L.; Goh, K. K.",2023,Effectiveness of cognitive behavioural-based interventions for adults with attention-deficit/hyperactivity disorder extends beyond core symptoms: A meta-analysis of randomized controlled trials,"Psychology and Psychotherapy: Theory, Research and Practice","96(3), 543-559",Systematic review and meta-analysis of randomized controlled trials,28 randomized studies of CBT-based interventions for adults with ADHD,10.1111/papt.12455,https://doi.org/10.1111/papt.12455,https://pubmed.ncbi.nlm.nih.gov/36794797/,Publisher access,LINK ONLY - Wiley/BPS copyright,ADHD; Adults; CBT; Cognitive Restructuring; Emotional Symptoms; Self-Esteem; Quality of Life; Meta-analysis,09_2023_Liu_CBT-Adult-ADHD-Meta-Analysis.pdf
09-P1-11,09. Scaffold 9 - Understanding Cognitive Distortions,Candidate,Pass 1,CBT / Cognitive Restructuring / Adult RCT,"Safren, S. A.; Sprich, S.; Mimiaga, M. J.; Surman, C.; Knouse, L.; Groves, M.; Otto, M. W.",2010,Cognitive Behavioral Therapy vs Relaxation With Educational Support for Medication-Treated Adults With ADHD and Persistent Symptoms: A Randomized Controlled Trial,JAMA,"304(8), 875-880",Randomized controlled trial,86 medication-treated adults with persistent ADHD symptoms,10.1001/jama.2010.1192,https://doi.org/10.1001/jama.2010.1192,https://pmc.ncbi.nlm.nih.gov/articles/PMC3641654/,Yes - PMC author manuscript,LINK ONLY - JAMA copyright / manuscript redistribution rights not independently cleared,ADHD; Adults; CBT; Cognitive Restructuring; Adaptive Thinking; RCT; Persistent Symptoms,09_2010_Safren_CBT-Adult-ADHD-RCT.pdf
09-P1-12,09. Scaffold 9 - Understanding Cognitive Distortions,Candidate,Pass 1,Attributional Style / Self-Perception / Depression,"McQuade, J. D.; Hoza, B.; Waschbusch, D. A.; Murray-Close, D.; Owens, J. S.",2011,Changes in self-perceptions in children with ADHD: a longitudinal study of depressive symptoms and attributional style,Behavior Therapy,"42(2), 170-182",Longitudinal cohort study,88 boys with ADHD assessed at baseline and 2- to 3-year follow-up,10.1016/j.beth.2010.05.003,https://doi.org/10.1016/j.beth.2010.05.003,https://pmc.ncbi.nlm.nih.gov/articles/PMC3990436/,Yes - PMC author manuscript,LINK ONLY - Elsevier copyright / manuscript redistribution rights not independently cleared,ADHD; Children; Attributional Style; Self-Perception; Depression; Cognitive Bias; Longitudinal,09_2011_McQuade_Self-Perception-Attributional-Style.pdf
09-P1-13,09. Scaffold 9 - Understanding Cognitive Distortions,Candidate,Pass 1,Self-Perception Bias / Positive Illusory Bias / Review,"Owens, J. S.; Goldfine, M. E.; Evangelista, N. M.; Hoza, B.; Kaiser, N. M.",2007,A critical review of self-perceptions and the positive illusory bias in children with ADHD,Clinical Child and Family Psychology Review,"10(4), 335-351",Critical peer-reviewed review,Child ADHD self-perception and positive illusory bias literature,10.1007/s10567-007-0027-3,https://doi.org/10.1007/s10567-007-0027-3,https://pubmed.ncbi.nlm.nih.gov/17902055/,Publisher access,LINK ONLY - Springer copyright,ADHD; Children; Cognitive Bias; Positive Illusory Bias; Self-Perception; Self-Concept; Review,09_2007_Owens_Positive-Illusory-Bias-Review.pdf
09-P1-14,09. Scaffold 9 - Understanding Cognitive Distortions,Candidate,Pass 1,Self-Perception Bias / Children / Large Clinical Sample,"Hoza, B.; Gerdes, A. C.; Hinshaw, S. P.; Arnold, L. E.; Pelham, W. E. Jr.; Molina, B. S. G.; Abikoff, H. B.; Epstein, J. N.; Greenhill, L. L.; Hechtman, L.; Odbert, C.; Swanson, J. M.; Wigal, T.",2004,Self-perceptions of competence in children with ADHD and comparison children,Journal of Consulting and Clinical Psychology,"72(3), 382-391",Comparative clinical study,487 children with ADHD and 287 local normative comparison children,10.1037/0022-006X.72.3.382,https://doi.org/10.1037/0022-006X.72.3.382,https://pubmed.ncbi.nlm.nih.gov/15279522/,Publisher access,LINK ONLY - APA copyright,ADHD; Children; Self-Perception; Competence; Positive Illusory Bias; Cognitive Bias; MTA,09_2004_Hoza_Self-Perceptions-Competence-ADHD.pdf
09-P1-15,09. Scaffold 9 - Understanding Cognitive Distortions,Candidate,Pass 1,Self-Perception Bias / Modifiability,"Hoza, B.; Vaughn, A.; Waschbusch, D. A.; Murray-Close, D.; McCabe, G.",2012,Can children with ADHD be motivated to reduce bias in self-reports of competence?,Journal of Consulting and Clinical Psychology,"80(2), 245-254",Experimental self-perception study,178 children with ADHD and 86 comparison children ages 7-12,10.1037/a0027299,https://doi.org/10.1037/a0027299,https://pmc.ncbi.nlm.nih.gov/articles/PMC3340979/,Yes - PMC author manuscript,LINK ONLY - APA copyright / manuscript redistribution rights not independently cleared,ADHD; Children; Cognitive Bias; Self-Perception; Positive Illusory Bias; Metacognition; Experimental,09_2012_Hoza_Reducing-Self-Perception-Bias-ADHD.pdf
10-01,10. Scaffold 10 - Understanding Rejection Sensitivity,Final,,Rejection Sensitivity / Lived Experience / ADHD,"Rowney-Smith, A.; Sutton, B.; Quadt, L.; Eccles, J. A.",2026,The lived experiences of rejection sensitivity in ADHD - A qualitative exploration,PLOS ONE,"21(1), e0314669",Qualitative focus-group study,Five undergraduate students with ADHD; thematic analysis of rejection-sensitivity experiences,10.1371/journal.pone.0314669,https://doi.org/10.1371/journal.pone.0314669,https://journals.plos.org/plosone/article?id=10.1371/journal.pone.0314669,Yes - open access,REHOST PERMITTED - CC BY with attribution; title corrected by PLOS in March 2026,ADHD; Rejection Sensitivity; Criticism; Masking; Withdrawal; Emotional Dysregulation; Qualitative; Open Access,10_2026_Rowney-Smith_Lived-Experiences-Rejection-Sensitivity-ADHD.pdf
10-02,10. Scaffold 10 - Understanding Rejection Sensitivity,Final,,Rejection Sensitivity / Justice Sensitivity / Youth,"Bondu, R.; Esser, G.",2015,Justice and rejection sensitivity in children and adolescents with ADHD symptoms,European Child & Adolescent Psychiatry,"24(2), 185-198",Large cross-sectional community study,"1,235 German youth ages 10-19; ADHD symptoms, anxious and angry rejection sensitivity, justice sensitivity, depressive symptoms, conduct problems, and self-esteem",10.1007/s00787-014-0560-9,https://doi.org/10.1007/s00787-014-0560-9,https://pubmed.ncbi.nlm.nih.gov/24878677/,Publisher access,LINK ONLY - Springer copyright,ADHD; Rejection Sensitivity; Anxious Rejection Sensitivity; Angry Rejection Sensitivity; Justice Sensitivity; Adolescents; Self-Esteem,10_2015_Bondu_Justice-Rejection-Sensitivity-ADHD-Youth.pdf
10-03,10. Scaffold 10 - Understanding Rejection Sensitivity,Final,,Rejection Sensitivity / Adult Relationships / Mixed Evidence,"Canu, W. H.; Carlson, C. L.",2007,Rejection Sensitivity and Social Outcomes of Young Adult Men With ADHD,Journal of Attention Disorders,"10(3), 261-275",Case-control questionnaire study,"78 undergraduate men: 31 ADHD combined type, 22 ADHD primarily inattentive type, and 25 non-diagnosed controls",10.1177/1087054706288106,https://doi.org/10.1177/1087054706288106,https://pubmed.ncbi.nlm.nih.gov/17242422/,Publisher access,LINK ONLY - SAGE copyright,ADHD; Rejection Sensitivity; Adults; Relationships; Self-Esteem; Social Outcomes; Mixed Findings,10_2007_Canu_Carlson_Rejection-Sensitivity-Adult-ADHD.pdf
10-04,10. Scaffold 10 - Understanding Rejection Sensitivity,Final,,Peer Feedback / Rejection Sensitivity / Neurophysiology,"Babinski, D. E.; Kujawa, A.; Kessel, E. M.; Arfer, K. B.; Klein, D. N.",2019,Sensitivity to Peer Feedback in Young Adolescents with Symptoms of ADHD: Examination of Neurophysiological and Self-Report Measures,Journal of Abnormal Child Psychology,"47(4), 605-617",Community neurophysiological and self-report study,391 adolescents ages 10-15; ERP responses to peer acceptance/rejection plus self-reported rejection sensitivity,10.1007/s10802-018-0470-2,https://doi.org/10.1007/s10802-018-0470-2,https://pmc.ncbi.nlm.nih.gov/articles/PMC6395560/,Yes - PMC author manuscript,LINK ONLY - publisher/manuscript redistribution rights not independently cleared,ADHD; Rejection Sensitivity; Peer Feedback; Social Rejection; Social Acceptance; ERP; Adolescents; Neurophysiology,10_2019_Babinski_Peer-Feedback-Rejection-Sensitivity-ADHD.pdf
10-05,10. Scaffold 10 - Understanding Rejection Sensitivity,Final,,Social Rejection / Physiological Reactivity / Emotion Dysregulation,"McQuade, J. D.; Breaux, R. P.",2017,Are Elevations in ADHD Symptoms Associated with Physiological Reactivity and Emotion Dysregulation in Children?,Journal of Abnormal Child Psychology,"45(6), 1091-1103",Psychophysiological experimental study,61 children ages 9-13 with and without clinical elevations in ADHD symptoms; manipulated social rejection and failure tasks with RSA and skin-conductance measures,10.1007/s10802-016-0227-8,https://doi.org/10.1007/s10802-016-0227-8,https://pubmed.ncbi.nlm.nih.gov/27838892/,Publisher access,LINK ONLY - Springer copyright,ADHD; Social Rejection; Emotion Dysregulation; Physiological Reactivity; RSA; Children; Stress Response,10_2017_McQuade_Breaux_Social-Rejection-Physiology-ADHD.pdf
10-06,10. Scaffold 10 - Understanding Rejection Sensitivity,Final,,Criticism / Lived Experience / Adults,"Beaton, D. M.; Sirois, F.; Milne, E.",2022,Experiences of criticism in adults with ADHD: A qualitative study,PLOS ONE,"17(2), e0263366",Qualitative thematic-analysis study,"162 adults with ADHD or high ADHD traits; written accounts of criticism from family, friends, and colleagues",10.1371/journal.pone.0263366,https://doi.org/10.1371/journal.pone.0263366,https://journals.plos.org/plosone/article?id=10.1371/journal.pone.0263366,Yes - open access,REHOST PERMITTED - CC BY with attribution,ADHD; Criticism; Rejection; Self-Worth; Well-Being; Avoidance; Adults; Qualitative; Open Access,10_2022_Beaton_Experiences-Criticism-Adults-ADHD.pdf
10-07,10. Scaffold 10 - Understanding Rejection Sensitivity,Final,,Peer Rejection / Social Functioning / Meta-analysis,"Ros, R.; Graziano, P. A.",2018,Social Functioning in Children With or At Risk for Attention Deficit/Hyperactivity Disorder: A Meta-Analytic Review,Journal of Clinical Child & Adolescent Psychology,"47(2), 213-235",Meta-analysis,"109 studies; 104,813 participants; peer functioning, social skills, and social information processing",10.1080/15374416.2016.1266644,https://doi.org/10.1080/15374416.2016.1266644,https://pubmed.ncbi.nlm.nih.gov/28128989/,Publisher access,LINK ONLY - Taylor & Francis copyright,ADHD; Peer Rejection; Social Functioning; Social Skills; Social Cognition; Children; Meta-analysis,10_2018_Ros_Graziano_Social-Functioning-ADHD-Meta-Analysis.pdf
10-08,10. Scaffold 10 - Understanding Rejection Sensitivity,Final,,Friendship / Peer Rejection / Systematic Review,"Spender, K.; Chen, Y.-W. R.; Wilkes-Gillan, S.; Parsons, L.; Cantrill, A.; Simon, M.; Garcia, A.; Cordier, R.",2023,The friendships of children and youth with attention-deficit hyperactivity disorder: A systematic review,PLOS ONE,"18(8), e0289539",Systematic review,"24 studies; 1,509 participants with ADHD and 1,197 typically developing comparison participants",10.1371/journal.pone.0289539,https://doi.org/10.1371/journal.pone.0289539,https://journals.plos.org/plosone/article?id=10.1371/journal.pone.0289539,Yes - open access,REHOST PERMITTED - CC BY with attribution,ADHD; Friendship; Peer Rejection; Peer Victimization; Friendship Quality; Children; Adolescents; Systematic Review; Open Access,10_2023_Spender_Friendships-ADHD-Systematic-Review.pdf
10-09,10. Scaffold 10 - Understanding Rejection Sensitivity,Final,,Peer Rejection / Long-Term Outcomes / MTA,"Mrug, S.; Molina, B. S. G.; Hoza, B.; Gerdes, A. C.; Hinshaw, S. P.; Hechtman, L.; Arnold, L. E.",2012,Peer rejection and friendships in children with Attention-Deficit/Hyperactivity Disorder: contributions to long-term outcomes,Journal of Abnormal Child Psychology,"40(6), 1013-1026",Eight-year longitudinal cohort study,300 children with ADHD combined type from the Multimodal Treatment Study of Children with ADHD,10.1007/s10802-012-9610-2,https://doi.org/10.1007/s10802-012-9610-2,https://pmc.ncbi.nlm.nih.gov/articles/PMC3384771/,Yes - PMC author manuscript,LINK ONLY - Springer copyright / manuscript redistribution rights not independently cleared,ADHD; Peer Rejection; Friendship; Long-Term Outcomes; Anxiety; Global Impairment; MTA; Longitudinal,10_2012_Mrug_Peer-Rejection-Long-Term-Outcomes-ADHD.pdf
10-10,10. Scaffold 10 - Understanding Rejection Sensitivity,Final,,Emotional Dysregulation / Adults / Meta-analysis,"Beheshti, A.; Chavanon, M.-L.; Christiansen, H.",2020,Emotion dysregulation in adults with attention deficit hyperactivity disorder: a meta-analysis,BMC Psychiatry,"20, 120",Meta-analysis,"13 studies; 2,535 adults; emotion dysregulation, emotional lability, negative emotional responses, and emotion recognition",10.1186/s12888-020-2442-7,https://doi.org/10.1186/s12888-020-2442-7,https://pmc.ncbi.nlm.nih.gov/articles/PMC7069054/,Yes - open access,REHOST PERMITTED - CC BY 4.0 with attribution and license terms,ADHD; Adults; Emotional Dysregulation; Emotional Lability; Negative Emotional Responses; Meta-analysis; Open Access,10_2020_Beheshti_Emotion-Dysregulation-Adult-ADHD-Meta-Analysis.pdf
10-11,10. Scaffold 10 - Understanding Rejection Sensitivity,Final,,Rejection Sensitivity / Foundational Construct,"Downey, G.; Feldman, S. I.",1996,Implications of rejection sensitivity for intimate relationships,Journal of Personality and Social Psychology,"70(6), 1327-1343",Foundational multi-study rejection-sensitivity construct and measurement paper,Multiple studies operationalizing anxious expectations of rejection and examining perception and relationship outcomes; not ADHD-specific,10.1037/0022-3514.70.6.1327,https://doi.org/10.1037/0022-3514.70.6.1327,https://pubmed.ncbi.nlm.nih.gov/8667172/,Publisher/author access,LINK ONLY - APA copyright,Rejection Sensitivity; Foundational Construct; Rejection Sensitivity Questionnaire; Social Rejection; Relationships; Not ADHD-Specific,10_1996_Downey_Feldman_Rejection-Sensitivity-Foundational.pdf
10-P1-01,10. Scaffold 10 - Understanding Rejection Sensitivity,Candidate,Pass 1,Rejection Sensitivity / Lived Experience / ADHD,"Rowney-Smith, A.; Sutton, B.; Quadt, L.; Eccles, J. A.",2026,The lived experience of rejection sensitivity in ADHD - A qualitative exploration,PLOS ONE,"21(1), e0314669",Qualitative focus-group study,Five undergraduate students with ADHD; thematic analysis of rejection sensitivity experiences,10.1371/journal.pone.0314669,https://doi.org/10.1371/journal.pone.0314669,https://journals.plos.org/plosone/article?id=10.1371/journal.pone.0314669,Yes - open access,REHOST PERMITTED - PLOS Creative Commons Attribution license with attribution,ADHD; Rejection Sensitivity; Criticism; Masking; Withdrawal; Bodily Sensations; Emotional Dysregulation; Qualitative; Open Access,10_2026_Rowney-Smith_Lived-Experience-Rejection-Sensitivity-ADHD.pdf
10-P1-02,10. Scaffold 10 - Understanding Rejection Sensitivity,Candidate,Pass 1,Rejection Sensitivity / Justice Sensitivity / Youth,"Bondu, R.; Esser, G.",2015,Justice and rejection sensitivity in children and adolescents with ADHD symptoms,European Child & Adolescent Psychiatry,"24(2), 185-198",Large cross-sectional community study,"1,235 German youth ages 10-19; ADHD symptoms, anxious and angry rejection sensitivity, justice sensitivity, self-esteem, depressive and conduct symptoms",10.1007/s00787-014-0560-9,https://doi.org/10.1007/s00787-014-0560-9,https://pubmed.ncbi.nlm.nih.gov/24878677/,Publisher access,LINK ONLY - Springer copyright,ADHD; Rejection Sensitivity; Anxious Rejection Sensitivity; Angry Rejection Sensitivity; Justice Sensitivity; Adolescents; Self-Esteem,10_2015_Bondu_Justice-Rejection-Sensitivity-ADHD-Youth.pdf
10-P1-03,10. Scaffold 10 - Understanding Rejection Sensitivity,Candidate,Pass 1,Rejection Sensitivity / Adult Relationships,"Canu, W. H.; Carlson, C. L.",2007,Rejection Sensitivity and Social Outcomes of Young Adult Men With ADHD,Journal of Attention Disorders,"10(3), 261-275",Case-control questionnaire study,"78 undergraduate men: 31 ADHD combined type, 22 ADHD primarily inattentive type, and 25 non-diagnosed controls",10.1177/1087054706288106,https://doi.org/10.1177/1087054706288106,https://pubmed.ncbi.nlm.nih.gov/17242422/,Publisher access,LINK ONLY - SAGE copyright,ADHD; Rejection Sensitivity; Adults; Relationships; Self-Esteem; Social Outcomes; Contradictory Evidence,10_2007_Canu_Carlson_Rejection-Sensitivity-Adult-ADHD.pdf
10-P1-04,10. Scaffold 10 - Understanding Rejection Sensitivity,Candidate,Pass 1,Peer Rejection / Neurophysiology / Self-Reported Rejection Sensitivity,"Babinski, D. E.; Kujawa, A.; Kessel, E. M.; Arfer, K. B.; Klein, D. N.",2019,Sensitivity to Peer Feedback in Young Adolescents with Symptoms of ADHD: Examination of Neurophysiological and Self-Report Measures,Journal of Abnormal Child Psychology,"47(4), 605-617",Community neurophysiological and self-report study,391 adolescents ages 10-15; ERP responses to peer acceptance/rejection plus self-reported rejection sensitivity,10.1007/s10802-018-0470-2,https://doi.org/10.1007/s10802-018-0470-2,https://pmc.ncbi.nlm.nih.gov/articles/PMC6395560/,Yes - PMC author manuscript,LINK ONLY - publisher/manuscript redistribution rights not independently cleared,ADHD; Rejection Sensitivity; Peer Feedback; Social Rejection; Social Acceptance; ERP; Adolescents; Neurophysiology,10_2019_Babinski_Peer-Feedback-Rejection-Sensitivity-ADHD.pdf
10-P1-05,10. Scaffold 10 - Understanding Rejection Sensitivity,Candidate,Pass 1,Social Rejection / Physiological Reactivity / Emotion Dysregulation,"McQuade, J. D.; Breaux, R. P.",2017,Are Elevations in ADHD Symptoms Associated with Physiological Reactivity and Emotion Dysregulation in Children?,Journal of Abnormal Child Psychology,"45(6), 1091-1103",Psychophysiological experimental study,61 children ages 9-13 with and without clinical elevations in ADHD symptoms; manipulated social rejection and failure tasks with RSA and skin-conductance measures,10.1007/s10802-016-0227-8,https://doi.org/10.1007/s10802-016-0227-8,https://pubmed.ncbi.nlm.nih.gov/27838892/,Publisher access,LINK ONLY - Springer copyright,ADHD; Social Rejection; Emotion Dysregulation; Physiological Reactivity; RSA; Children; Stress Response,10_2017_McQuade_Breaux_Social-Rejection-Physiology-ADHD.pdf
10-P1-06,10. Scaffold 10 - Understanding Rejection Sensitivity,Candidate,Pass 1,Criticism / Lived Experience / Adults,"Beaton, D. M.; Sirois, F.; Milne, E.",2022,Experiences of criticism in adults with ADHD: A qualitative study,PLOS ONE,"17(2), e0263366",Qualitative thematic-analysis study,"162 adults with self-reported ADHD diagnosis or high ADHD traits; written accounts of criticism from family, friends, and colleagues",10.1371/journal.pone.0263366,https://doi.org/10.1371/journal.pone.0263366,https://journals.plos.org/plosone/article?id=10.1371/journal.pone.0263366,Yes - open access,REHOST PERMITTED - CC BY with attribution,ADHD; Criticism; Rejection; Self-Worth; Well-Being; Avoidance; Adults; Qualitative; Open Access,10_2022_Beaton_Experiences-Criticism-Adults-ADHD.pdf
10-P1-07,10. Scaffold 10 - Understanding Rejection Sensitivity,Candidate,Pass 1,Peer Rejection / Social Functioning / Meta-analysis,"Ros, R.; Graziano, P. A.",2018,Social Functioning in Children With or At Risk for Attention Deficit/Hyperactivity Disorder: A Meta-Analytic Review,Journal of Clinical Child & Adolescent Psychology,"47(2), 213-235",Meta-analysis,"109 studies; 104,813 participants; peer functioning, social skills, and social information processing",10.1080/15374416.2016.1266644,https://doi.org/10.1080/15374416.2016.1266644,https://pubmed.ncbi.nlm.nih.gov/28128989/,Publisher access,LINK ONLY - Taylor & Francis copyright,ADHD; Peer Rejection; Social Functioning; Social Skills; Social Cognition; Children; Meta-analysis,10_2018_Ros_Graziano_Social-Functioning-ADHD-Meta-Analysis.pdf
10-P1-08,10. Scaffold 10 - Understanding Rejection Sensitivity,Candidate,Pass 1,Friendship / Peer Rejection / Systematic Review,"Spender, K.; Chen, Y.-W. R.; Wilkes-Gillan, S.; Parsons, L.; Cantrill, A.; Simon, M.; Garcia, A.; Cordier, R.",2023,The friendships of children and youth with attention-deficit hyperactivity disorder: A systematic review,PLOS ONE,"18(8), e0289539",Systematic review,"24 studies; 1,509 participants with ADHD and 1,197 typically developing comparison participants",10.1371/journal.pone.0289539,https://doi.org/10.1371/journal.pone.0289539,https://journals.plos.org/plosone/article?id=10.1371/journal.pone.0289539,Yes - open access,REHOST PERMITTED - CC BY with attribution,ADHD; Friendship; Peer Rejection; Peer Victimization; Friendship Quality; Children; Adolescents; Systematic Review; Open Access,10_2023_Spender_Friendships-ADHD-Systematic-Review.pdf
10-P1-09,10. Scaffold 10 - Understanding Rejection Sensitivity,Candidate,Pass 1,Peer Rejection / Long-Term Outcomes / MTA,"Mrug, S.; Molina, B. S. G.; Hoza, B.; Gerdes, A. C.; Hinshaw, S. P.; Hechtman, L.; Arnold, L. E.",2012,Peer rejection and friendships in children with Attention-Deficit/Hyperactivity Disorder: contributions to long-term outcomes,Journal of Abnormal Child Psychology,"40(6), 1013-1026",Eight-year longitudinal cohort study,300 children with ADHD combined type from the Multimodal Treatment Study of Children with ADHD,10.1007/s10802-012-9610-2,https://doi.org/10.1007/s10802-012-9610-2,https://pmc.ncbi.nlm.nih.gov/articles/PMC3384771/,Yes - PMC author manuscript,LINK ONLY - Springer copyright / manuscript redistribution rights not independently cleared,ADHD; Peer Rejection; Friendship; Long-Term Outcomes; Anxiety; Global Impairment; MTA; Longitudinal,10_2012_Mrug_Peer-Rejection-Long-Term-Outcomes-ADHD.pdf
10-P1-10,10. Scaffold 10 - Understanding Rejection Sensitivity,Candidate,Pass 1,Peer Rejection / Developmental Cascades / MTA,"Murray-Close, D.; Hoza, B.; Hinshaw, S. P.; Arnold, L. E.; Swanson, J.; Jensen, P. S.; Hechtman, L.; Wells, K.",2010,Developmental Processes in Peer Problems of Children with ADHD in the MTA Study: Developmental Cascades and Vicious Cycles,Development and Psychopathology,"22(4), 785-802",Six-year longitudinal developmental study,536 children previously diagnosed with ADHD and 284 comparison participants followed from middle childhood into adolescence,10.1017/S0954579410000465,https://doi.org/10.1017/S0954579410000465,https://pmc.ncbi.nlm.nih.gov/articles/PMC3058512/,Yes - PMC author manuscript,LINK ONLY - Cambridge/publisher redistribution rights not independently cleared,ADHD; Peer Rejection; Developmental Cascades; Social Skills; Positive Illusory Bias; Adolescence; MTA; Longitudinal,10_2010_Murray-Close_Peer-Rejection-Developmental-Cascades.pdf
10-P1-11,10. Scaffold 10 - Understanding Rejection Sensitivity,Candidate,Pass 1,Peer Rejection / Sociometric Evidence,"Hoza, B.; Mrug, S.; Gerdes, A. C.; Hinshaw, S. P.; Bukowski, W. M.; Gold, J. A.; Kraemer, H. C.; Pelham, W. E. Jr.; Wigal, T.; Arnold, L. E.",2005,What aspects of peer relationships are impaired in children with attention-deficit/hyperactivity disorder?,Journal of Consulting and Clinical Psychology,"73(3), 411-423",Comparative sociometric study,"165 children with ADHD and 1,298 same-sex classmates serving as peer raters",10.1037/0022-006X.73.3.411,https://doi.org/10.1037/0022-006X.73.3.411,https://pubmed.ncbi.nlm.nih.gov/15982139/,Publisher access,LINK ONLY - APA copyright,ADHD; Peer Rejection; Social Preference; Friendship; Sociometric Status; Children; MTA,10_2005_Hoza_Peer-Relationships-ADHD.pdf
10-P1-12,10. Scaffold 10 - Understanding Rejection Sensitivity,Candidate,Pass 1,Emotional Dysregulation / Clinical Review,"Shaw, P.; Stringaris, A.; Nigg, J.; Leibenluft, E.",2014,Emotion dysregulation in attention deficit hyperactivity disorder,American Journal of Psychiatry,"171(3), 276-293",Peer-reviewed clinical and mechanistic review,"ADHD across the lifespan; prevalence, impairment, mechanisms, neurobiology, and treatment of emotion dysregulation",10.1176/appi.ajp.2013.13070966,https://doi.org/10.1176/appi.ajp.2013.13070966,https://pmc.ncbi.nlm.nih.gov/articles/PMC4282137/,Yes - PMC author manuscript,LINK ONLY - American Psychiatric Association copyright / manuscript redistribution rights not independently cleared,ADHD; Emotional Dysregulation; Emotional Lability; Negative Affect; Social Functioning; Review,10_2014_Shaw_Emotion-Dysregulation-ADHD-Review.pdf
10-P1-13,10. Scaffold 10 - Understanding Rejection Sensitivity,Candidate,Pass 1,Emotional Dysregulation / Adults / Meta-analysis,"Beheshti, A.; Chavanon, M.-L.; Christiansen, H.",2020,Emotion dysregulation in adults with attention deficit hyperactivity disorder: a meta-analysis,BMC Psychiatry,"20, 120",Meta-analysis,"13 studies; 2,535 adults; general emotion dysregulation, emotional lability, negative emotional responses, and emotion recognition",10.1186/s12888-020-2442-7,https://doi.org/10.1186/s12888-020-2442-7,https://link.springer.com/article/10.1186/s12888-020-2442-7,Yes - open access,REHOST PERMITTED - CC BY 4.0 with attribution and license terms,ADHD; Adults; Emotional Dysregulation; Emotional Lability; Negative Emotional Responses; Meta-analysis; Open Access,10_2020_Beheshti_Emotion-Dysregulation-Adult-ADHD-Meta-Analysis.pdf
10-P1-14,10. Scaffold 10 - Understanding Rejection Sensitivity,Candidate,Pass 1,Peer Inclusion / Social Intervention / Meta-analysis,"Cordier, R.; Vilaysack, B.; Doma, K.; Wilkes-Gillan, S.; Speyer, R.",2018,Peer Inclusion in Interventions for Children with ADHD: A Systematic Review and Meta-Analysis,BioMed Research International,"2018, 7693479",Systematic review and meta-analysis,17 controlled studies examining peer involvement or peer proximity in interventions for children with ADHD,10.1155/2018/7693479,https://doi.org/10.1155/2018/7693479,https://pmc.ncbi.nlm.nih.gov/articles/PMC5878915/,Yes - open access,REHOST PERMITTED - Creative Commons Attribution license with attribution,ADHD; Peer Inclusion; Social Functioning; Peer Relationships; Intervention; Children; Meta-analysis; Open Access,10_2018_Cordier_Peer-Inclusion-ADHD-Meta-Analysis.pdf
10-P1-15,10. Scaffold 10 - Understanding Rejection Sensitivity,Candidate,Pass 1,Rejection Sensitivity / Foundational Construct,"Downey, G.; Feldman, S. I.",1996,Implications of rejection sensitivity for intimate relationships,Journal of Personality and Social Psychology,"70(6), 1327-1343",Foundational multi-study rejection-sensitivity construct and measurement paper,Multiple studies operationalizing anxious expectations of rejection and examining perception and relationship outcomes; not ADHD-specific,10.1037/0022-3514.70.6.1327,https://doi.org/10.1037/0022-3514.70.6.1327,https://pubmed.ncbi.nlm.nih.gov/8667172/,Publisher/author access,LINK ONLY - APA copyright,Rejection Sensitivity; Foundational Construct; Rejection Sensitivity Questionnaire; Social Rejection; Relationships; Not ADHD-Specific,10_1996_Downey_Feldman_Rejection-Sensitivity-Foundational.pdf
11-01,11. Women with ADHD,Final,,Recognition / Diagnosis / Lifespan Consensus,"Young, S.; Adamo, N.; Asgeirsdottir, B. B.; Branney, P.; Beckett, M.; Colley, W.; Cubbin, S.; Deeley, Q.; Farrag, E.; Gudjonsson, G.; Hill, P.; Hollingdale, J.; Kilic, O.; Lloyd, T.; Mason, P.; Paliokosta, E.; Perecherla, S.; Sedgwick, J.; Skirrow, C.; Tierney, K.; van Rensburg, K.; Woodhouse, E.",2020,Females with ADHD: An expert consensus statement taking a lifespan approach providing guidance for the identification and treatment of attention-deficit/hyperactivity disorder in girls and women,BMC Psychiatry,"20, 404",Expert consensus statement and evidence-informed clinical review,"Girls and women with ADHD across the lifespan; recognition, referral, assessment, treatment, masking/compensation, comorbidity, and transitions",10.1186/s12888-020-02707-9,https://doi.org/10.1186/s12888-020-02707-9,https://pmc.ncbi.nlm.nih.gov/articles/PMC7422602/,Yes - open access,REHOST PERMITTED - CC BY 4.0 with attribution and license terms,ADHD; Girls; Women; Diagnosis; Recognition; Masking; Compensation; Lifespan; Consensus; Open Access,11_2020_Young_Females-ADHD-Expert-Consensus.pdf
11-02,11. Women with ADHD,Final,,Underrepresentation / Lifespan / Longitudinal Review,"Hinshaw, S. P.; Nguyen, P. T.; O'Grady, S. M.; Rosenthal, E. A.",2022,"Annual Research Review: Attention-deficit/hyperactivity disorder in girls and women: underrepresentation, longitudinal processes, and key directions",Journal of Child Psychology and Psychiatry,"63(4), 484-496",Annual research review,"Girls and women across the lifespan; prevalence, diagnostic practices, comorbidity, causal factors, longitudinal outcomes, and underrepresentation",10.1111/jcpp.13480,https://doi.org/10.1111/jcpp.13480,https://pubmed.ncbi.nlm.nih.gov/34231220/,Publisher/repository access,LINK ONLY - Wiley copyright,ADHD; Girls; Women; Underrepresentation; Diagnosis; Longitudinal; Lifespan; Review,11_2022_Hinshaw_Girls-Women-ADHD-Annual-Review.pdf
11-03,11. Women with ADHD,Final,,Female Presentation / Item-Level Symptoms / Systematic Review,"Williams, T.; Horstmann, L.; Kayani, L.; Lim, A. X. H.; Russell, A.; Ford, T.; John, A.; Sayal, K.; Thapar, A.; Langley, K.; Martin, J.",2025,An item-level systematic review of the presentation of ADHD in females,Neuroscience & Biobehavioral Reviews,"171, 106064",Systematic review,13 studies comparing individual ADHD symptoms and impacts in females with ADHD versus males with ADHD and females without ADHD,10.1016/j.neubiorev.2025.106064,https://doi.org/10.1016/j.neubiorev.2025.106064,https://www.sciencedirect.com/science/article/pii/S0149763425000648,Yes - open access,REHOST PERMITTED - CC BY 4.0 with attribution and license terms,ADHD; Females; Girls; Women; Symptom Presentation; Inattention; Hyperactivity; Mind Wandering; Missed Diagnosis; Systematic Review,11_2025_Williams_Item-Level-Female-ADHD-Presentation.pdf
11-04,11. Women with ADHD,Final,,Underdiagnosis / Clinical Recognition / Conceptual Review,"Martin, J.",2024,Why are females less likely to be diagnosed with ADHD in childhood than males?,The Lancet Psychiatry,"11(4), 303-310",Personal View / conceptual literature review,"Childhood ADHD recognition in females; biological, diagnostic-practice, and sociocultural explanations for sex differences in diagnosis and treatment",10.1016/S2215-0366(24)00010-5,https://doi.org/10.1016/S2215-0366(24)00010-5,https://pubmed.ncbi.nlm.nih.gov/38340761/,Publisher access; accepted manuscript may be available in institutional repository,LINK ONLY - publisher copyright; repository manuscript carries noncommercial/no-derivatives restrictions,ADHD; Girls; Underdiagnosis; Recognition; Diagnostic Bias; Masking; Compensation; Childhood; Review,11_2024_Martin_Females-Less-Likely-Diagnosed-ADHD.pdf
11-05,11. Women with ADHD,Final,,Adult Women / Late Diagnosis / Systematic Review,"Attoe, D. E.; Climie, E. A.",2023,Miss. Diagnosis: A Systematic Review of ADHD in Adult Women,Journal of Attention Disorders,"27(7), 645-657",Systematic review,Eight studies examining the impact of undiagnosed ADHD and adult ADHD diagnosis in women,10.1177/10870547231161533,https://doi.org/10.1177/10870547231161533,https://pmc.ncbi.nlm.nih.gov/articles/PMC10173330/,Yes - open access,LINK ONLY for a public commercial website - CC BY-NC 4.0,ADHD; Women; Adult Diagnosis; Late Diagnosis; Missed Diagnosis; Social-Emotional Wellbeing; Systematic Review,11_2023_Attoe_Miss-Diagnosis-Adult-Women-ADHD.pdf
11-06,11. Women with ADHD,Final,,Adult Diagnosis / Lived Experience / Mixed Methods,"Babinski, D. E.; Libsack, E. J.",2025,Adult Diagnosis of ADHD in Women: A Mixed Methods Investigation,Journal of Attention Disorders,"29(3), 207-219",Mixed-methods qualitative focus-group study,"14 women diagnosed with ADHD in adulthood; diagnostic barriers, masking, self-advocacy, benefits and costs of diagnosis, and access to care",10.1177/10870547241297897,https://doi.org/10.1177/10870547241297897,https://pmc.ncbi.nlm.nih.gov/articles/PMC11694561/,Yes - open access,LINK ONLY for a public commercial website - CC BY-NC 4.0,ADHD; Women; Adult Diagnosis; Late Diagnosis; Masking; Self-Advocacy; Lived Experience; Qualitative,11_2025_Babinski_Libsack_Adult-Diagnosis-Women-ADHD.pdf
11-07,11. Women with ADHD,Final,,Diagnostic Process / Girls vs Boys,"Klefsjo, U.; Kantzer, A. K.; Gillberg, C.; Billstedt, E.",2021,The road to diagnosis and treatment in girls and boys with ADHD - gender differences in the diagnostic process,Nordic Journal of Psychiatry,"75(4), 301-305",Retrospective medical-record study,"100 child and adolescent psychiatric outpatients with ADHD; 50 girls and 50 boys; referral reasons, diagnostic process, and treatment history",10.1080/08039488.2020.1850859,https://doi.org/10.1080/08039488.2020.1850859,https://pubmed.ncbi.nlm.nih.gov/33241961/,Free article / publisher access,LINK ONLY - CC BY-NC-ND 4.0 does not permit commercial redistribution or derivatives,ADHD; Girls; Diagnosis; Referral; Emotional Symptoms; Diagnostic Delay; Gender Differences; Clinical Process,11_2021_Klefsjo_Girls-Boys-ADHD-Diagnostic-Process.pdf
11-08,11. Women with ADHD,Final,,Hyperactivity / Objective Measurement / Adults,"Wettstein, R.; Navarro Ovando, V.; Pirgon, E.; Kroesen, J.; Wettstein, K.; Kroesen, H.; Mathot, R.; Dumont, G.",2024,Absent or Hidden? Hyperactivity in Females With ADHD,Journal of Attention Disorders,"28(12), 1589-1597",Large clinical observational study using objective motor-activity measurement,"13,179 adults with ADHD and 1,910 adults without ADHD; objective motor activity compared across sex and diagnosis",10.1177/10870547241273152,https://doi.org/10.1177/10870547241273152,https://pubmed.ncbi.nlm.nih.gov/39161237/,Publisher access,LINK ONLY - SAGE copyright,ADHD; Women; Females; Hyperactivity; Motor Activity; Objective Measurement; Diagnostic Bias; Adults,11_2024_Wettstein_Hyperactivity-Females-ADHD.pdf
11-09,11. Women with ADHD,Final,,Adult Sex Differences / Severity / Comorbidity / Function,"Mestres, F.; Richarte, V.; Crespin, J. J.; Torrent, C.; Biel, S.; Ramos, C.; Ibanez, P.; Oltra-Arano, L.; Corrales, M.; Amoretti, S.; Fadeuilhe, C.; Ramos-Quiroga, J. A.",2025,Sex differences in adults with attention-deficit/hyperactivity disorder: A population-based study,European Psychiatry,"68(1), e90",Population-based cross-sectional study,"900 adults diagnosed with ADHD; sex differences in ADHD severity, psychiatric comorbidity, functioning, disability, and clinical presentation",10.1192/j.eurpsy.2025.2441,https://doi.org/10.1192/j.eurpsy.2025.2441,https://pmc.ncbi.nlm.nih.gov/articles/PMC12260720/,Yes - open access,REHOST PERMITTED - CC BY 4.0 with attribution and license terms,ADHD; Adults; Women; Sex Differences; Depression; Anxiety; Functional Impairment; Disability; Open Access,11_2025_Mestres_Adult-Sex-Differences-ADHD.pdf
11-10,11. Women with ADHD,Final,,Girls to Early Adulthood / Self-Harm / Prospective Follow-up,"Hinshaw, S. P.; Owens, E. B.; Zalecki, C.; Huggins, S. P.; Montenegro-Nevado, A. J.; Schrodek, E.; Swanson, E. N.",2012,Prospective follow-up of girls with attention-deficit/hyperactivity disorder into early adulthood: continuing impairment includes elevated risk for suicide attempts and self-injury,Journal of Consulting and Clinical Psychology,"80(6), 1041-1051",Ten-year prospective longitudinal follow-up,140 girls with childhood ADHD and 88 matched comparison girls; outcomes assessed at ages 17-24 with 95% retention,10.1037/a0029451,https://doi.org/10.1037/a0029451,https://pmc.ncbi.nlm.nih.gov/articles/PMC3543865/,Yes - PMC author manuscript,LINK ONLY - APA copyright / manuscript redistribution rights not independently cleared,ADHD; Girls; Women; Early Adulthood; Self-Harm; Suicide Attempts; Functional Impairment; Longitudinal,11_2012_Hinshaw_Girls-ADHD-Early-Adulthood-Self-Harm.pdf
11-11,11. Women with ADHD,Final,,Girls to Adulthood / Diagnostic Persistence / Cross-Domain Outcomes,"Owens, E. B.; Zalecki, C.; Gillette, P.; Hinshaw, S. P.",2017,Girls with childhood ADHD as adults: Cross-domain outcomes by diagnostic persistence,Journal of Consulting and Clinical Psychology,"85(7), 723-736",Sixteen-year prospective longitudinal follow-up,140 girls with rigorously diagnosed childhood ADHD and 88 matched comparison girls followed into adulthood,10.1037/ccp0000217,https://doi.org/10.1037/ccp0000217,https://pmc.ncbi.nlm.nih.gov/articles/PMC5512560/,Yes - PMC author manuscript,LINK ONLY - APA copyright / manuscript redistribution rights not independently cleared,ADHD; Girls; Women; Adulthood; Persistence; Remission; Education; Unplanned Pregnancy; Functional Impairment; Longitudinal,11_2017_Owens_Girls-ADHD-Adult-Outcomes-Persistence.pdf
11-P1-01,11. Women with ADHD,Candidate,Pass 1,Recognition / Diagnosis / Lifespan Consensus,"Young, S.; Adamo, N.; Asgeirsdottir, B. B.; Branney, P.; Beckett, M.; Colley, W.; Cubbin, S.; Deeley, Q.; Farrag, E.; Gudjonsson, G.; Hill, P.; Hollingdale, J.; Kilic, O.; Lloyd, T.; Mason, P.; Paliokosta, E.; Perecherla, S.; Sedgwick, J.; Skirrow, C.; Tierney, K.; van Rensburg, K.; Woodhouse, E.",2020,Females with ADHD: An expert consensus statement taking a lifespan approach providing guidance for the identification and treatment of attention-deficit/hyperactivity disorder in girls and women,BMC Psychiatry,"20, 404",Expert consensus statement and evidence-informed clinical review,"Girls and women with ADHD across the lifespan; recognition, referral, assessment, treatment, masking/compensation, comorbidity, and transitions",10.1186/s12888-020-02707-9,https://doi.org/10.1186/s12888-020-02707-9,https://pmc.ncbi.nlm.nih.gov/articles/PMC7422602/,Yes - open access,REHOST PERMITTED - CC BY 4.0 with attribution and license terms,ADHD; Girls; Women; Diagnosis; Recognition; Masking; Compensation; Lifespan; Consensus; Open Access,11_2020_Young_Females-ADHD-Expert-Consensus.pdf
11-P1-02,11. Women with ADHD,Candidate,Pass 1,Underrepresentation / Lifespan / Longitudinal Review,"Hinshaw, S. P.; Nguyen, P. T.; O'Grady, S. M.; Rosenthal, E. A.",2022,"Annual Research Review: Attention-deficit/hyperactivity disorder in girls and women: underrepresentation, longitudinal processes, and key directions",Journal of Child Psychology and Psychiatry,"63(4), 484-496",Annual research review,"Girls and women across the lifespan; prevalence, diagnostic practices, comorbidity, causal factors, longitudinal outcomes, and underrepresentation",10.1111/jcpp.13480,https://doi.org/10.1111/jcpp.13480,https://pubmed.ncbi.nlm.nih.gov/34231220/,Publisher/repository access,LINK ONLY - Wiley copyright,ADHD; Girls; Women; Underrepresentation; Diagnosis; Longitudinal; Lifespan; Review,11_2022_Hinshaw_Girls-Women-ADHD-Annual-Review.pdf
11-P1-03,11. Women with ADHD,Candidate,Pass 1,Sex Differences / Lifespan Review,"Babinski, D. E.",2024,Sex Differences in ADHD: Review and Priorities for Future Research,Current Psychiatry Reports,"26(4), 151-156",Peer-reviewed review,"Cross-sectional, longitudinal, adult-ascertained, and registry studies examining sex differences in ADHD across the lifespan",10.1007/s11920-024-01492-6,https://doi.org/10.1007/s11920-024-01492-6,https://pubmed.ncbi.nlm.nih.gov/38324203/,Publisher access,LINK ONLY - Springer exclusive license,ADHD; Sex Differences; Girls; Women; Diagnosis; Lifespan; Functional Impairment; Review,11_2024_Babinski_Sex-Differences-ADHD-Review.pdf
11-P1-04,11. Women with ADHD,Candidate,Pass 1,Underdiagnosis / Clinical Recognition / Conceptual Review,"Martin, J.",2024,Why are females less likely to be diagnosed with ADHD in childhood than males?,The Lancet Psychiatry,"11(4), 303-310",Personal View / conceptual literature review,"Childhood ADHD recognition in females; biological, diagnostic-practice, and sociocultural explanations for sex differences in diagnosis and treatment",10.1016/S2215-0366(24)00010-5,https://doi.org/10.1016/S2215-0366(24)00010-5,https://pubmed.ncbi.nlm.nih.gov/38340761/,Publisher access / complimentary access may vary,LINK ONLY - Elsevier copyright,ADHD; Girls; Underdiagnosis; Recognition; Diagnostic Bias; Masking; Compensation; Childhood; Review,11_2024_Martin_Females-Less-Likely-Diagnosed-ADHD.pdf
11-P1-05,11. Women with ADHD,Candidate,Pass 1,Female Presentation / Item-Level Symptoms / Systematic Review,"Williams, T.; Horstmann, L.; Kayani, L.; Lim, A. X. H.; Russell, A.; Ford, T.; John, A.; Sayal, K.; Thapar, A.; Langley, K.; Martin, J.",2025,An item-level systematic review of the presentation of ADHD in females,Neuroscience & Biobehavioral Reviews,"171, 106064",Systematic review,13 studies comparing individual ADHD symptoms and impacts in females with ADHD versus males with ADHD and females without ADHD,10.1016/j.neubiorev.2025.106064,https://doi.org/10.1016/j.neubiorev.2025.106064,https://www.sciencedirect.com/science/article/pii/S0149763425000648,Yes - open access,REHOST PERMITTED - CC BY 4.0 with attribution and license terms,ADHD; Females; Girls; Women; Symptom Presentation; Inattention; Hyperactivity; Mind Wandering; Missed Diagnosis; Systematic Review,11_2025_Williams_Item-Level-Female-ADHD-Presentation.pdf
11-P1-06,11. Women with ADHD,Candidate,Pass 1,Adult Women / Late Diagnosis / Systematic Review,"Attoe, D. E.; Climie, E. A.",2023,Miss. Diagnosis: A Systematic Review of ADHD in Adult Women,Journal of Attention Disorders,"27(7), 645-657",Systematic review,Eight studies examining the impact of undiagnosed ADHD and adult ADHD diagnosis in women,10.1177/10870547231161533,https://doi.org/10.1177/10870547231161533,https://pmc.ncbi.nlm.nih.gov/articles/PMC10173330/,Yes - open access,LINK ONLY for a public commercial website - CC BY-NC 4.0,ADHD; Women; Adult Diagnosis; Late Diagnosis; Missed Diagnosis; Social-Emotional Wellbeing; Systematic Review,11_2023_Attoe_Miss-Diagnosis-Adult-Women-ADHD.pdf
11-P1-07,11. Women with ADHD,Candidate,Pass 1,Adult Diagnosis / Lived Experience / Mixed Methods,"Babinski, D. E.; Libsack, E. J.",2025,Adult Diagnosis of ADHD in Women: A Mixed Methods Investigation,Journal of Attention Disorders,"29(3), 207-219",Mixed-methods qualitative focus-group study,"14 women diagnosed with ADHD in adulthood; diagnostic barriers, masking, self-advocacy, benefits and costs of diagnosis, and access to care",10.1177/10870547241297897,https://doi.org/10.1177/10870547241297897,https://pmc.ncbi.nlm.nih.gov/articles/PMC11694561/,Yes - open access,LINK ONLY for a public commercial website - CC BY-NC 4.0,ADHD; Women; Adult Diagnosis; Late Diagnosis; Masking; Self-Advocacy; Lived Experience; Qualitative,11_2025_Babinski_Libsack_Adult-Diagnosis-Women-ADHD.pdf
11-P1-08,11. Women with ADHD,Candidate,Pass 1,Undiagnosed ADHD / Adverse Experiences / Women,"Holden, E.; Kobayashi-Wood, H.",2025,Adverse experiences of women with undiagnosed ADHD and the invaluable role of diagnosis,Scientific Reports,"15, 20945",Mixed-methods survey,"28 women with late-diagnosed ADHD; perceived effects of delayed diagnosis across childhood, adolescence, and adulthood",10.1038/s41598-025-04782-y,https://doi.org/10.1038/s41598-025-04782-y,https://pmc.ncbi.nlm.nih.gov/articles/PMC12218314/,Yes - open access,REHOST PERMITTED - CC BY 4.0 with attribution and license terms,ADHD; Women; Late Diagnosis; Undiagnosed ADHD; Self-Esteem; Shame; Quality of Life; Lived Experience; Open Access,11_2025_Holden_Undiagnosed-Women-ADHD-Adverse-Experiences.pdf
11-P1-09,11. Women with ADHD,Candidate,Pass 1,Girls / Lived Experience / Masking and Context,"Williams, T.; Barclay, I.; Bevan-Jones, R.; Livingston, L. A.; Agha, S. S.; Ford, T.; John, A.; Sayal, K.; Thapar, A.; Martin, J.",2025,Reflections on the manifestation of attention-deficit hyperactivity disorder in girls from young adults with lived experiences: a qualitative study,The British Journal of Psychiatry,"227(5), 775-782",Qualitative interview study,"12 young adults ages 18-25, including 10 women and 2 non-binary participants assigned female at birth, reflecting on childhood ADHD presentation",10.1192/bjp.2025.10376,https://doi.org/10.1192/bjp.2025.10376,https://pmc.ncbi.nlm.nih.gov/articles/PMC12550658/,Yes - open access,REHOST PERMITTED - CC BY 4.0 with attribution and license terms,ADHD; Girls; Female Presentation; Masking; Compensation; Internalized Symptoms; Social Context; Qualitative; Open Access,11_2025_Williams_Girls-ADHD-Lived-Experience.pdf
11-P1-10,11. Women with ADHD,Candidate,Pass 1,Diagnostic Process / Girls vs Boys,"Klefsjo, U.; Kantzer, A. K.; Gillberg, C.; Billstedt, E.",2021,The road to diagnosis and treatment in girls and boys with ADHD - gender differences in the diagnostic process,Nordic Journal of Psychiatry,"75(4), 301-305",Retrospective medical-record study,"100 child and adolescent psychiatric outpatients with ADHD; 50 girls and 50 boys; referral reasons, diagnostic process, and treatment history",10.1080/08039488.2020.1850859,https://doi.org/10.1080/08039488.2020.1850859,https://pubmed.ncbi.nlm.nih.gov/33241961/,Free article / publisher access,LINK ONLY - Taylor & Francis copyright,ADHD; Girls; Diagnosis; Referral; Emotional Symptoms; Diagnostic Delay; Gender Differences; Clinical Process,11_2021_Klefsjo_Girls-Boys-ADHD-Diagnostic-Process.pdf
11-P1-11,11. Women with ADHD,Candidate,Pass 1,Hyperactivity / Objective Measurement / Adults,"Wettstein, R.; Navarro Ovando, V.; Pirgon, E.; Kroesen, J.; Wettstein, K.; Kroesen, H.; Mathot, R.; Dumont, G.",2024,Absent or Hidden? Hyperactivity in Females With ADHD,Journal of Attention Disorders,"28(12), 1589-1597",Large clinical observational study using objective motor-activity measurement,"13,179 adults with ADHD and 1,910 adults without ADHD; approximately half of ADHD group female",10.1177/10870547241273152,https://doi.org/10.1177/10870547241273152,https://pubmed.ncbi.nlm.nih.gov/39161237/,Publisher access,LINK ONLY - SAGE copyright,ADHD; Women; Females; Hyperactivity; Motor Activity; Objective Measurement; Diagnostic Bias; Adults,11_2024_Wettstein_Hyperactivity-Females-ADHD.pdf
11-P1-12,11. Women with ADHD,Candidate,Pass 1,Adult Sex Differences / Severity / Comorbidity / Function,"Mestres, F.; Richarte, V.; Crespin, J. J.; Torrent, C.; Biel, S.; Ramos, C.; Ibanez, P.; Oltra-Arano, L.; Corrales, M.; Amoretti, S.; Fadeuilhe, C.; Ramos-Quiroga, J. A.",2025,Sex differences in adults with attention-deficit/hyperactivity disorder: A population-based study,European Psychiatry,"68(1), e90",Population-based cross-sectional study,"900 adults diagnosed with ADHD; sex differences in ADHD severity, psychiatric comorbidity, functioning, disability, and subtype",10.1192/j.eurpsy.2025.2441,https://doi.org/10.1192/j.eurpsy.2025.2441,https://pmc.ncbi.nlm.nih.gov/articles/PMC12260720/,Yes - open access,REHOST PERMITTED - CC BY 4.0 with attribution and license terms,ADHD; Adults; Women; Sex Differences; Depression; Anxiety; Functional Impairment; Disability; Open Access,11_2025_Mestres_Adult-Sex-Differences-ADHD.pdf
11-P1-13,11. Women with ADHD,Candidate,Pass 1,Girls / Psychopathology / Prospective Outcomes,"Biederman, J.; Monuteaux, M. C.; Mick, E.; Spencer, T.; Wilens, T. E.; Klein, K. L.; Price, J. E.; Faraone, S. V.",2006,"Psychopathology in females with attention-deficit/hyperactivity disorder: a controlled, five-year prospective study",Biological Psychiatry,"60(10), 1098-1105",Blind five-year prospective longitudinal study,140 girls with ADHD and 122 girls without ADHD ages 6-18 at baseline; psychiatric outcomes assessed at five-year follow-up,10.1016/j.biopsych.2006.02.031,https://doi.org/10.1016/j.biopsych.2006.02.031,https://pubmed.ncbi.nlm.nih.gov/16712802/,Publisher access,LINK ONLY - Elsevier copyright,ADHD; Girls; Women; Prospective; Depression; Anxiety; Substance Dependence; Comorbidity; Longitudinal,11_2006_Biederman_Psychopathology-Females-ADHD-5-Year.pdf
11-P1-14,11. Women with ADHD,Candidate,Pass 1,Girls to Early Adulthood / Self-Harm / Prospective Follow-up,"Hinshaw, S. P.; Owens, E. B.; Zalecki, C.; Huggins, S. P.; Montenegro-Nevado, A. J.; Schrodek, E.; Swanson, E. N.",2012,Prospective follow-up of girls with attention-deficit/hyperactivity disorder into early adulthood: continuing impairment includes elevated risk for suicide attempts and self-injury,Journal of Consulting and Clinical Psychology,"80(6), 1041-1051",Ten-year prospective longitudinal follow-up,140 girls with childhood ADHD and 88 matched comparison girls; outcomes assessed at ages 17-24 with 95% retention,10.1037/a0029451,https://doi.org/10.1037/a0029451,https://pmc.ncbi.nlm.nih.gov/articles/PMC3543865/,Yes - PMC author manuscript,LINK ONLY - APA copyright / manuscript redistribution rights not independently cleared,ADHD; Girls; Women; Early Adulthood; Self-Harm; Suicide Attempts; Functional Impairment; Longitudinal,11_2012_Hinshaw_Girls-ADHD-Early-Adulthood-Self-Harm.pdf
11-P1-15,11. Women with ADHD,Candidate,Pass 1,Girls to Adulthood / Diagnostic Persistence / Cross-Domain Outcomes,"Owens, E. B.; Zalecki, C.; Gillette, P.; Hinshaw, S. P.",2017,Girls with childhood ADHD as adults: Cross-domain outcomes by diagnostic persistence,Journal of Consulting and Clinical Psychology,"85(7), 723-736",Sixteen-year prospective longitudinal follow-up,140 girls with rigorously diagnosed childhood ADHD and 88 matched comparison girls followed into adulthood,10.1037/ccp0000217,https://doi.org/10.1037/ccp0000217,https://pmc.ncbi.nlm.nih.gov/articles/PMC5512560/,Yes - PMC author manuscript,LINK ONLY - APA copyright / manuscript redistribution rights not independently cleared,ADHD; Girls; Women; Adulthood; Persistence; Remission; Education; Unplanned Pregnancy; Functional Impairment; Longitudinal,11_2017_Owens_Girls-ADHD-Adult-Outcomes-Persistence.pdf
12-01,12. Hormones & ADHD,Final,,Sex Hormones / Systematic Review,"Osianlis, E.; Thomas, E. H. X.; Jenkins, L. M.; Gurvich, C.",2025,ADHD and Sex Hormones in Females: A Systematic Review,Journal of Attention Disorders,"29(9), 706-723",Systematic review,"11 studies examining ADHD symptoms, medication effects, and hormonal changes in females, including puberty, menstrual cycle, and pregnancy",10.1177/10870547251332319,https://doi.org/10.1177/10870547251332319,https://pmc.ncbi.nlm.nih.gov/articles/PMC12145478/,Yes - open access,REHOST PERMITTED - CC BY 4.0 with attribution,ADHD; Females; Sex Hormones; Estrogen; Progesterone; Puberty; Menstrual Cycle; Pregnancy; Systematic Review; Open Access,12_2025_Osianlis_ADHD-Sex-Hormones-Systematic-Review.pdf
12-02,12. Hormones & ADHD,Final,,Menstrual Health / Scoping Review,"Kennedy, G.; Baran-Goldwax, M.; Lippe, S.",2026,Menstrual health and Attention-Deficit/Hyperactivity Disorder (ADHD) symptoms: A scoping review,Women's Health,"22, 17455057261460285",Scoping review with critical appraisal,20 primary studies examining menstrual health characteristics and ADHD diagnosis or symptoms; samples ranged from 1 to 405 participants ages 13-49,10.1177/17455057261460285,https://doi.org/10.1177/17455057261460285,https://pmc.ncbi.nlm.nih.gov/articles/PMC13260955/,Yes - open access,REHOST PERMITTED - CC BY 4.0 with attribution,ADHD; Menstruation; Menstrual Health; Premenstrual Symptoms; Dysmenorrhea; Stimulants; Scoping Review; Open Access,12_2026_Kennedy_Menstrual-Health-ADHD-Scoping-Review.pdf
12-03,12. Hormones & ADHD,Final,,Estradiol / Progesterone / Menstrual Cycle,"Roberts, B.; Eisenlohr-Moul, T.; Martel, M. M.",2018,Reproductive steroids and ADHD symptoms across the menstrual cycle,Psychoneuroendocrinology,"88, 105-114",Prospective daily hormone and symptom study,"32 regularly cycling young adult women; daily salivary estradiol, progesterone, testosterone, and ADHD symptom ratings across 35 days",10.1016/j.psyneuen.2017.11.015,https://doi.org/10.1016/j.psyneuen.2017.11.015,https://pmc.ncbi.nlm.nih.gov/articles/PMC5803442/,Yes - PMC author manuscript,LINK ONLY - author manuscript carries noncommercial/no-derivatives restrictions,ADHD; Estradiol; Progesterone; Testosterone; Menstrual Cycle; Impulsivity; Hormone Fluctuation; Prospective,12_2018_Roberts_Reproductive-Steroids-ADHD-Menstrual-Cycle.pdf
12-04,12. Hormones & ADHD,Final,,Premenstrual Medication Response / Case Series,"de Jong, M.; Wynchank, D. S. M. R.; van Andel, E.; Beekman, A. T. F.; Kooij, J. J. S.",2023,Female-specific pharmacotherapy in ADHD: premenstrual adjustment of psychostimulant dosage,Frontiers in Psychiatry,"14, 1306194",Community case series,Nine adult women with ADHD and premenstrual worsening of ADHD and mood symptoms; monitored for 6-24 months after premenstrual stimulant dose increases,10.3389/fpsyt.2023.1306194,https://doi.org/10.3389/fpsyt.2023.1306194,https://pmc.ncbi.nlm.nih.gov/articles/PMC10751335/,Yes - open access,REHOST PERMITTED - CC BY with attribution,ADHD; Women; Premenstrual; Menstrual Cycle; Psychostimulants; Medication Response; Luteal Phase; Case Series; Open Access,12_2023_deJong_Premenstrual-Stimulant-Dose-Adjustment-ADHD.pdf
12-05,12. Hormones & ADHD,Final,,PMDD / ADHD / Premenstrual Symptoms,"Broughton, T.; Lambert, E.; Wertz, J.; Agnew-Blais, J.",2025,Increased risk of provisional premenstrual dysphoric disorder (PMDD) among females with attention-deficit hyperactivity disorder (ADHD): cross-sectional survey study,The British Journal of Psychiatry,"226(6), 410-417",Cross-sectional survey study,"715 participants ages 18-34 assigned female at birth; self-reported clinical ADHD, ASRS-based ADHD, and provisional PMDD assessed",10.1192/bjp.2025.104,https://doi.org/10.1192/bjp.2025.104,https://pmc.ncbi.nlm.nih.gov/articles/PMC7617793/,Yes - open access,REHOST PERMITTED - CC BY 4.0 with attribution,ADHD; PMDD; Premenstrual Dysphoric Disorder; Menstrual Cycle; Women; Premenstrual Symptoms; Open Access,12_2025_Broughton_PMDD-Risk-Females-ADHD.pdf
12-06,12. Hormones & ADHD,Final,,Hormonal Life Stages / Menstrual Cycle / Postpartum / Menopause,"Osianlis, E.; Thomas, E. H. X.; Li, Q.; Bellgrove, M.; May, T.; Chapman, D.; Kulkarni, J.; Gurvich, C.",2026,ADHD in females: Survey findings on symptoms across hormonal life stages,Journal of Psychiatric Research,"193, 208-215",Cross-sectional survey study,"600 females reporting ADHD diagnosis and symptoms; perceived symptom changes across menstrual, postpartum, and menopausal life stages",10.1016/j.jpsychires.2025.11.035,https://doi.org/10.1016/j.jpsychires.2025.11.035,https://www.sciencedirect.com/science/article/pii/S0022395625007381,Yes - open access,REHOST PERMITTED - CC BY 4.0 with attribution,ADHD; Females; Hormonal Life Stages; Menstrual Cycle; Luteal Phase; Postpartum; Menopause; Survey; Open Access,12_2026_Osianlis_ADHD-Hormonal-Life-Stages-Survey.pdf
12-07,12. Hormones & ADHD,Final,,Menstruation / Perinatal / Menopause / Comparative Study,"Boyd, C.; Wrigley, M.; Kilbride, K.; Mulligan, A.; Bramham, J.",2026,"ADHD and the female reproductive stages: menstruation, perinatal and menopause",Archives of Women's Mental Health,"29(3), Article 89",Cross-sectional comparative study,"602 females; 377 with ADHD and 225 without; menstrual regularity, premenstrual symptoms, retrospective postpartum depression, and peri/post-menopausal symptoms",10.1007/s00737-026-01718-x,https://doi.org/10.1007/s00737-026-01718-x,https://pmc.ncbi.nlm.nih.gov/articles/PMC13219175/,Yes - open access,REHOST PERMITTED - CC BY 4.0 with attribution and license terms,ADHD; Women; Menstruation; PMDD; Perinatal; Postpartum Depression; Menopause; Reproductive Stages; Open Access,12_2026_Boyd_ADHD-Female-Reproductive-Stages.pdf
12-08,12. Hormones & ADHD,Final,,Pregnancy / Symptom Course / Medication Status,"Baker, A. S.; Wales, R.; Noe, O.; Gaccione, P.; Freeman, M. P.; Cohen, L. S.",2022,The Course of ADHD during Pregnancy,Journal of Attention Disorders,"26(2), 143-148",Prospective observational pregnancy study,"25 pregnant women with ADHD followed before 20 weeks, at 24 weeks, and at 36 weeks; medication discontinuers, maintainers, and adjusters compared",10.1177/1087054720975864,https://doi.org/10.1177/1087054720975864,https://pubmed.ncbi.nlm.nih.gov/33307923/,Publisher access,LINK ONLY - SAGE copyright,ADHD; Pregnancy; Women; Stimulants; Medication Discontinuation; Mood; Functional Impairment; Prospective,12_2022_Baker_Course-ADHD-During-Pregnancy.pdf
12-09,12. Hormones & ADHD,Final,,Postpartum Depression / Anxiety / Registry,"Andersson, A.; Garcia-Argibay, M.; Viktorin, A.; Ghirardi, L.; Butwicka, A.; Skoglund, C.; Madsen, K. B.; D'Onofrio, B. M.; Lichtenstein, P.; Tuvblad, C.; Larsson, H.",2023,Depression and anxiety disorders during the postpartum period in women diagnosed with attention deficit hyperactivity disorder,Journal of Affective Disorders,"325, 817-823",Population register-based cohort study,"773,047 women giving birth in Sweden from 2005-2013; 3,515 had an ADHD diagnosis before pregnancy; postpartum depression and anxiety diagnoses assessed",10.1016/j.jad.2023.01.069,https://doi.org/10.1016/j.jad.2023.01.069,https://www.sciencedirect.com/science/article/pii/S016503272300085X,Yes - open access,OPEN ACCESS - exact Creative Commons license should be verified before local rehosting,ADHD; Women; Postpartum; Postpartum Depression; Anxiety; Pregnancy; Registry; Population Study,12_2023_Andersson_Postpartum-Depression-Anxiety-ADHD.pdf
12-10,12. Hormones & ADHD,Final,,Perimenopause / Population Cohort,"Smari, U. J.; Valdimarsdottir, U. A.; Wynchank, D.; de Jong, M.; Aspelund, T.; Hauksdottir, A.; Thordardottir, E. B.; Tomasson, G.; Jakobsdottir, J.; Lu, D.; Nevriana, A.; Larsson, H.; Kooij, S.; Zoega, H.",2025,Perimenopausal symptoms in women with and without ADHD: A population-based cohort study,European Psychiatry,"68(1), e133",Population-based cohort study,"535 women with ADHD and 4,857 without ADHD; perimenopausal psychological, somatic, and urogenital symptoms compared across age groups",10.1192/j.eurpsy.2025.10101,https://doi.org/10.1192/j.eurpsy.2025.10101,https://pmc.ncbi.nlm.nih.gov/articles/PMC12538516/,Yes - open access,REHOST PERMITTED - CC BY 4.0 with attribution,ADHD; Women; Perimenopause; Menopause; Psychological Symptoms; Somatic Symptoms; Population Cohort; Open Access,12_2025_Smari_Perimenopausal-Symptoms-Women-ADHD.pdf
12-11,12. Hormones & ADHD,Final,,Menopause / ADHD Symptoms / Quality of Life,"Chapman, L.; Gupta, K.; Hunter, M. S.; Dommett, E. J.",2025,Examining the Link Between ADHD Symptoms and Menopausal Experiences,Journal of Attention Disorders,"29(14), 1263-1277",Cross-sectional exploratory study,"656 women ages 45-60, including 245 with an existing ADHD diagnosis; ADHD symptoms, menopause stage, menopausal symptoms, and quality-of-life measures",10.1177/10870547251355006,https://doi.org/10.1177/10870547251355006,https://pmc.ncbi.nlm.nih.gov/articles/PMC12569137/,Yes - open access,REHOST PERMITTED - CC BY 4.0 with attribution,ADHD; Women; Menopause; Perimenopause; Estrogen; Inattention; Hyperactivity; Quality of Life; Open Access,12_2025_Chapman_ADHD-Menopausal-Experiences.pdf
12-P1-01,12. Hormones & ADHD,Candidate,Pass 1,Sex Hormones / Systematic Review,"Osianlis, E.; Thomas, E. H. X.; Jenkins, L. M.; Gurvich, C.",2025,ADHD and Sex Hormones in Females: A Systematic Review,Journal of Attention Disorders,"29(9), 706-723",Systematic review,"11 studies investigating ADHD symptoms, medication effects, and hormonal changes in females, including puberty, menstrual cycle, and pregnancy",10.1177/10870547251332319,https://doi.org/10.1177/10870547251332319,https://pmc.ncbi.nlm.nih.gov/articles/PMC12145478/,Yes - open access,REHOST PERMITTED - CC BY 4.0 with attribution,ADHD; Females; Sex Hormones; Estrogen; Progesterone; Puberty; Menstrual Cycle; Pregnancy; Systematic Review; Open Access,12_2025_Osianlis_ADHD-Sex-Hormones-Systematic-Review.pdf
12-P1-02,12. Hormones & ADHD,Candidate,Pass 1,Menstrual Health / Scoping Review,"Kennedy, G.; Baran-Goldwax, M.; Lippe, S.",2026,Menstrual health and Attention-Deficit/Hyperactivity Disorder (ADHD) symptoms: A scoping review,Women's Health,"22, 17455057261460285",Scoping review with critical appraisal,20 primary studies examining menstrual health characteristics and ADHD diagnosis or symptoms; samples ranged from 1 to 405 participants ages 13-49,10.1177/17455057261460285,https://doi.org/10.1177/17455057261460285,https://pmc.ncbi.nlm.nih.gov/articles/PMC13260955/,Yes - open access,REHOST PERMITTED - CC BY 4.0 with attribution,ADHD; Menstruation; Menstrual Health; Premenstrual Symptoms; Dysmenorrhea; Stimulants; Scoping Review; Open Access,12_2026_Kennedy_Menstrual-Health-ADHD-Scoping-Review.pdf
12-P1-03,12. Hormones & ADHD,Candidate,Pass 1,Estradiol / Progesterone / Menstrual Cycle,"Roberts, B.; Eisenlohr-Moul, T.; Martel, M. M.",2018,Reproductive steroids and ADHD symptoms across the menstrual cycle,Psychoneuroendocrinology,"88, 105-114",Prospective daily hormone and symptom study,"32 regularly cycling young adult women; daily salivary estradiol, progesterone, testosterone, and ADHD symptom ratings across 35 days",10.1016/j.psyneuen.2017.11.015,https://doi.org/10.1016/j.psyneuen.2017.11.015,https://pmc.ncbi.nlm.nih.gov/articles/PMC5803442/,Yes - PMC author manuscript,LINK ONLY - author manuscript available under CC BY-NC-ND 4.0; not suitable for commercial rehosting,ADHD; Estradiol; Progesterone; Testosterone; Menstrual Cycle; Impulsivity; Hormone Fluctuation; Prospective,12_2018_Roberts_Reproductive-Steroids-ADHD-Menstrual-Cycle.pdf
12-P1-04,12. Hormones & ADHD,Candidate,Pass 1,Premenstrual Medication Response / Case Series,"de Jong, M.; Wynchank, D. S. M. R.; van Andel, E.; Beekman, A. T. F.; Kooij, J. J. S.",2023,Female-specific pharmacotherapy in ADHD: premenstrual adjustment of psychostimulant dosage,Frontiers in Psychiatry,"14, 1306194",Community case series,Nine adult women with ADHD and premenstrual worsening of ADHD and mood symptoms; monitored for 6-24 months after premenstrual stimulant dose increases,10.3389/fpsyt.2023.1306194,https://doi.org/10.3389/fpsyt.2023.1306194,https://pmc.ncbi.nlm.nih.gov/articles/PMC10751335/,Yes - open access,REHOST PERMITTED - CC BY with attribution,ADHD; Women; Premenstrual; Menstrual Cycle; Psychostimulants; Medication Response; Luteal Phase; Case Series; Open Access,12_2023_deJong_Premenstrual-Stimulant-Dose-Adjustment-ADHD.pdf
12-P1-05,12. Hormones & ADHD,Candidate,Pass 1,Menstrual Cycle / Lived Experience,"Burger, I.; Erlandsson, K.; Borneskog, C.",2024,Perceived associations between the menstrual cycle and Attention Deficit Hyperactivity Disorder (ADHD): A qualitative interview study exploring lived experiences,Sexual & Reproductive Healthcare,"40, 100975",Qualitative interview study,10 participants reporting perceived menstrual-cycle-related changes in ADHD symptoms; semi-structured interviews and reflexive thematic analysis,10.1016/j.srhc.2024.100975,https://doi.org/10.1016/j.srhc.2024.100975,https://pubmed.ncbi.nlm.nih.gov/38678676/,Free article / publisher access,LINK ONLY - exact reuse license not independently verified,ADHD; Menstrual Cycle; Premenstrual; Lived Experience; Women; Qualitative; Symptom Fluctuation,12_2024_Burger_Menstrual-Cycle-ADHD-Lived-Experience.pdf
12-P1-06,12. Hormones & ADHD,Candidate,Pass 1,PMDD / ADHD / Premenstrual Symptoms,"Broughton, T.; Lambert, E.; Wertz, J.; Agnew-Blais, J.",2025,Increased risk of provisional premenstrual dysphoric disorder (PMDD) among females with attention-deficit hyperactivity disorder (ADHD): cross-sectional survey study,The British Journal of Psychiatry,"226(6), 410-417",Cross-sectional survey study,"715 participants ages 18-34 assigned female at birth; clinician-reported ADHD, ASRS-based ADHD, and provisional PMDD assessed with the PSST",10.1192/bjp.2025.104,https://doi.org/10.1192/bjp.2025.104,https://pmc.ncbi.nlm.nih.gov/articles/PMC7617793/,Yes - open access,REHOST PERMITTED - CC BY 4.0 with attribution,ADHD; PMDD; Premenstrual Dysphoric Disorder; Menstrual Cycle; Women; Premenstrual Symptoms; Open Access,12_2025_Broughton_PMDD-Risk-Females-ADHD.pdf
12-P1-07,12. Hormones & ADHD,Candidate,Pass 1,PMDD / Inattention / Impulsivity Across Cycle,"Lin, P.-C.; Long, C.-Y.; Ko, C.-H.; Yen, J.-Y.",2024,Comorbid Attention Deficit Hyperactivity Disorder in Women with Premenstrual Dysphoric Disorder,Journal of Women's Health,"33(9), 1267-1275",Case-control menstrual-phase study,"58 women with PMDD and 50 controls assessed during pre-ovulatory, mid-luteal, and late-luteal phases for inattention, memory difficulties, and impulsivity",10.1089/jwh.2023.0907,https://doi.org/10.1089/jwh.2023.0907,https://pubmed.ncbi.nlm.nih.gov/38836765/,Publisher access,LINK ONLY - publisher copyright / reuse license not independently verified,ADHD; PMDD; Women; Inattention; Impulsivity; Late Luteal Phase; Menstrual Cycle,12_2024_Lin_PMDD-ADHD-Menstrual-Phase.pdf
12-P1-08,12. Hormones & ADHD,Candidate,Pass 1,Hormone-Related Mood Disorders / Lifespan,"Dorani, F.; Bijlenga, D.; Beekman, A. T. F.; van Someren, E. J. W.; Kooij, J. J. S.",2021,Prevalence of hormone-related mood disorder symptoms in women with ADHD,Journal of Psychiatric Research,"133, 10-15",Cross-sectional clinical study,"209 consecutive women with ADHD ages 18-71 assessed for PMDD symptoms, postpartum depression symptoms, and climacteric mood symptoms",10.1016/j.jpsychires.2020.12.005,https://doi.org/10.1016/j.jpsychires.2020.12.005,https://pubmed.ncbi.nlm.nih.gov/33302160/,Publisher access,LINK ONLY - Elsevier copyright,ADHD; Women; PMDD; Postpartum Depression; Climacteric Symptoms; Menopause; Hormone-Related Mood; Lifespan,12_2021_Dorani_Hormone-Related-Mood-Symptoms-Women-ADHD.pdf
12-P1-09,12. Hormones & ADHD,Candidate,Pass 1,Hormonal Life Stages / Menstrual Cycle / Postpartum / Menopause,"Osianlis, E.; Thomas, E. H. X.; Li, Q.; Bellgrove, M.; May, T.; Chapman, D.; Kulkarni, J.; Gurvich, C.",2026,ADHD in females: Survey findings on symptoms across hormonal life stages,Journal of Psychiatric Research,"193, 208-215",Cross-sectional survey study,"600 females reporting ADHD diagnosis and symptoms; perceived symptom changes across menstrual, postpartum, and menopausal life stages",10.1016/j.jpsychires.2025.11.035,https://doi.org/10.1016/j.jpsychires.2025.11.035,https://www.sciencedirect.com/science/article/pii/S0022395625007381,Yes - open access,OPEN ACCESS - verify exact Creative Commons license before local rehosting,ADHD; Females; Hormonal Life Stages; Menstrual Cycle; Luteal Phase; Postpartum; Menopause; Survey,12_2026_Osianlis_ADHD-Hormonal-Life-Stages-Survey.pdf
12-P1-10,12. Hormones & ADHD,Candidate,Pass 1,Menstruation / Perinatal / Menopause / Cross-Stage,"Boyd, C.; Wrigley, M.; Kilbride, K.; Mulligan, A.; Bramham, J.",2026,"ADHD and the female reproductive stages: menstruation, perinatal and menopause",Archives of Women's Mental Health,"29(3), 89",Cross-sectional comparative study,"602 females; 377 with self-reported ADHD and 225 without; menstrual regularity, premenstrual symptoms, retrospective postpartum depression, and menopausal symptoms",10.1007/s00737-026-01718-x,https://doi.org/10.1007/s00737-026-01718-x,https://pmc.ncbi.nlm.nih.gov/articles/PMC13219175/,Yes - open access,REHOST PERMITTED - CC BY 4.0 with attribution and license terms,ADHD; Women; Menstruation; PMDD; Perinatal; Postpartum Depression; Menopause; Reproductive Stages; Open Access,12_2026_Boyd_ADHD-Female-Reproductive-Stages.pdf
12-P1-11,12. Hormones & ADHD,Candidate,Pass 1,Pregnancy / Symptom Course / Medication Status,"Baker, A. S.; Wales, R.; Noe, O.; Gaccione, P.; Freeman, M. P.; Cohen, L. S.",2022,The Course of ADHD during Pregnancy,Journal of Attention Disorders,"26(2), 143-148",Prospective observational pregnancy study,"25 pregnant women with ADHD followed before 20 weeks, at 24 weeks, and at 36 weeks; medication discontinuers, maintainers, and adjusters compared on ADHD symptoms, mood, stress, and function",10.1177/1087054720975864,https://doi.org/10.1177/1087054720975864,https://pubmed.ncbi.nlm.nih.gov/33307923/,Publisher access,LINK ONLY - SAGE copyright,ADHD; Pregnancy; Women; Stimulants; Medication Discontinuation; Mood; Functional Impairment; Prospective,12_2022_Baker_Course-ADHD-During-Pregnancy.pdf
12-P1-12,12. Hormones & ADHD,Candidate,Pass 1,Postpartum Depression / Anxiety / Registry,"Andersson, A.; Garcia-Argibay, M.; Viktorin, A.; Ghirardi, L.; Butwicka, A.; Skoglund, C.; Madsen, K. B.; D'Onofrio, B. M.; Lichtenstein, P.; Tuvblad, C.; Larsson, H.",2023,Depression and anxiety disorders during the postpartum period in women diagnosed with attention deficit hyperactivity disorder,Journal of Affective Disorders,"325, 817-823",Population register-based cohort study,"773,047 women giving birth in Sweden from 2005-2013; 3,515 had an ADHD diagnosis before pregnancy; postpartum depression and anxiety diagnoses assessed",10.1016/j.jad.2023.01.069,https://doi.org/10.1016/j.jad.2023.01.069,https://www.sciencedirect.com/science/article/pii/S016503272300085X,Yes - open access,OPEN ACCESS - verify exact Creative Commons license before local rehosting,ADHD; Women; Postpartum; Postpartum Depression; Anxiety; Pregnancy; Registry; Population Study,12_2023_Andersson_Postpartum-Depression-Anxiety-ADHD.pdf
12-P1-13,12. Hormones & ADHD,Candidate,Pass 1,Perimenopause / Population Cohort,"Smari, U. J.; Valdimarsdottir, U. A.; Wynchank, D.; de Jong, M.; Aspelund, T.; Hauksdottir, A.; Thordardottir, E. B.; Tomasson, G.; Jakobsdottir, J.; Lu, D.; Nevriana, A.; Larsson, H.; Kooij, S.; Zoega, H.",2025,Perimenopausal symptoms in women with and without ADHD: A population-based cohort study,European Psychiatry,"68(1), e133",Population-based cohort study,"535 women with ADHD and 4,857 without ADHD; perimenopausal psychological, somatic, and urogenital symptoms compared across age groups",10.1192/j.eurpsy.2025.10101,https://doi.org/10.1192/j.eurpsy.2025.10101,https://pmc.ncbi.nlm.nih.gov/articles/PMC12538516/,Yes - open access,REHOST PERMITTED - CC BY 4.0 with attribution,ADHD; Women; Perimenopause; Menopause; Psychological Symptoms; Somatic Symptoms; Population Cohort; Open Access,12_2025_Smari_Perimenopausal-Symptoms-Women-ADHD.pdf
12-P1-14,12. Hormones & ADHD,Candidate,Pass 1,Menopause / ADHD Symptoms / Quality of Life,"Chapman, L.; Gupta, K.; Hunter, M. S.; Dommett, E. J.",2025,Examining the Link Between ADHD Symptoms and Menopausal Experiences,Journal of Attention Disorders,"29(14), 1263-1277",Cross-sectional exploratory study,"656 women ages 45-60, including 245 with an existing ADHD diagnosis; ADHD symptoms, menopause stage, menopausal symptoms, and quality-of-life measures",10.1177/10870547251355006,https://doi.org/10.1177/10870547251355006,https://pmc.ncbi.nlm.nih.gov/articles/PMC12569137/,Yes - open access,REHOST PERMITTED - CC BY 4.0 with attribution,ADHD; Women; Menopause; Perimenopause; Estrogen; Inattention; Hyperactivity; Quality of Life; Open Access,12_2025_Chapman_ADHD-Menopausal-Experiences.pdf
12-P1-15,12. Hormones & ADHD,Candidate,Pass 1,Perimenopause / Menopause / Pharmacological Management,"Wynchank, D.; Kooij, S.",2026,"Pharmacological Management of ADHD in Women Across Perimenopause, Menopause and Post-Menopause",Drugs & Aging,"43(5), 385-395",Narrative clinical review,"Women with ADHD across perimenopause, menopause, and post-menopause; stimulant and non-stimulant management, symptom overlap, and potential role of menopausal hormone therapy",10.1007/s40266-026-01291-z,https://doi.org/10.1007/s40266-026-01291-z,https://pmc.ncbi.nlm.nih.gov/articles/PMC13149623/,Yes - open access,LINK ONLY for a public commercial website - CC BY-NC 4.0,ADHD; Women; Perimenopause; Menopause; Post-Menopause; Pharmacotherapy; Stimulants; Menopausal Hormone Therapy; Review,12_2026_Wynchank_Pharmacological-Management-ADHD-Menopause.pdf
13-P1-01,13. ADHD Comorbidities,Candidate,Pass 1,Broad Comorbidity / Umbrella Review,"Kang, J.; Lee, H.; Kim, S.; Kim, H. J.; Lee, H.; Kwon, R.; Son, Y.; Kim, S.; Woo, H. G.; Kim, M. S.; Koyanagi, A.; Smith, L.; Fond, G.; Boyer, L.; Rahmati, M.; Lopez Sanchez, G. F.; Dragioti, E.; Solmi, M.; Shin, J. I.; Kim, T.; Yon, D. K.; Cortese, S.",2024,Comorbid health conditions in people with attention-deficit/hyperactivity disorders: An umbrella review of systematic reviews and meta-analyses,Asian Journal of Psychiatry,"99, 104135",Umbrella review of systematic reviews and meta-analyses,"22 meta-analyses, 544 primary studies, 76 unique health conditions, and more than 234 million participants across 36 countries",10.1016/j.ajp.2024.104135,https://doi.org/10.1016/j.ajp.2024.104135,https://pubmed.ncbi.nlm.nih.gov/39003821/,Publisher access,LINK ONLY - Elsevier copyright,ADHD; Comorbidity; Umbrella Review; Psychiatric Disorders; Physical Health; Suicide; Sleep; Metabolic; Lifespan,13_2024_Kang_ADHD-Comorbid-Health-Umbrella-Review.pdf
13-P1-02,13. ADHD Comorbidities,Candidate,Pass 1,Adult Psychiatric Comorbidity / Systematic Review,"Choi, W.-S.; Woo, Y. S.; Wang, S.-M.; Lim, H. K.; Bahk, W.-M.",2022,The prevalence of psychiatric comorbidities in adult ADHD compared with non-ADHD populations: A systematic literature review,PLOS ONE,"17(11), e0277175",Systematic literature review,"32 comparative studies of adults with and without ADHD across general, psychiatric, and incarcerated populations",10.1371/journal.pone.0277175,https://doi.org/10.1371/journal.pone.0277175,https://pmc.ncbi.nlm.nih.gov/articles/PMC9635752/,Yes - open access,REHOST PERMITTED - CC BY with attribution,ADHD; Adults; Comorbidity; Substance Use; Mood Disorders; Anxiety; Personality Disorders; Systematic Review; Open Access,13_2022_Choi_Adult-ADHD-Psychiatric-Comorbidity-Review.pdf
13-P1-03,13. ADHD Comorbidities,Candidate,Pass 1,Child and Adolescent Psychiatric Comorbidity / Meta-analysis,"Njardvik, U.; Wergeland, G. J.; Riise, E. N.; Hannesdottir, D. K.; Ost, L.-G.",2025,Psychiatric comorbidity in children and adolescents with ADHD: A systematic review and meta-analysis,Clinical Psychology Review,"118, 102571",Systematic review and meta-analysis,"121 studies involving 39,894 children and adolescents with diagnosed ADHD; 16 psychiatric comorbidities examined",10.1016/j.cpr.2025.102571,https://doi.org/10.1016/j.cpr.2025.102571,https://www.sciencedirect.com/science/article/pii/S0272735825000376,Yes - open access,OPEN ACCESS - verify exact Creative Commons license before local rehosting,ADHD; Children; Adolescents; ODD; Conduct Disorder; Anxiety; Depression; Tic Disorders; Comorbidity; Meta-analysis,13_2025_Njardvik_Youth-ADHD-Psychiatric-Comorbidity-Meta-Analysis.pdf
13-P1-04,13. ADHD Comorbidities,Candidate,Pass 1,Adult Anxiety / Mood / Bipolar / Substance Use / Large-Study Meta-analysis,"Hartman, C. A.; Larsson, H.; Vos, M.; Bellato, A.; Libutzki, B.; Solberg, B. S.; Chen, Q.; Du Rietz, E.; Mostert, J. C.; Kittel-Schneider, S.; Cormand, B.; Ribases, M.; Klungsoyr, K.; Haavik, J.; Dalsgaard, S.; Cortese, S.; Faraone, S. V.; Reif, A.",2023,"Anxiety, mood, and substance use disorders in adult men and women with and without attention-deficit/hyperactivity disorder: A substantive and methodological overview",Neuroscience & Biobehavioral Reviews,"151, 105209",Review and meta-analysis of large population studies,"Large studies with more than 10,000 participants; pooled meta-analytic samples included 550,748 adults with ADHD and 14,546,814 adults without ADHD",10.1016/j.neubiorev.2023.105209,https://doi.org/10.1016/j.neubiorev.2023.105209,https://pubmed.ncbi.nlm.nih.gov/37149075/,Free article / publisher manuscript access,LINK ONLY - Elsevier rights; local redistribution not independently cleared,ADHD; Adults; Anxiety; Major Depression; Bipolar Disorder; Substance Use Disorder; Sex Differences; Meta-analysis,13_2023_Hartman_Adult-ADHD-Comorbidity-Large-Studies.pdf
13-P1-05,13. ADHD Comorbidities,Candidate,Pass 1,Anxiety / Adults / Meta-analysis,"Hoskins, J. I.; Gooch, D.; Gilligan-Lee, K. A.",2026,Symptoms of Anxiety in Adults with ADHD: A Systematic Review and Meta-Analysis of Case-Control Studies,Journal of Attention Disorders,Online ahead of print,Systematic review and meta-analysis of case-control studies,"58 studies, 18,821 adults, and 112 ADHD-versus-control anxiety comparisons",10.1177/10870547261459712,https://doi.org/10.1177/10870547261459712,https://pubmed.ncbi.nlm.nih.gov/42400277/,Publisher access,LINK ONLY - reuse license not independently verified for commercial rehosting,ADHD; Adults; Anxiety; Generalized Anxiety; Anxiety Symptoms; Case-Control; Meta-analysis,13_2026_Hoskins_Adult-ADHD-Anxiety-Meta-Analysis.pdf
13-P1-06,13. ADHD Comorbidities,Candidate,Pass 1,Depression / Children and Adolescents / Meta-analysis,"Wang, S.; Stewart, T. M.; Ozen, I.; Mukherjee, A.; Rhodes, S. M.",2025,Rates of Depression in Children and Adolescents With ADHD: A Systematic Review and Meta-Analysis,Journal of Attention Disorders,"29(11), 924-952",Systematic review and meta-analysis,"24 studies; 6,815 total participants, including 5,047 children and adolescents with ADHD",10.1177/10870547251341597,https://doi.org/10.1177/10870547251341597,https://pmc.ncbi.nlm.nih.gov/articles/PMC12318167/,Yes - open access,REHOST PERMITTED - CC BY 4.0 with attribution,ADHD; Children; Adolescents; Depression; Major Depressive Disorder; Sex Differences; Meta-analysis; Open Access,13_2025_Wang_Depression-Youth-ADHD-Meta-Analysis.pdf
13-P1-07,13. ADHD Comorbidities,Candidate,Pass 1,Bipolar Disorder / Adults / Meta-analysis,"Schiweck, C.; Arteaga-Henriquez, G.; Aichholzer, M.; Thanarajah, S. E.; Vargas-Caceres, S.; Matura, S.; Grimm, O.; Haavik, J.; Kittel-Schneider, S.; Ramos-Quiroga, J. A.; Faraone, S. V.; Reif, A.",2021,Comorbidity of ADHD and adult bipolar disorder: A systematic review and meta-analysis,Neuroscience & Biobehavioral Reviews,"124, 100-123",Systematic review and meta-analysis,"Adult ADHD and bipolar disorder comorbidity literature; prevalence, clinical characteristics, course, and diagnostic considerations",10.1016/j.neubiorev.2021.01.017,https://doi.org/10.1016/j.neubiorev.2021.01.017,https://pubmed.ncbi.nlm.nih.gov/33515607/,Publisher access,LINK ONLY - Elsevier copyright,ADHD; Adults; Bipolar Disorder; Mood Disorder; Differential Diagnosis; Comorbidity; Meta-analysis,13_2021_Schiweck_ADHD-Bipolar-Comorbidity-Meta-Analysis.pdf
13-P1-08,13. ADHD Comorbidities,Candidate,Pass 1,Autism Spectrum Disorder / Youth / Meta-analysis,"Hollingdale, J.; Woodhouse, E.; Young, S.; Fridman, A.; Mandy, W.",2020,Autistic spectrum disorder symptoms in children and adolescents with attention-deficit/hyperactivity disorder: a meta-analytical review,Psychological Medicine,"50(13), 2240-2253",Systematic review and meta-analysis,"22 publications with a total N of 61,985; ASD diagnosis rates and dimensional ASD symptoms in youth with ADHD",10.1017/S0033291719002368,https://doi.org/10.1017/S0033291719002368,https://pubmed.ncbi.nlm.nih.gov/31530292/,Publisher access,LINK ONLY - Cambridge University Press copyright,ADHD; Autism; ASD; Children; Adolescents; Social Communication; Restricted Behaviors; Meta-analysis,13_2020_Hollingdale_ASD-Symptoms-Youth-ADHD-Meta-Analysis.pdf
13-P1-09,13. ADHD Comorbidities,Candidate,Pass 1,Eating Disorders / Meta-analysis,"Nazar, B. P.; Bernardes, C.; Peachey, G.; Sergeant, J.; Mattos, P.; Treasure, J.",2016,The risk of eating disorders comorbid with attention-deficit/hyperactivity disorder: A systematic review and meta-analysis,International Journal of Eating Disorders,"49(12), 1045-1057",Systematic review and meta-analysis,12 studies of eating disorders in ADHD populations and 5 studies of ADHD in eating-disorder populations,10.1002/eat.22643,https://doi.org/10.1002/eat.22643,https://pubmed.ncbi.nlm.nih.gov/27859581/,Publisher access,LINK ONLY - Wiley copyright,ADHD; Eating Disorders; Anorexia Nervosa; Bulimia Nervosa; Binge Eating Disorder; Comorbidity; Meta-analysis,13_2016_Nazar_ADHD-Eating-Disorders-Meta-Analysis.pdf
13-P1-10,13. ADHD Comorbidities,Candidate,Pass 1,Post-Traumatic Stress Disorder / Adults / Systematic Review,"Magdi, H. M.; Abousoliman, A. D.; Lbrahim, A. M.; Elsehrawy, M. G.; El-Gazar, H. E.; Zoromba, M. A.",2025,Attention-deficit/hyperactivity disorder and post-traumatic stress disorder adult comorbidity: a systematic review,Systematic Reviews,"14(1), 41",Systematic review,"21 adult studies selected from 818 records; ADHD-PTSD prevalence, clinical severity, functional impairment, and treatment literature",10.1186/s13643-025-02774-7,https://doi.org/10.1186/s13643-025-02774-7,https://pmc.ncbi.nlm.nih.gov/articles/PMC11829347/,Yes - open access,LINK ONLY for a public commercial website - CC BY-NC-ND 4.0,ADHD; Adults; PTSD; Trauma; Comorbidity; Functional Impairment; Systematic Review,13_2025_Magdi_ADHD-PTSD-Adult-Systematic-Review.pdf
13-P1-11,13. ADHD Comorbidities,Candidate,Pass 1,Personality Disorders / Adults / Meta-analysis,"Adamis, D.; Zhang, T.; Gavin, B.; McNicholas, F.",2026,Prevalence and moderators of personality disorders in adults with ADHD: A meta-analysis,Psychiatry Research,"360, 117085",Systematic review and meta-analysis,"11 studies encompassing 2,120 adults with ADHD across clinical and nonclinical settings",10.1016/j.psychres.2026.117085,https://doi.org/10.1016/j.psychres.2026.117085,https://pubmed.ncbi.nlm.nih.gov/41849922/,Free article / publisher access,OPEN ACCESS - verify exact Creative Commons license before local rehosting,ADHD; Adults; Personality Disorders; Borderline Personality Disorder; Avoidant Personality Disorder; Antisocial Personality Disorder; Meta-analysis,13_2026_Adamis_Personality-Disorders-Adult-ADHD-Meta-Analysis.pdf
13-P1-12,13. ADHD Comorbidities,Candidate,Pass 1,Obsessive-Compulsive Disorder / Lifespan / Systematic Review,"Abramovitch, A.; Dar, R.; Mittelman, A.; Wilhelm, S.",2015,Comorbidity Between Attention Deficit/Hyperactivity Disorder and Obsessive-Compulsive Disorder Across the Lifespan: A Systematic and Critical Review,Harvard Review of Psychiatry,"23(4), 245-262",Systematic and critical review,"48 studies, including 43 youth samples and 14 adult samples, examining ADHD-OCD co-occurrence and methodological issues",10.1097/HRP.0000000000000050,https://doi.org/10.1097/HRP.0000000000000050,https://pmc.ncbi.nlm.nih.gov/articles/PMC4495876/,Yes - open access,LINK ONLY for a public commercial website - CC BY-NC-ND 4.0,ADHD; OCD; Obsessive-Compulsive Disorder; Children; Adults; Lifespan; Comorbidity; Systematic Review,13_2015_Abramovitch_ADHD-OCD-Comorbidity-Review.pdf
13-P1-13,13. ADHD Comorbidities,Candidate,Pass 1,Learning Disabilities / Children / Review,"DuPaul, G. J.; Gormley, M. J.; Laracy, S. D.",2013,Comorbidity of LD and ADHD: implications of DSM-5 for assessment and treatment,Journal of Learning Disabilities,"46(1), 43-51",Peer-reviewed literature review,17 studies published from 2001-2011 examining ADHD and learning-disability comorbidity; mean reported comorbidity rate 45.1%,10.1177/0022219412464351,https://doi.org/10.1177/0022219412464351,https://pubmed.ncbi.nlm.nih.gov/23144063/,Publisher access,LINK ONLY - SAGE copyright,ADHD; Learning Disability; Specific Learning Disorder; Reading; Math; Writing; Children; Academic Functioning,13_2013_DuPaul_Learning-Disability-ADHD-Comorbidity.pdf
13-P1-14,13. ADHD Comorbidities,Candidate,Pass 1,Developmental Coordination Disorder / Systematic Review,"Pranjic, M.; Rahman, N.; Kamenetskiy, A.; Mulligan, K.; Pihl, S.; Arnett, A. B.",2023,A systematic review of behavioral and neurobiological profiles associated with coexisting attention-deficit/hyperactivity disorder and developmental coordination disorder,Neuroscience & Biobehavioral Reviews,"153, 105389",Systematic review,15 behavioral and 10 neuroimaging studies comparing co-occurring ADHD+DCD with ADHD-only and DCD-only groups,10.1016/j.neubiorev.2023.105389,https://doi.org/10.1016/j.neubiorev.2023.105389,https://pmc.ncbi.nlm.nih.gov/articles/PMC12042734/,Yes - PMC author manuscript / free article,LINK ONLY - Elsevier copyright / manuscript redistribution rights not independently cleared,ADHD; Developmental Coordination Disorder; DCD; Dyspraxia; Motor Skills; Neurodevelopmental; Comorbidity; Systematic Review,13_2023_Pranjic_ADHD-DCD-Systematic-Review.pdf
13-P1-15,13. ADHD Comorbidities,Candidate,Pass 1,Adult Population Epidemiology / Broad DSM Comorbidity,"Kessler, R. C.; Adler, L.; Barkley, R.; Biederman, J.; Conners, C. K.; Demler, O.; Faraone, S. V.; Greenhill, L. L.; Howes, M. J.; Secnik, K.; Spencer, T.; Ustun, T. B.; Walters, E. E.; Zaslavsky, A. M.",2006,The prevalence and correlates of adult ADHD in the United States: results from the National Comorbidity Survey Replication,American Journal of Psychiatry,"163(4), 716-723",Nationally representative epidemiologic survey with blinded clinical follow-up,"Probability subsample of 3,199 U.S. adults ages 18-44; broad DSM-IV mood, anxiety, substance, and impulse-control comorbidities assessed",10.1176/ajp.2006.163.4.716,https://doi.org/10.1176/ajp.2006.163.4.716,https://pmc.ncbi.nlm.nih.gov/articles/PMC2859678/,Yes - PMC author manuscript,LINK ONLY - American Psychiatric Association copyright / manuscript redistribution rights not independently cleared,ADHD; Adults; Epidemiology; National Comorbidity Survey; Mood; Anxiety; Substance Use; Impulse-Control Disorders,13_2006_Kessler_Adult-ADHD-NCS-R-Comorbidity.pdf
13-001,13. ADHD Comorbidities,Final,Pass 2,ODD / conduct disorder; anxiety; broad pediatric psychiatric comorbidity,Urdur Njardvik; Gro Janne Wergeland; Eili N. Riise; Dagmar Kr. Hannesdottir; Lars-Göran Öst,2025,Psychiatric comorbidity in children and adolescents with ADHD: A systematic review and meta-analysis,Clinical Psychology Review,118 / Article 102571,Systematic review and meta-analysis,"121 studies; 39,894 children and adolescents with diagnosed ADHD; psychiatric comorbidity prevalence across major internalizing and externalizing disorders.",10.1016/j.cpr.2025.102571,https://doi.org/10.1016/j.cpr.2025.102571,https://www.sciencedirect.com/science/article/pii/S0272735825000376,Yes (open access publisher PDF),LINK ONLY,ADHD; psychiatric comorbidity; children; adolescents; ODD; conduct disorder; anxiety; prevalence; meta-analysis,Njardvik_2025_ADHD_Psychiatric_Comorbidity_Children_Adolescents.pdf
13-002,13. ADHD Comorbidities,Final,Pass 2,"Major depressive disorder; anxiety disorders; bipolar disorder; substance use disorders, adults",Catharina A. Hartman; Henrik Larsson; Melissa Vos; Alessio Bellato; Berit Libutzki; Berit Skretting Solberg; Qi Chen; Ebba Du Rietz; Jeanette C. Mostert; Sarah Kittel-Schneider; Bru Cormand; Marta Ribasés; Kari Klungsøyr; Jan Haavik; Søren Dalsgaard; Samuele Cortese; Stephen V. Faraone; Andreas Reif,2023,"Anxiety, mood, and substance use disorders in adult men and women with and without attention-deficit/hyperactivity disorder: A substantive and methodological overview",Neuroscience & Biobehavioral Reviews,151 / Article 105209,Evidence overview and meta-analysis of large observational studies,"Large studies and meta-analyses focused on adults; pooled ADHD n=550,748 and non-ADHD n=14,546,814; anxiety, major depression, bipolar disorder, and substance use disorders.",10.1016/j.neubiorev.2023.105209,https://doi.org/10.1016/j.neubiorev.2023.105209,https://eprints.soton.ac.uk/482003/,Yes (institutional repository; CC BY-NC-ND),LINK ONLY,ADHD; adults; anxiety; major depression; bipolar disorder; substance use disorder; sex differences; large cohorts; meta-analysis,Hartman_2023_Adult_ADHD_Anxiety_Mood_Substance_Comorbidity.pdf
13-003,13. ADHD Comorbidities,Final,Pass 2,Broad multimorbidity; sleep disorders; personality pathology; suicidality,Jiseung Kang; Hyeri Lee; Soeun Kim; Hyeon Jin Kim; Hayeon Lee; Rosie Kwon; Yejun Son; Sunyoung Kim; Ho Geol Woo; Min Seo Kim; Ai Koyanagi; Lee Smith; Guillaume Fond; Laurent Boyer; Masoud Rahmati; Guillermo F. López Sánchez; Elena Dragioti; Marco Solmi; Jae Il Shin; Tae Kim; Dong Keon Yon; Samuele Cortese,2024,Comorbid health conditions in people with attention-deficit/hyperactivity disorders: An umbrella review of systematic reviews and meta-analyses,Asian Journal of Psychiatry,99 / Article 104135,Umbrella review of systematic reviews and meta-analyses,"22 meta-analyses; 544 primary studies; 76 comorbid conditions; more than 234 million participants across 36 countries; children, adolescents, and adults.",10.1016/j.ajp.2024.104135,https://doi.org/10.1016/j.ajp.2024.104135,https://eprints.soton.ac.uk/492050/,Yes (institutional repository accepted manuscript; CC BY-NC-ND),LINK ONLY,ADHD; multimorbidity; psychiatric comorbidity; personality disorders; sleep; suicidality; umbrella review; meta-analysis,Kang_2024_ADHD_Comorbid_Health_Conditions_Umbrella_Review.pdf
13-004,13. ADHD Comorbidities,Final,Pass 2,Bipolar disorder,Carmen Schiweck; Gara Arteaga-Henriquez; Mareike Aichholzer; Sharmili Edwin Thanarajah; Sebastian Vargas-Cáceres; Silke Matura; Oliver Grimm; Jan Haavik; Sarah Kittel-Schneider; Josep Antoni Ramos-Quiroga; Stephen V. Faraone; Andreas Reif,2021,Comorbidity of ADHD and adult bipolar disorder: A systematic review and meta-analysis,Neuroscience & Biobehavioral Reviews,124 / 100-123,Systematic review and meta-analysis,"71 studies; 646,766 participants across 18 countries; adults with ADHD and/or bipolar disorder.",10.1016/j.neubiorev.2021.01.017,https://doi.org/10.1016/j.neubiorev.2021.01.017,https://www.sciencedirect.com/science/article/pii/S0149763421000312,Yes (publisher; access dependent),LINK ONLY,ADHD; bipolar disorder; adults; prevalence; psychiatric comorbidity; systematic review; meta-analysis,Schiweck_2021_ADHD_Adult_Bipolar_Comorbidity.pdf
13-005,13. ADHD Comorbidities,Final,Pass 2,Autism spectrum disorder,Jack Hollingdale; Emma Woodhouse; Susan Young; Adie Fridman; Will Mandy,2020,Autistic spectrum disorder symptoms in children and adolescents with attention-deficit/hyperactivity disorder: a meta-analytical review,Psychological Medicine,50(13) / 2240-2253,Systematic review and meta-analysis,"22 publications; total N=61,985; children and adolescents evaluated for ADHD and autism spectrum disorder comorbidity.",10.1017/S0033291719002368,https://doi.org/10.1017/S0033291719002368,https://discovery.ucl.ac.uk/id/eprint/10082442/,Yes (institutional repository accepted manuscript),LINK ONLY,ADHD; autism; ASD; children; adolescents; psychiatric comorbidity; prevalence; meta-analysis,Hollingdale_2020_ADHD_ASD_Meta_Analysis.pdf
13-006,13. ADHD Comorbidities,Final,Pass 2,Substance use disorders,Katelijne van Emmerik-van Oortmerssen; Geurt van de Glind; Wim van den Brink; Filip Smit; Cleo L. Crunelle; Marije Swets; Robert A. Schoevers,2012,Prevalence of attention-deficit hyperactivity disorder in substance use disorder patients: a meta-analysis and meta-regression analysis,Drug and Alcohol Dependence,122(1-2) / 11-19,"Systematic review, meta-analysis, and meta-regression",29 studies of substance use disorder populations; DSM-defined ADHD prevalence; studies focused primarily on nicotine dependence were excluded.,10.1016/j.drugalcdep.2011.12.007,https://doi.org/10.1016/j.drugalcdep.2011.12.007,https://www.sciencedirect.com/science/article/pii/S0376871611005291,Unclear (publisher access dependent),LINK ONLY,ADHD; substance use disorder; addiction; alcohol; drugs; prevalence; meta-analysis; meta-regression,van_Emmerik_van_Oortmerssen_2012_ADHD_SUD_Prevalence.pdf
13-007,13. ADHD Comorbidities,Final,Pass 2,PTSD / trauma-related disorders,Andrea E. Spencer; Stephen V. Faraone; Olivia E. Bogucki; Amanda L. Pope; Mai Uchida; Mohammed R. Milad; Thomas J. Spencer; K. Yvonne Woodworth; Joseph Biederman,2016,Examining the association between posttraumatic stress disorder and attention-deficit/hyperactivity disorder: a systematic review and meta-analysis,The Journal of Clinical Psychiatry,77(1) / 72-83,Systematic review and meta-analysis,28 eligible original human studies; 22 studies included in meta-analysis; operationalized ADHD and PTSD diagnoses across mixed age populations.,10.4088/JCP.14r09479,https://doi.org/10.4088/JCP.14r09479,https://www.psychiatrist.com/jcp/examining-association-between-posttraumatic-stress/,Yes (publisher PDF; access conditions apply),PERMISSION REQUIRED,ADHD; PTSD; trauma; psychiatric comorbidity; systematic review; meta-analysis,Spencer_2016_ADHD_PTSD_Meta_Analysis.pdf
13-008,13. ADHD Comorbidities,Final,Pass 2,Eating disorders,Bruno Palazzo Nazar; Camila Bernardes; Gemma Peachey; Joseph Sergeant; Paulo Mattos; Janet Treasure,2016,The risk of eating disorders comorbid with attention-deficit/hyperactivity disorder: A systematic review and meta-analysis,International Journal of Eating Disorders,49(12) / 1045-1057,Systematic review and meta-analysis,"12 studies of ADHD populations (ADHD n=4,013; controls n=29,404) and 5 studies of eating-disorder populations (ED n=1,044; controls n=11,292); anorexia nervosa, bulimia nervosa, binge-eating disorder, and any eating disorder.",10.1002/eat.22643,https://doi.org/10.1002/eat.22643,https://onlinelibrary.wiley.com/doi/full/10.1002/eat.22643,Yes (publisher PDF; access conditions may apply),LINK ONLY,ADHD; eating disorders; anorexia nervosa; bulimia nervosa; binge-eating disorder; comorbidity; meta-analysis,Nazar_2016_ADHD_Eating_Disorders_Meta_Analysis.pdf
13-009,13. ADHD Comorbidities,Final,Pass 2,Learning disorders,George J. DuPaul; Matthew J. Gormley; Seth D. Laracy,2013,Comorbidity of LD and ADHD: implications of DSM-5 for assessment and treatment,Journal of Learning Disabilities,46(1) / 43-51,Literature review of 17 studies,"17 studies published from 2001 through 2011 examining ADHD and learning-disability comorbidity, including reading, mathematics, and written-expression difficulties in school-age populations.",10.1177/0022219412464351,https://doi.org/10.1177/0022219412464351,https://journals.sagepub.com/doi/10.1177/0022219412464351,Yes (publisher PDF; restricted access),LINK ONLY,ADHD; learning disability; specific learning disorder; reading; mathematics; writing; children; comorbidity,DuPaul_2013_ADHD_Learning_Disability_Comorbidity.pdf
13-010,13. ADHD Comorbidities,Final,Pass 2,Tic disorders / Tourette syndrome,Michael H. Bloch; Kaitlyn E. Panza; Angeli Landeros-Weisenberger; James F. Leckman,2009,Meta-analysis: treatment of attention-deficit/hyperactivity disorder in children with comorbid tic disorders,Journal of the American Academy of Child & Adolescent Psychiatry,48(9) / 884-893,Meta-analysis of double-blind randomized placebo-controlled trials,9 randomized controlled trials; 477 children with ADHD and comorbid tic disorders or Tourette syndrome.,10.1097/CHI.0b013e3181b26e9f,https://doi.org/10.1097/CHI.0b013e3181b26e9f,https://pmc.ncbi.nlm.nih.gov/articles/PMC3943246/,Yes (PMC full text and PDF),LINK ONLY,ADHD; tic disorders; Tourette syndrome; children; comorbidity; randomized trials; meta-analysis,Bloch_2009_ADHD_Comorbid_Tic_Disorders_Meta_Analysis.pdf
13-011,13. ADHD Comorbidities,Final,Pass 2,Suicide / self-harm risk,Mathilde Septier; Coline Stordeur; Junhua Zhang; Richard Delorme; Samuele Cortese,2019,Association between suicidal spectrum behaviors and Attention-Deficit/Hyperactivity Disorder: A systematic review and meta-analysis,Neuroscience & Biobehavioral Reviews,103 / 109-118,Systematic review and meta-analysis,"57 studies; 90,805 participants with ADHD and 239,778 without ADHD; children and adults; suicidal ideation, plans, attempts, and completed suicide.",10.1016/j.neubiorev.2019.05.022,https://doi.org/10.1016/j.neubiorev.2019.05.022,https://eprints.soton.ac.uk/431399/,Yes (institutional repository accepted manuscript; CC BY-NC-ND),LINK ONLY,ADHD; suicide; suicidal ideation; suicide attempt; self-harm; children; adults; meta-analysis,Septier_2019_ADHD_Suicidal_Spectrum_Meta_Analysis.pdf
14-001,14. Differential Diagnosis & Misdiagnosis,Candidate,PASS 1,Adult diagnostic framework / broad differential,"Kooij JJS, Bijlenga D, Salerno L, Jaeschke R, Bitter I, Balazs J, et al.",2019,Updated European Consensus Statement on diagnosis and treatment of adult ADHD,European Psychiatry,56:14-34,Expert consensus statement with evidence review,"Adults with ADHD; European/international consensus addressing adult recognition, diagnostic assessment, differential diagnosis, and treatment",10.1016/j.eurpsy.2018.11.001,https://doi.org/10.1016/j.eurpsy.2018.11.001,https://www.cambridge.org/core/journals/european-psychiatry/article/updated-european-consensus-statement-on-diagnosis-and-treatment-of-adult-adhd/707E2A36539213CF85EACCA576F47427,Yes,LINK ONLY,adult ADHD; diagnostic assessment; differential diagnosis; consensus; underrecognition; psychiatric overlap,14_001_Kooij_2019_Adult_ADHD_Diagnostic_Consensus.pdf
14-002,14. Differential Diagnosis & Misdiagnosis,Candidate,PASS 1,Overdiagnosis / diagnostic threshold,"Kazda L, Bell K, Thomas R, McGeechan K, Sims R, Barratt A",2021,Overdiagnosis of Attention-Deficit/Hyperactivity Disorder in Children and Adolescents: A Systematic Scoping Review,JAMA Network Open,4(4):e215335,Systematic scoping review,Children and adolescents age 18 or younger; 334 included studies evaluating evidence relevant to ADHD overdiagnosis and overtreatment,10.1001/jamanetworkopen.2021.5335,https://doi.org/10.1001/jamanetworkopen.2021.5335,https://jamanetwork.com/journals/jamanetworkopen/fullarticle/2778451,Yes,REHOST PERMITTED,overdiagnosis; overtreatment; children; adolescents; diagnostic threshold; mild symptoms; systematic review,14_002_Kazda_2021_ADHD_Overdiagnosis_Scoping_Review.pdf
14-003,14. Differential Diagnosis & Misdiagnosis,Candidate,PASS 1,Underdiagnosis / adult psychiatric presentation,"Ginsberg Y, Quintero J, Anand E, Casillas M, Upadhyaya HP",2014,Underdiagnosis of attention-deficit/hyperactivity disorder in adult patients: a review of the literature,Primary Care Companion for CNS Disorders,16(3):PCC.13r01600,Literature review,"Adults; 99 selected publications from 1976-2013 addressing recognition, prevalence, diagnosis, and psychiatric comorbidity",10.4088/PCC.13r01600,https://doi.org/10.4088/PCC.13r01600,https://pmc.ncbi.nlm.nih.gov/articles/PMC4195639/,Yes,LINK ONLY,underdiagnosis; adult ADHD; psychiatric clinics; anxiety; depression; comorbidity; recognition,14_003_Ginsberg_2014_Adult_ADHD_Underdiagnosis.pdf
14-004,14. Differential Diagnosis & Misdiagnosis,Candidate,PASS 1,Relative age / developmental-context bias,"Holland J, Sayal K",2019,"Relative age and ADHD symptoms, diagnosis and medication: a systematic review",European Child & Adolescent Psychiatry,28(11):1417-1429,Systematic review,"School-age children and adolescents across international studies examining younger relative age within school year and ADHD symptoms, diagnosis, or medication",10.1007/s00787-018-1229-6,https://doi.org/10.1007/s00787-018-1229-6,https://link.springer.com/article/10.1007/s00787-018-1229-6,Yes,REHOST PERMITTED,relative age effect; school year; developmental maturity; diagnostic bias; children; systematic review,14_004_Holland_2019_Relative_Age_ADHD_Systematic_Review.pdf
14-005,14. Differential Diagnosis & Misdiagnosis,Candidate,PASS 1,Clinician decision-making / gender bias / overdiagnosis,"Bruchmuller K, Margraf J, Schneider S",2012,Is ADHD diagnosed in accord with diagnostic criteria? Overdiagnosis and influence of client gender on diagnosis,Journal of Consulting and Clinical Psychology,80(1):128-138,Experimental diagnostic-vignette study,473 German child and adolescent mental-health clinicians evaluating standardized case vignettes that did or did not fulfill ADHD criteria,10.1037/a0026582,https://doi.org/10.1037/a0026582,https://doi.org/10.1037/a0026582,No public PDF verified,LINK ONLY,overdiagnosis; diagnostic criteria; clinician bias; gender bias; vignette study; heuristics,14_005_Bruchmuller_2012_ADHD_Diagnostic_Criteria_Gender_Bias.pdf
14-006,14. Differential Diagnosis & Misdiagnosis,Candidate,PASS 1,Late-onset presentations / false positives,"Sibley MH, Rohde LA, Swanson JM, Hechtman LT, Molina BSG, Mitchell JT, Arnold LE, Caye A, Kennedy TM, Roy A, Stehli A; MTA Cooperative Group",2018,Late-Onset ADHD Reconsidered With Comprehensive Repeated Assessments Between Ages 10 and 25,American Journal of Psychiatry,175(2):140-149,Longitudinal repeated-assessment cohort study,239 individuals without childhood ADHD followed with repeated psychiatric assessments from approximately age 10 through 25,10.1176/appi.ajp.2017.17030298,https://doi.org/10.1176/appi.ajp.2017.17030298,https://pmc.ncbi.nlm.nih.gov/articles/PMC5814300/,Yes,LINK ONLY,late-onset ADHD; adult-onset ADHD; false positives; substance use; longitudinal; diagnostic reassessment,14_006_Sibley_2018_Late_Onset_ADHD_Reconsidered.pdf
14-007,14. Differential Diagnosis & Misdiagnosis,Candidate,PASS 1,Adult-onset symptom picture / developmental history,"Moffitt TE, Houts R, Asherson P, Belsky DW, Corcoran DL, Hammerle M, Harrington H, Hogan S, Meier MH, Polanczyk GV, Poulton R, Ramrakha S, Sugden K, Williams B, Rohde LA, Caspi A",2015,Is Adult ADHD a Childhood-Onset Neurodevelopmental Disorder? Evidence From a Four-Decade Longitudinal Cohort Study,American Journal of Psychiatry,172(10):967-977,Prospective longitudinal birth-cohort study,"Dunedin birth cohort of 1,037 individuals born in 1972-1973 and followed to age 38 with childhood and adult ADHD assessments",10.1176/appi.ajp.2015.14101266,https://doi.org/10.1176/appi.ajp.2015.14101266,https://pmc.ncbi.nlm.nih.gov/articles/PMC4591104/,Yes,LINK ONLY,adult ADHD; childhood onset; developmental history; longitudinal cohort; diagnostic validity; adult-onset presentation,14_007_Moffitt_2015_Adult_ADHD_Childhood_Onset_Cohort.pdf
14-008,14. Differential Diagnosis & Misdiagnosis,Candidate,PASS 1,Depression / screening specificity,"Dunlop BW, Wu R, Helms K",2018,Performance of the Adult ADHD Self-Report Scale-v1.1 in Adults with Major Depressive Disorder,Behavioral Sciences,8(4):37,Diagnostic accuracy study,Treatment-seeking adults with major depressive disorder; evaluation of ASRS-v1.1 performance against ADHD diagnostic assessment,10.3390/bs8040037,https://doi.org/10.3390/bs8040037,https://pmc.ncbi.nlm.nih.gov/articles/PMC5946096/,Yes,REHOST PERMITTED,major depressive disorder; ASRS; screening; false positives; symptom overlap; adult ADHD; diagnostic accuracy,14_008_Dunlop_2018_ASRS_Major_Depression.pdf
14-009,14. Differential Diagnosis & Misdiagnosis,Candidate,PASS 1,Substance use / screening specificity,"van de Glind G, van den Brink W, Koeter MWJ, Carpentier PJ, van Emmerik-van Oortmerssen K, Kaye S, Skutle A, et al.; IASP Research Group; Levin FR",2013,Validity of the Adult ADHD Self-Report Scale (ASRS) as a screener for adult ADHD in treatment seeking substance use disorder patients,Drug and Alcohol Dependence,132(3):587-596,Multinational diagnostic accuracy study,International treatment-seeking substance use disorder patients; ASRS performance evaluated against structured adult ADHD diagnosis and other externalizing disorders,10.1016/j.drugalcdep.2013.04.010,https://doi.org/10.1016/j.drugalcdep.2013.04.010,https://pmc.ncbi.nlm.nih.gov/articles/PMC4083506/,Yes,LINK ONLY,substance use disorder; ASRS; screening; diagnostic accuracy; adult ADHD; externalizing disorders; false positives,14_009_van_de_Glind_2013_ASRS_SUD_Diagnostic_Validity.pdf
14-010,14. Differential Diagnosis & Misdiagnosis,Candidate,PASS 1,Bipolar disorder / borderline personality disorder,"Asherson P, Young AH, Eich-Hochli D, Moran P, Porsdal V, Deberdt W",2014,"Differential diagnosis, comorbidity, and treatment of attention-deficit/hyperactivity disorder in relation to bipolar disorder or borderline personality disorder in adults",Current Medical Research and Opinion,30(8):1657-1672,Focused literature review,"Adults; review of symptom overlap, differential diagnosis, comorbidity, and treatment involving ADHD, bipolar disorder, and borderline personality disorder",10.1185/03007995.2014.915800,https://doi.org/10.1185/03007995.2014.915800,https://doi.org/10.1185/03007995.2014.915800,No public PDF verified,LINK ONLY,bipolar disorder; borderline personality disorder; emotional dysregulation; impulsivity; adult ADHD; differential diagnosis,14_010_Asherson_2014_ADHD_Bipolar_BPD_Differential.pdf
14-011,14. Differential Diagnosis & Misdiagnosis,Candidate,PASS 1,Autism spectrum disorder / overlapping phenotype,"Antshel KM, Russo N",2019,"Autism Spectrum Disorders and ADHD: Overlapping Phenomenology, Diagnostic Issues, and Treatment Considerations",Current Psychiatry Reports,21(5):34,Focused narrative review,"ADHD and autism spectrum disorder across developmental populations; emphasis on shared phenomenology, diagnostic issues, and differentiating features",10.1007/s11920-019-1020-5,https://doi.org/10.1007/s11920-019-1020-5,https://doi.org/10.1007/s11920-019-1020-5,No public PDF verified,LINK ONLY,autism spectrum disorder; ASD; neurodevelopment; symptom overlap; differential diagnosis; executive function,14_011_Antshel_Russo_2019_ADHD_ASD_Diagnostic_Overlap.pdf
14-012,14. Differential Diagnosis & Misdiagnosis,Candidate,PASS 1,Sleep-disordered breathing / ADHD mimic,"Ivanov I, Miraglia B, Prodanova D, Newcorn JH",2024,Sleep Disordered Breathing and Risk for ADHD: Review of Supportive Evidence and Proposed Underlying Mechanisms,Journal of Attention Disorders,28(5):686-698,Focused review,Youth and adults; review of sleep-disordered breathing as a contributor to ADHD-like cognitive and behavioral symptoms and as an under-recognized condition in ADHD populations,10.1177/10870547241232313,https://doi.org/10.1177/10870547241232313,https://doi.org/10.1177/10870547241232313,No public PDF verified,LINK ONLY,sleep-disordered breathing; sleep apnea; ADHD mimic; attention; cognition; differential diagnosis,14_012_Ivanov_2024_Sleep_Disordered_Breathing_ADHD_Mimic.pdf
14-013,14. Differential Diagnosis & Misdiagnosis,Candidate,PASS 1,Neurodevelopmental phenocopies / learning and communication disorders,"Fernandez-Jaen A, Martin Fernandez-Mayoralas D, Fernandez-Perrone AL, Jimenez A, Albert J, Lopez-Martin S, Calleja-Perez B, Tirado P, Lopez-Arribas S",2018,Neurodevelopment and phenocopies of attention deficit hyperactivity disorder: differential diagnosis,Revista de Neurologia,66(Suppl 1):S103-S107,Narrative review,Children with ADHD or ADHD-like presentations; neurodevelopmental disorders including specific learning and communication disorders considered as comorbidities or phenocopies,10.33588/rn.66S01.2017532,https://doi.org/10.33588/rn.66S01.2017532,https://doi.org/10.33588/rn.66S01.2017532,Yes,RIGHTS UNCLEAR,phenocopy; learning disorders; communication disorders; neurodevelopment; neuropsychological assessment; differential diagnosis,14_013_Fernandez_Jaen_2018_ADHD_Neurodevelopmental_Phenocopies.pdf
14-014,14. Differential Diagnosis & Misdiagnosis,Candidate,PASS 1,Neuropsychological testing / specificity,"Riccio CA, Reynolds CR",2001,Continuous performance tests are sensitive to ADHD in adults but lack specificity. A review and critique for differential diagnosis,Annals of the New York Academy of Sciences,931:113-139,Review and methodological critique,Adults undergoing ADHD assessment; evidence on continuous performance tests and limits of test specificity across CNS and psychiatric conditions,10.1111/j.1749-6632.2001.tb05776.x,https://doi.org/10.1111/j.1749-6632.2001.tb05776.x,https://doi.org/10.1111/j.1749-6632.2001.tb05776.x,No public PDF verified,LINK ONLY,continuous performance test; CPT; neuropsychological testing; sensitivity; specificity; adult ADHD; differential diagnosis,14_014_Riccio_Reynolds_2001_CPT_Specificity_ADHD.pdf
14-015,14. Differential Diagnosis & Misdiagnosis,Candidate,PASS 1,Broad pediatric differential / medical and psychiatric mimics,"Weinberg WA, Emslie GJ",1991,Attention deficit hyperactivity disorder: the differential diagnosis,Journal of Child Neurology,6(Suppl):S23-S36,Clinical review,"Children and adolescents with attention, behavioral, or school difficulties; review of depression, mania, vigilance disorders, narcolepsy, learning disorders, conduct disorders, and acquired neurologic deficits as mimics or co-occurring conditions",10.1177/0883073891006001s04,https://doi.org/10.1177/0883073891006001s04,https://doi.org/10.1177/0883073891006001s04,No public PDF verified,LINK ONLY,pediatric differential; depression; mania; narcolepsy; learning disorders; conduct disorder; neurologic disorders,14_015_Weinberg_Emslie_1991_ADHD_Differential_Diagnosis.pdf
14-001,14. Differential Diagnosis & Misdiagnosis,Final,PASS 2,Adult diagnostic framework / broad differential,"Kooij JJS, Bijlenga D, Salerno L, Jaeschke R, Bitter I, Balazs J, et al.",2019,Updated European Consensus Statement on diagnosis and treatment of adult ADHD,European Psychiatry,56:14-34,Expert consensus statement with evidence review,"Adults with ADHD; European/international consensus addressing adult recognition, diagnostic assessment, differential diagnosis, and treatment",10.1016/j.eurpsy.2018.11.001,https://doi.org/10.1016/j.eurpsy.2018.11.001,https://www.cambridge.org/core/journals/european-psychiatry/article/updated-european-consensus-statement-on-diagnosis-and-treatment-of-adult-adhd/707E2A36539213CF85EACCA576F47427,Yes,LINK ONLY,adult ADHD; diagnostic assessment; differential diagnosis; consensus; underrecognition; psychiatric overlap,14_001_Kooij_2019_Adult_ADHD_Diagnostic_Consensus.pdf
14-002,14. Differential Diagnosis & Misdiagnosis,Final,PASS 2,Overdiagnosis / diagnostic threshold,"Kazda L, Bell K, Thomas R, McGeechan K, Sims R, Barratt A",2021,Overdiagnosis of Attention-Deficit/Hyperactivity Disorder in Children and Adolescents: A Systematic Scoping Review,JAMA Network Open,4(4):e215335,Systematic scoping review,Children and adolescents age 18 or younger; 334 included studies evaluating evidence relevant to ADHD overdiagnosis and overtreatment,10.1001/jamanetworkopen.2021.5335,https://doi.org/10.1001/jamanetworkopen.2021.5335,https://jamanetwork.com/journals/jamanetworkopen/fullarticle/2778451,Yes,REHOST PERMITTED,overdiagnosis; overtreatment; children; adolescents; diagnostic threshold; mild symptoms; systematic review,14_002_Kazda_2021_ADHD_Overdiagnosis_Scoping_Review.pdf
14-004,14. Differential Diagnosis & Misdiagnosis,Final,PASS 2,Relative age / developmental-context bias,"Holland J, Sayal K",2019,"Relative age and ADHD symptoms, diagnosis and medication: a systematic review",European Child & Adolescent Psychiatry,28(11):1417-1429,Systematic review with meta-analysis,"Children and adolescents; 20 studies included, with meta-analyses involving 17 studies examining relative age, ADHD diagnosis, symptoms, and medication",10.1007/s00787-018-1229-6,https://doi.org/10.1007/s00787-018-1229-6,https://link.springer.com/article/10.1007/s00787-018-1229-6,Yes,REHOST PERMITTED,relative age effect; school year; developmental maturity; diagnostic bias; children; systematic review,14_004_Holland_2019_Relative_Age_ADHD_Systematic_Review.pdf
14-005,14. Differential Diagnosis & Misdiagnosis,Final,PASS 2,Clinician decision-making / gender bias / overdiagnosis,"Bruchmuller K, Margraf J, Schneider S",2012,Is ADHD diagnosed in accord with diagnostic criteria? Overdiagnosis and influence of client gender on diagnosis,Journal of Consulting and Clinical Psychology,80(1):128-138,Experimental diagnostic-vignette study,473 German child and adolescent mental-health clinicians evaluating standardized case vignettes that did or did not fulfill ADHD diagnostic criteria,10.1037/a0026582,https://doi.org/10.1037/a0026582,https://doi.org/10.1037/a0026582,No public PDF verified,LINK ONLY,overdiagnosis; diagnostic criteria; clinician bias; gender bias; vignette study; heuristics,14_005_Bruchmuller_2012_ADHD_Diagnostic_Criteria_Gender_Bias.pdf
14-006,14. Differential Diagnosis & Misdiagnosis,Final,PASS 2,Late-onset presentations / false positives,"Sibley MH, Rohde LA, Swanson JM, Hechtman LT, Molina BSG, Mitchell JT, Arnold LE, Caye A, Kennedy TM, Roy A, Stehli A; MTA Cooperative Group",2018,Late-Onset ADHD Reconsidered With Comprehensive Repeated Assessments Between Ages 10 and 25,American Journal of Psychiatry,175(2):140-149,Longitudinal repeated-assessment cohort study,239 individuals without childhood ADHD followed with repeated multi-informant psychiatric assessments from approximately age 10 through 25,10.1176/appi.ajp.2017.17030298,https://doi.org/10.1176/appi.ajp.2017.17030298,https://pmc.ncbi.nlm.nih.gov/articles/PMC5814300/,Yes,LINK ONLY,late-onset ADHD; adult-onset ADHD; false positives; substance use; longitudinal; diagnostic reassessment,14_006_Sibley_2018_Late_Onset_ADHD_Reconsidered.pdf
14-008,14. Differential Diagnosis & Misdiagnosis,Final,PASS 2,Depression / screening specificity,"Dunlop BW, Wu R, Helms K",2018,Performance of the Adult ADHD Self-Report Scale-v1.1 in Adults with Major Depressive Disorder,Behavioral Sciences,8(4):37,Diagnostic accuracy study,40 treatment-seeking adults with major depressive disorder plus 55 healthy controls; ASRS-v1.1 performance evaluated against ADHD diagnostic assessment,10.3390/bs8040037,https://doi.org/10.3390/bs8040037,https://www.mdpi.com/2076-328X/8/4/37,Yes,REHOST PERMITTED,major depressive disorder; ASRS; screening; false positives; symptom overlap; adult ADHD; diagnostic accuracy,14_008_Dunlop_2018_ASRS_Major_Depression.pdf
14-009,14. Differential Diagnosis & Misdiagnosis,Final,PASS 2,Substance use / screening specificity,"van de Glind G, van den Brink W, Koeter MWJ, Carpentier PJ, van Emmerik-van Oortmerssen K, Kaye S, Skutle A, et al.; IASP Research Group; Levin FR",2013,Validity of the Adult ADHD Self-Report Scale (ASRS) as a screener for adult ADHD in treatment seeking substance use disorder patients,Drug and Alcohol Dependence,132(3):587-596,Multinational diagnostic accuracy study,"1,138 treatment-seeking substance use disorder patients; ASRS performance evaluated against structured adult ADHD diagnosis",10.1016/j.drugalcdep.2013.04.010,https://doi.org/10.1016/j.drugalcdep.2013.04.010,https://pmc.ncbi.nlm.nih.gov/articles/PMC4083506/,Yes,LINK ONLY,substance use disorder; ASRS; screening; diagnostic accuracy; adult ADHD; externalizing disorders; false positives,14_009_van_de_Glind_2013_ASRS_SUD_Diagnostic_Validity.pdf
14-010,14. Differential Diagnosis & Misdiagnosis,Final,PASS 2,Bipolar disorder / borderline personality disorder,"Asherson P, Young AH, Eich-Hochli D, Moran P, Porsdal V, Deberdt W",2014,"Differential diagnosis, comorbidity, and treatment of attention-deficit/hyperactivity disorder in relation to bipolar disorder or borderline personality disorder in adults",Current Medical Research and Opinion,30(8):1657-1672,Focused literature review,"Adults; review of symptom overlap, differential diagnosis, comorbidity, and treatment involving ADHD, bipolar disorder, and borderline personality disorder",10.1185/03007995.2014.915800,https://doi.org/10.1185/03007995.2014.915800,https://doi.org/10.1185/03007995.2014.915800,No public PDF verified,LINK ONLY,bipolar disorder; borderline personality disorder; emotional dysregulation; impulsivity; adult ADHD; differential diagnosis,14_010_Asherson_2014_ADHD_Bipolar_BPD_Differential.pdf
14-011,14. Differential Diagnosis & Misdiagnosis,Final,PASS 2,Autism spectrum disorder / overlapping phenotype,"Antshel KM, Russo N",2019,"Autism Spectrum Disorders and ADHD: Overlapping Phenomenology, Diagnostic Issues, and Treatment Considerations",Current Psychiatry Reports,21(5):34,Focused narrative review,"ADHD and autism spectrum disorder across developmental populations; emphasis on shared phenomenology, diagnostic issues, and differentiating features",10.1007/s11920-019-1020-5,https://doi.org/10.1007/s11920-019-1020-5,https://doi.org/10.1007/s11920-019-1020-5,No public PDF verified,LINK ONLY,autism spectrum disorder; ASD; neurodevelopment; symptom overlap; differential diagnosis; executive function,14_011_Antshel_Russo_2019_ADHD_ASD_Diagnostic_Overlap.pdf
14-012,14. Differential Diagnosis & Misdiagnosis,Final,PASS 2,Sleep-disordered breathing / ADHD mimic,"Ivanov I, Miraglia B, Prodanova D, Newcorn JH",2024,Sleep Disordered Breathing and Risk for ADHD: Review of Supportive Evidence and Proposed Underlying Mechanisms,Journal of Attention Disorders,28(5):686-698,Focused review,Youth and adults; review of sleep-disordered breathing as a contributor to ADHD-like cognitive and behavioral symptoms and as an under-recognized condition in ADHD populations,10.1177/10870547241232313,https://doi.org/10.1177/10870547241232313,https://doi.org/10.1177/10870547241232313,No public PDF verified,LINK ONLY,sleep-disordered breathing; sleep apnea; ADHD mimic; attention; cognition; differential diagnosis,14_012_Ivanov_2024_Sleep_Disordered_Breathing_ADHD_Mimic.pdf
14-014,14. Differential Diagnosis & Misdiagnosis,Final,PASS 2,Neuropsychological testing / specificity,"Riccio CA, Reynolds CR",2001,Continuous performance tests are sensitive to ADHD in adults but lack specificity. A review and critique for differential diagnosis,Annals of the New York Academy of Sciences,931:113-139,Review and methodological critique,Adults undergoing ADHD assessment; evidence on continuous performance tests and limits of test specificity across CNS and psychiatric conditions,10.1111/j.1749-6632.2001.tb05776.x,https://doi.org/10.1111/j.1749-6632.2001.tb05776.x,https://doi.org/10.1111/j.1749-6632.2001.tb05776.x,No public PDF verified,LINK ONLY,continuous performance test; CPT; neuropsychological testing; sensitivity; specificity; adult ADHD; differential diagnosis,14_014_Riccio_Reynolds_2001_CPT_Specificity_ADHD.pdf
15-001,15. Medication & Treatment,Candidate,PASS 1,Broad treatment evidence / benefits and harms,"Gosling CJ, Garcia-Argibay M, De Prisco M, Arrondo G, Ayrolles A, Antoun S, et al.",2025,Benefits and harms of ADHD interventions: umbrella review and platform for shared decision making,BMJ,391:e085875,Umbrella review of systematic reviews with meta-analyses; living evidence platform,"Children, adolescents, and adults with diagnosed ADHD; 47 meta-analytic reports selected for 221 re-estimated intervention-outcome comparisons across drug and non-drug treatments",10.1136/bmj-2025-085875,https://doi.org/10.1136/bmj-2025-085875,https://www.bmj.com/content/391/bmj-2025-085875,Yes,REHOST PERMITTED,umbrella review; shared decision making; pharmacological treatment; nonpharmacological treatment; efficacy; tolerability; lifespan,15_001_Gosling_2025_ADHD_Interventions_Umbrella_Review.pdf
15-002,15. Medication & Treatment,Candidate,PASS 1,Medication dosing / dose-effect,"Nourredine M, Jurek L, Hamza T, Cipriani A, Subtil F, Parlatini V, et al.",2026,Pharmacological interventions for ADHD: a systematic review and dose-effect network meta-analysis,The Lancet Psychiatry,13(6):485-495,Systematic review and dose-effect network meta-analysis of double-blind randomized controlled trials,"Individuals age 5 years and older with standardized ADHD diagnoses; 113 RCTs in the network meta-analysis, including 14,138 children/adolescents and 11,016 adults",10.1016/S2215-0366(26)00091-X,https://doi.org/10.1016/S2215-0366(26)00091-X,https://www.thelancet.com/journals/lanpsy/article/PIIS2215-0366(26)00091-X/fulltext,Yes,LINK ONLY,dose response; dose effect; methylphenidate; amphetamines; guanfacine; atomoxetine; tolerability; network meta-analysis,15_002_Nourredine_2026_ADHD_Medication_Dose_Effect_NMA.pdf
15-003,15. Medication & Treatment,Candidate,PASS 1,Adult treatment / comparative interventions,"Ostinelli EG, Schulze M, Zangani C, Farhat LC, Tomlinson A, Del Giovane C, et al.",2025,"Comparative efficacy and acceptability of pharmacological, psychological, and neurostimulatory interventions for ADHD in adults: a systematic review and component network meta-analysis",The Lancet Psychiatry,12(1):32-43,Systematic review and component network meta-analysis of randomized controlled trials,"Adults age 18 years and older with formal ADHD diagnoses; randomized trials of pharmacological, psychological, and neurostimulatory interventions searched through September 2023",10.1016/S2215-0366(24)00360-2,https://doi.org/10.1016/S2215-0366(24)00360-2,https://www.sciencedirect.com/science/article/pii/S2215036624003602,Yes,REHOST PERMITTED,adult ADHD; stimulants; atomoxetine; psychotherapy; neurostimulation; component network meta-analysis; acceptability,15_003_Ostinelli_2025_Adult_ADHD_Treatment_Component_NMA.pdf
15-004,15. Medication & Treatment,Candidate,PASS 1,Medication efficacy / comparative pharmacotherapy,"Cortese S, Adamo N, Del Giovane C, Mohr-Jensen C, Hayes AJ, Carucci S, et al.",2018,"Comparative efficacy and tolerability of medications for attention-deficit hyperactivity disorder in children, adolescents, and adults: a systematic review and network meta-analysis",The Lancet Psychiatry,5(9):727-738,Systematic review and network meta-analysis of double-blind randomized controlled trials,"Children, adolescents, and adults with ADHD; comparative short-term efficacy and tolerability of amphetamines, atomoxetine, bupropion, clonidine, guanfacine, methylphenidate, and modafinil",10.1016/S2215-0366(18)30269-4,https://doi.org/10.1016/S2215-0366(18)30269-4,https://pmc.ncbi.nlm.nih.gov/articles/PMC6109107/,Yes,REHOST PERMITTED,medication; stimulants; nonstimulants; methylphenidate; amphetamines; atomoxetine; efficacy; tolerability; network meta-analysis,15_004_Cortese_2018_ADHD_Medication_Network_Meta_Analysis.pdf
15-005,15. Medication & Treatment,Candidate,PASS 1,Medication safety / cardiovascular effects,"Farhat LC, Lannes A, Del Giovane C, Parlatini V, Garcia-Argibay M, Ostinelli EG, et al.",2025,"Comparative cardiovascular safety of medications for attention-deficit hyperactivity disorder in children, adolescents, and adults: a systematic review and network meta-analysis",The Lancet Psychiatry,12(5):355-365,Systematic review and network meta-analysis of randomized controlled trials,"Children, adolescents, and adults with ADHD; randomized trials comparing stimulant and non-stimulant medications on blood pressure, pulse, and ECG outcomes",10.1016/S2215-0366(25)00062-8,https://doi.org/10.1016/S2215-0366(25)00062-8,https://www.sciencedirect.com/science/article/pii/S2215036625000628,No public PDF verified,LINK ONLY,cardiovascular safety; blood pressure; pulse; ECG; stimulants; atomoxetine; guanfacine; viloxazine; network meta-analysis,15_005_Farhat_2025_ADHD_Medication_Cardiovascular_Safety_NMA.pdf
15-006,15. Medication & Treatment,Candidate,PASS 1,Medication outcomes / real-world harms and benefits,"Zhang L, Zhu N, Sjolander A, Nourredine M, Li L, Garcia-Argibay M, et al.",2025,"ADHD drug treatment and risk of suicidal behaviours, substance misuse, accidental injuries, transport accidents, and criminality: emulation of target trials",BMJ,390:e083658,Population-based observational study using target trial emulation,"148,581 people age 6-64 years with a new ADHD diagnosis in Swedish national registers, 2007-2020; treatment initiation compared with non-initiation over two years",10.1136/bmj-2024-083658,https://doi.org/10.1136/bmj-2024-083658,https://www.bmj.com/content/390/bmj-2024-083658,Yes,REHOST PERMITTED,medication outcomes; suicidality; substance misuse; injuries; transport accidents; criminality; target trial emulation; registry study,15_006_Zhang_2025_ADHD_Medication_Target_Trial_Emulation.pdf
15-007,15. Medication & Treatment,Candidate,PASS 1,Combined treatment / multimodal care,MTA Cooperative Group,1999,A 14-month randomized clinical trial of treatment strategies for attention-deficit/hyperactivity disorder,Archives of General Psychiatry,56(12):1073-1086,Multisite randomized controlled clinical trial,"579 children age 7-9.9 years with ADHD Combined Type randomized to medication management, intensive behavioral treatment, combined treatment, or standard community care for 14 months",10.1001/archpsyc.56.12.1073,https://doi.org/10.1001/archpsyc.56.12.1073,https://jamanetwork.com/journals/jamapsychiatry/fullarticle/205525,No public PDF verified,LINK ONLY,MTA; combined treatment; medication management; behavioral treatment; children; randomized trial; multimodal care,15_007_MTA_1999_ADHD_Multimodal_Treatment_Trial.pdf
15-008,15. Medication & Treatment,Candidate,PASS 1,Non-stimulant versus stimulant / atomoxetine,"Newcorn JH, Kratochvil CJ, Allen AJ, Casat CD, Ruff DD, Moore RJ, Michelson D; Atomoxetine/Methylphenidate Comparative Study Group",2008,Atomoxetine and osmotically released methylphenidate for the treatment of attention deficit hyperactivity disorder: acute comparison and differential response,American Journal of Psychiatry,165(6):721-730,Randomized double-blind placebo-controlled comparative trial,"516 children and adolescents age 6-16 years with ADHD randomized to atomoxetine, osmotic-release oral methylphenidate, or placebo for 6 weeks",10.1176/appi.ajp.2007.05091676,https://doi.org/10.1176/appi.ajp.2007.05091676,https://psychiatryonline.org/doi/full/10.1176/appi.ajp.2007.05091676,No public PDF verified,LINK ONLY,atomoxetine; methylphenidate; nonstimulant; stimulant; children; adolescents; comparative trial; differential response,15_008_Newcorn_2008_Atomoxetine_vs_Methylphenidate.pdf
15-009,15. Medication & Treatment,Candidate,PASS 1,Non-stimulant medication / guanfacine,"Biederman J, Melmed RD, Patel A, McBurnett K, Konow J, Lyne A, Scherer N; SPD503 Study Group",2008,"A randomized, double-blind, placebo-controlled study of guanfacine extended release in children and adolescents with attention-deficit/hyperactivity disorder",Pediatrics,121(1):e73-e84,Multicenter randomized double-blind placebo-controlled dose-ranging trial,"345 children and adolescents age 6-17 years with ADHD randomized to extended-release guanfacine 2, 3, or 4 mg/day or placebo for 8 weeks",10.1542/peds.2006-3695,https://doi.org/10.1542/peds.2006-3695,https://publications.aap.org/pediatrics/article/121/1/e73/71017/A-Randomized-Double-Blind-Placebo-Controlled-Study,No public PDF verified,LINK ONLY,guanfacine; alpha-2A agonist; nonstimulant; pediatric ADHD; efficacy; safety; randomized controlled trial,15_009_Biederman_2008_Guanfacine_ER_RCT.pdf
15-010,15. Medication & Treatment,Candidate,PASS 1,Stimulants / methylphenidate versus amphetamine,"Faraone SV, Buitelaar J",2010,Comparing the efficacy of stimulants for ADHD in children and adolescents using meta-analysis,European Child & Adolescent Psychiatry,19(4):353-364,Meta-analysis of double-blind placebo-controlled stimulant trials,Children and adolescents with ADHD; 23 trials of methylphenidate and amphetamine formulations published after 1979,10.1007/s00787-009-0054-3,https://doi.org/10.1007/s00787-009-0054-3,https://link.springer.com/article/10.1007/s00787-009-0054-3,No public PDF verified,LINK ONLY,stimulants; methylphenidate; amphetamine; children; adolescents; efficacy; meta-analysis,15_010_Faraone_Buitelaar_2010_Stimulant_Efficacy_Meta_Analysis.pdf
15-011,15. Medication & Treatment,Candidate,PASS 1,Nonpharmacological treatment / broad evidence,"Sonuga-Barke EJS, Brandeis D, Cortese S, Daley D, Ferrin M, Holtmann M, et al.; European ADHD Guidelines Group",2013,Nonpharmacological interventions for ADHD: systematic review and meta-analyses of randomized controlled trials of dietary and psychological treatments,American Journal of Psychiatry,170(3):275-289,Systematic review and meta-analyses of randomized controlled trials,"Individuals with diagnosed ADHD or validated ADHD cutoffs; dietary and psychological interventions including elimination diets, artificial food color exclusion, fatty-acid supplementation, cognitive training, neurofeedback, and behavioral interventions",10.1176/appi.ajp.2012.12070991,https://doi.org/10.1176/appi.ajp.2012.12070991,https://psychiatryonline.org/doi/10.1176/appi.ajp.2012.12070991,No public PDF verified,LINK ONLY,nonpharmacological treatment; diet; cognitive training; neurofeedback; behavioral intervention; systematic review; meta-analysis,15_011_Sonuga_Barke_2013_Nonpharmacological_ADHD_Meta_Analysis.pdf
15-012,15. Medication & Treatment,Candidate,PASS 1,Behavioral intervention / child and parent outcomes,"Daley D, van der Oord S, Ferrin M, Danckaerts M, Doepfner M, Cortese S, Sonuga-Barke EJS; European ADHD Guidelines Group",2014,Behavioral interventions in attention-deficit/hyperactivity disorder: a meta-analysis of randomized controlled trials across multiple outcome domains,Journal of the American Academy of Child & Adolescent Psychiatry,53(8):835-847.e5,Systematic review and meta-analysis of randomized controlled trials,"Children and adolescents with ADHD or validated ADHD cutoffs; 32 randomized trials examining ADHD symptoms, conduct, social, academic, and parenting outcomes",10.1016/j.jaac.2014.05.013,https://doi.org/10.1016/j.jaac.2014.05.013,https://www.sciencedirect.com/science/article/pii/S0890856714004080,No public PDF verified,LINK ONLY,behavioral treatment; parent outcomes; child outcomes; ADHD symptoms; conduct problems; social skills; randomized trials; meta-analysis,15_012_Daley_2014_ADHD_Behavioral_Interventions_Meta_Analysis.pdf
15-013,15. Medication & Treatment,Candidate,PASS 1,Behavioral parent training / longer-term outcomes,"Doffer DPA, Dekkers TJ, Hornstra R, van der Oord S, Luman M, Leijten P, Hoekstra PJ, van den Hoofdakker BJ, Groenman AP",2023,Sustained improvements by behavioural parent training for children with attention-deficit/hyperactivity disorder: A meta-analytic review of longer-term child and parental outcomes,JCPP Advances,3(3):e12196,Systematic review and multilevel meta-analysis of randomized controlled trials,"Children with ADHD and their parents; 27 studies, 31 interventions, and 217 effect sizes examining outcomes more than two months after behavioral parent training",10.1002/jcv2.12196,https://doi.org/10.1002/jcv2.12196,https://acamh.onlinelibrary.wiley.com/doi/10.1002/jcv2.12196,Yes,REHOST PERMITTED,behavioral parent training; children; parenting; follow-up; long-term outcomes; behavioral problems; meta-analysis,15_013_Doffer_2023_Behavioral_Parent_Training_Long_Term_Meta_Analysis.pdf
15-014,15. Medication & Treatment,Candidate,PASS 1,Adult psychotherapy / cognitive behavioral therapy,"Liu CI, Hua MH, Lu ML, Goh KK",2023,Effectiveness of cognitive behavioural-based interventions for adults with attention-deficit/hyperactivity disorder extends beyond core symptoms: A meta-analysis of randomized controlled trials,"Psychology and Psychotherapy: Theory, Research and Practice",96(3):543-559,Systematic review and meta-analysis of randomized controlled trials,Adults with ADHD; 28 randomized controlled studies of cognitive behavioral-based interventions examining core ADHD and emotional outcomes,10.1111/papt.12455,https://doi.org/10.1111/papt.12455,https://bpspsychub.onlinelibrary.wiley.com/doi/10.1111/papt.12455,No public PDF verified,LINK ONLY,adult ADHD; cognitive behavioral therapy; CBT; psychotherapy; depression; anxiety; quality of life; meta-analysis,15_014_Liu_2023_Adult_ADHD_CBT_Meta_Analysis.pdf
15-015,15. Medication & Treatment,Candidate,PASS 1,Neurofeedback / evidence limitations,"Cortese S, Ferrin M, Brandeis D, Holtmann M, Aggensteiner P, Daley D, et al.; European ADHD Guidelines Group",2016,Neurofeedback for Attention-Deficit/Hyperactivity Disorder: Meta-Analysis of Clinical and Neuropsychological Outcomes From Randomized Controlled Trials,Journal of the American Academy of Child & Adolescent Psychiatry,55(6):444-455,Systematic review and meta-analysis of randomized controlled trials,Children and adolescents with ADHD; 13 randomized trials with 520 participants evaluating neurofeedback effects on ADHD symptoms and neuropsychological outcomes,10.1016/j.jaac.2016.03.007,https://doi.org/10.1016/j.jaac.2016.03.007,https://www.sciencedirect.com/science/article/pii/S0890856716300958,No public PDF verified,LINK ONLY,neurofeedback; children; adolescents; randomized controlled trials; blinded outcomes; neuropsychological outcomes; meta-analysis,15_015_Cortese_2016_Neurofeedback_ADHD_Meta_Analysis.pdf
15-001,15. Medication & Treatment,Final,PASS 2,Broad treatment evidence / benefits and harms,"Gosling CJ, Garcia-Argibay M, De Prisco M, Arrondo G, Ayrolles A, Antoun S, et al.",2025,Benefits and harms of ADHD interventions: umbrella review and platform for shared decision making,BMJ,391:e085875,Umbrella review of systematic reviews with meta-analyses; living evidence platform,"Children, adolescents, and adults with diagnosed ADHD; 47 meta-analytic reports selected for 221 re-estimated intervention-outcome comparisons across drug and non-drug treatments",10.1136/bmj-2025-085875,https://doi.org/10.1136/bmj-2025-085875,https://www.bmj.com/content/391/bmj-2025-085875,Yes,REHOST PERMITTED,umbrella review; shared decision making; pharmacological treatment; nonpharmacological treatment; efficacy; tolerability; lifespan,15_001_Gosling_2025_ADHD_Interventions_Umbrella_Review.pdf
15-002,15. Medication & Treatment,Final,PASS 2,Medication dosing / dose-effect,"Nourredine M, Jurek L, Hamza T, Cipriani A, Subtil F, Parlatini V, et al.",2026,Pharmacological interventions for ADHD: a systematic review and dose-effect network meta-analysis,The Lancet Psychiatry,13(6):485-495,Systematic review and dose-effect network meta-analysis of double-blind randomized controlled trials,"Individuals age 5 years and older meeting standardized ADHD criteria; 113 RCTs total, including 14,138 children/adolescents and 11,016 adults",10.1016/S2215-0366(26)00091-X,https://doi.org/10.1016/S2215-0366(26)00091-X,https://pubmed.ncbi.nlm.nih.gov/42134365/,Yes,LINK ONLY,dose response; dose effect; methylphenidate; amphetamines; guanfacine; atomoxetine; tolerability; network meta-analysis,15_002_Nourredine_2026_ADHD_Medication_Dose_Effect_NMA.pdf
15-003,15. Medication & Treatment,Final,PASS 2,Adult treatment / comparative interventions,"Ostinelli EG, Schulze M, Zangani C, Farhat LC, Tomlinson A, Del Giovane C, et al.",2025,"Comparative efficacy and acceptability of pharmacological, psychological, and neurostimulatory interventions for ADHD in adults: a systematic review and component network meta-analysis",The Lancet Psychiatry,12(1):32-43,Systematic review and component network meta-analysis of randomized controlled trials,"Adults age 18 years and older with formal ADHD diagnoses; randomized trials of pharmacological, psychological, and neurostimulatory interventions searched through September 2023",10.1016/S2215-0366(24)00360-2,https://doi.org/10.1016/S2215-0366(24)00360-2,https://www.sciencedirect.com/science/article/pii/S2215036624003602,Yes,REHOST PERMITTED,adult ADHD; stimulants; atomoxetine; psychotherapy; neurostimulation; component network meta-analysis; acceptability,15_003_Ostinelli_2025_Adult_ADHD_Treatment_Component_NMA.pdf
15-004,15. Medication & Treatment,Final,PASS 2,Medication efficacy / comparative pharmacotherapy,"Cortese S, Adamo N, Del Giovane C, Mohr-Jensen C, Hayes AJ, Carucci S, et al.",2018,"Comparative efficacy and tolerability of medications for attention-deficit hyperactivity disorder in children, adolescents, and adults: a systematic review and network meta-analysis",The Lancet Psychiatry,5(9):727-738,Systematic review and network meta-analysis of double-blind randomized controlled trials,"Children, adolescents, and adults with ADHD; 133 double-blind RCTs comparing amphetamines, atomoxetine, bupropion, clonidine, guanfacine, methylphenidate, modafinil, and placebo",10.1016/S2215-0366(18)30269-4,https://doi.org/10.1016/S2215-0366(18)30269-4,https://pmc.ncbi.nlm.nih.gov/articles/PMC6109107/,Yes,REHOST PERMITTED,medication; stimulants; nonstimulants; methylphenidate; amphetamines; atomoxetine; efficacy; tolerability; network meta-analysis,15_004_Cortese_2018_ADHD_Medication_Network_Meta_Analysis.pdf
15-005,15. Medication & Treatment,Final,PASS 2,Medication safety / cardiovascular effects,"Farhat LC, Lannes A, Del Giovane C, Parlatini V, Garcia-Argibay M, Ostinelli EG, et al.",2025,"Comparative cardiovascular safety of medications for attention-deficit hyperactivity disorder in children, adolescents, and adults: a systematic review and network meta-analysis",The Lancet Psychiatry,12(5):355-365,Systematic review and network meta-analysis of randomized controlled trials,"Children, adolescents, and adults with ADHD; randomized trials comparing stimulant and non-stimulant medications on blood pressure, pulse, and ECG outcomes",10.1016/S2215-0366(25)00062-8,https://doi.org/10.1016/S2215-0366(25)00062-8,https://www.sciencedirect.com/science/article/pii/S2215036625000628,No public PDF verified,LINK ONLY,cardiovascular safety; blood pressure; pulse; ECG; stimulants; atomoxetine; guanfacine; viloxazine; network meta-analysis,15_005_Farhat_2025_ADHD_Medication_Cardiovascular_Safety_NMA.pdf
15-006,15. Medication & Treatment,Final,PASS 2,Medication outcomes / real-world harms and benefits,"Zhang L, Zhu N, Sjolander A, Nourredine M, Li L, Garcia-Argibay M, et al.",2025,"ADHD drug treatment and risk of suicidal behaviours, substance misuse, accidental injuries, transport accidents, and criminality: emulation of target trials",BMJ,390:e083658,Population-based observational study using target trial emulation,"148,581 people age 6-64 years with a new ADHD diagnosis in Swedish national registers, 2007-2020; treatment initiation compared with non-initiation over two years",10.1136/bmj-2024-083658,https://doi.org/10.1136/bmj-2024-083658,https://www.bmj.com/content/390/bmj-2024-083658,Yes,REHOST PERMITTED,medication outcomes; suicidality; substance misuse; injuries; transport accidents; criminality; target trial emulation; registry study,15_006_Zhang_2025_ADHD_Medication_Target_Trial_Emulation.pdf
15-007,15. Medication & Treatment,Final,PASS 2,Combined treatment / multimodal care,MTA Cooperative Group,1999,A 14-month randomized clinical trial of treatment strategies for attention-deficit/hyperactivity disorder,Archives of General Psychiatry,56(12):1073-1086,Multisite randomized controlled clinical trial,"579 children age 7-9.9 years with ADHD Combined Type randomized to medication management, intensive behavioral treatment, combined treatment, or standard community care for 14 months",10.1001/archpsyc.56.12.1073,https://doi.org/10.1001/archpsyc.56.12.1073,https://jamanetwork.com/journals/jamapsychiatry/fullarticle/205525,Free full text; public PDF rights not verified,LINK ONLY,MTA; combined treatment; medication management; behavioral treatment; children; randomized trial; multimodal care,15_007_MTA_1999_ADHD_Multimodal_Treatment_Trial.pdf
15-008,15. Medication & Treatment,Final,PASS 2,Non-stimulant versus stimulant / atomoxetine,"Newcorn JH, Kratochvil CJ, Allen AJ, Casat CD, Ruff DD, Moore RJ, Michelson D; Atomoxetine/Methylphenidate Comparative Study Group",2008,Atomoxetine and osmotically released methylphenidate for the treatment of attention deficit hyperactivity disorder: acute comparison and differential response,American Journal of Psychiatry,165(6):721-730,Randomized double-blind placebo-controlled comparative trial,"516 children and adolescents age 6-16 years with ADHD randomized to atomoxetine, osmotic-release methylphenidate, or placebo for 6 weeks",10.1176/appi.ajp.2007.05091676,https://doi.org/10.1176/appi.ajp.2007.05091676,https://psychiatryonline.org/doi/full/10.1176/appi.ajp.2007.05091676,No public PDF verified,LINK ONLY,atomoxetine; methylphenidate; nonstimulant; stimulant; children; adolescents; comparative trial; differential response,15_008_Newcorn_2008_Atomoxetine_vs_Methylphenidate.pdf
15-012,15. Medication & Treatment,Final,PASS 2,Behavioral intervention / child and parent outcomes,"Daley D, van der Oord S, Ferrin M, Danckaerts M, Doepfner M, Cortese S, Sonuga-Barke EJS; European ADHD Guidelines Group",2014,Behavioral interventions in attention-deficit/hyperactivity disorder: a meta-analysis of randomized controlled trials across multiple outcome domains,Journal of the American Academy of Child & Adolescent Psychiatry,53(8):835-847.e5,Systematic review and meta-analysis of randomized controlled trials,"Children and adolescents with ADHD or validated ADHD cutoffs; 32 randomized trials examining ADHD symptoms, conduct, social, academic, and parenting outcomes",10.1016/j.jaac.2014.05.013,https://doi.org/10.1016/j.jaac.2014.05.013,https://www.sciencedirect.com/science/article/pii/S0890856714004080,No public PDF verified,LINK ONLY,behavioral treatment; parent outcomes; child outcomes; ADHD symptoms; conduct problems; social skills; randomized trials; meta-analysis,15_012_Daley_2014_ADHD_Behavioral_Interventions_Meta_Analysis.pdf
15-013,15. Medication & Treatment,Final,PASS 2,Behavioral parent training / longer-term outcomes,"Doffer DPA, Dekkers TJ, Hornstra R, van der Oord S, Luman M, Leijten P, Hoekstra PJ, van den Hoofdakker BJ, Groenman AP",2023,Sustained improvements by behavioural parent training for children with attention-deficit/hyperactivity disorder: A meta-analytic review of longer-term child and parental outcomes,JCPP Advances,3(3):e12196,Systematic review and multilevel meta-analysis of randomized controlled trials,"Children with ADHD and their parents; 27 studies, 31 interventions, and 217 effect sizes examining outcomes more than two months after behavioral parent training",10.1002/jcv2.12196,https://doi.org/10.1002/jcv2.12196,https://acamh.onlinelibrary.wiley.com/doi/10.1002/jcv2.12196,Yes,REHOST PERMITTED,behavioral parent training; children; parenting; follow-up; long-term outcomes; behavioral problems; meta-analysis,15_013_Doffer_2023_Behavioral_Parent_Training_Long_Term_Meta_Analysis.pdf
15-014,15. Medication & Treatment,Final,PASS 2,Adult psychotherapy / cognitive behavioral therapy,"Liu CI, Hua MH, Lu ML, Goh KK",2023,Effectiveness of cognitive behavioural-based interventions for adults with attention-deficit/hyperactivity disorder extends beyond core symptoms: A meta-analysis of randomized controlled trials,"Psychology and Psychotherapy: Theory, Research and Practice",96(3):543-559,Systematic review and meta-analysis of randomized controlled trials,Adults with ADHD; 28 randomized controlled studies of cognitive behavioral-based interventions examining core ADHD symptoms and emotional/functional outcomes,10.1111/papt.12455,https://doi.org/10.1111/papt.12455,https://bpspsychub.onlinelibrary.wiley.com/doi/10.1111/papt.12455,Yes,LINK ONLY,adult ADHD; cognitive behavioral therapy; CBT; psychotherapy; depression; anxiety; quality of life; meta-analysis,15_014_Liu_2023_Adult_ADHD_CBT_Meta_Analysis.pdf
16-001,16. Substance Use & Self-Medication,Candidate,PASS 1,Prospective SUD risk across substances,Steve S. Lee; Kathryn L. Humphreys; Kate Flory; Rebecca Liu; Kerrie Glass,2011,Prospective association of childhood attention-deficit/hyperactivity disorder (ADHD) and substance use and abuse/dependence: A meta-analytic review,Clinical Psychology Review,31(3):328-341,Meta-analysis of prospective longitudinal studies,"Children with clinically ascertained ADHD versus non-ADHD controls followed into adolescence or adulthood; nicotine, alcohol, marijuana, cocaine, and other substance outcomes",10.1016/j.cpr.2011.01.006,https://doi.org/10.1016/j.cpr.2011.01.006,https://pmc.ncbi.nlm.nih.gov/articles/PMC3180912/,Yes,LINK ONLY,ADHD; substance use; substance use disorder; longitudinal; nicotine; alcohol; cannabis; cocaine; risk; meta-analysis,Lee_2011_ADHD_Prospective_Substance_Use_Meta_Analysis.pdf
16-002,16. Substance Use & Self-Medication,Candidate,PASS 1,ADHD prevalence in SUD populations,Henrik Rohner; Nikolas Gaspar; Alexandra Philipsen; Marcel Schulze,2023,Prevalence of Attention Deficit Hyperactivity Disorder (ADHD) among Substance Use Disorder (SUD) Populations: Meta-Analysis,International Journal of Environmental Research and Public Health,20(2):1275,Systematic review and meta-analysis,"31 studies, 12,524 participants in substance use disorder populations; includes alcohol, cocaine, opioid and mixed SUD samples",10.3390/ijerph20021275,https://doi.org/10.3390/ijerph20021275,https://www.mdpi.com/1660-4601/20/2/1275,Yes,REHOST PERMITTED,ADHD; substance use disorder; prevalence; addiction; alcohol; cocaine; opioids; meta-analysis; CC BY,Rohner_2023_ADHD_Prevalence_SUD_Meta_Analysis.pdf
16-003,16. Substance Use & Self-Medication,Candidate,PASS 1,Cannabis use disorder,Anna M. Froude; Emily J. Fawcett; Ashlee Coles; Dalainey H. Drakes; Nick Harris; Jonathan M. Fawcett,2024,The prevalence of cannabis use disorder in attention-deficit hyperactivity disorder: A clinical epidemiological meta-analysis,Journal of Psychiatric Research,172:391-401,Systematic review and meta-analysis,14 studies estimating current and lifetime cannabis use disorder prevalence and risk among people with ADHD compared with control/general-population samples,10.1016/j.jpsychires.2024.02.050,https://doi.org/10.1016/j.jpsychires.2024.02.050,https://www.sciencedirect.com/science/article/abs/pii/S0022395624001249,Yes - publisher access,LINK ONLY,ADHD; cannabis; cannabis use disorder; CUD; prevalence; epidemiology; meta-analysis,Froude_2024_ADHD_Cannabis_Use_Disorder_Meta_Analysis.pdf
16-004,16. Substance Use & Self-Medication,Candidate,PASS 1,"Nicotine, smoking, and stimulant treatment",Erin N. Schoenfelder; Stephen V. Faraone; Scott H. Kollins,2014,Stimulant Treatment of ADHD and Cigarette Smoking: A Meta-Analysis,Pediatrics,133(6):1070-1080,Meta-analysis,"14 meta-analyzed studies, 2,360 participants with ADHD; cigarette smoking outcomes in stimulant-treated versus untreated ADHD groups",10.1542/peds.2014-0179,https://doi.org/10.1542/peds.2014-0179,https://pmc.ncbi.nlm.nih.gov/articles/PMC4531271/,Yes,LINK ONLY,ADHD; nicotine; cigarette smoking; tobacco; stimulant treatment; prevention; meta-analysis,Schoenfelder_2014_ADHD_Stimulants_Cigarette_Smoking_Meta_Analysis.pdf
16-005,16. Substance Use & Self-Medication,Candidate,PASS 1,Stimulant treatment and later substance outcomes,Kathryn L. Humphreys; Timothy Eng; Steve S. Lee,2013,Stimulant Medication and Substance Use Outcomes: A Meta-analysis,JAMA Psychiatry,70(7):740-749,Meta-analysis of longitudinal studies,"2,565 participants from 15 longitudinal studies; later alcohol, cocaine, marijuana, nicotine, and nonspecific drug use or abuse/dependence after childhood stimulant treatment",10.1001/jamapsychiatry.2013.1273,https://doi.org/10.1001/jamapsychiatry.2013.1273,https://pmc.ncbi.nlm.nih.gov/articles/PMC6688478/,Yes,LINK ONLY,ADHD; stimulants; medication; substance use; SUD risk; alcohol; cannabis; cocaine; nicotine; meta-analysis,Humphreys_2013_Stimulant_Medication_Substance_Outcomes_Meta_Analysis.pdf
16-006,16. Substance Use & Self-Medication,Candidate,PASS 1,Medication and substance-related events,Patrick D. Quinn; Zheng Chang; Kwan Hur; Robert D. Gibbons; Benjamin B. Lahey; Martin E. Rickert; Arvid Sjolander; Paul Lichtenstein; Henrik Larsson; Brian M. D'Onofrio,2017,ADHD Medication and Substance-Related Problems,American Journal of Psychiatry,174(9):877-885,Large observational claims study with within-individual analyses,"2,993,887 U.S. adolescents and adults with ADHD in 2005-2014 commercial healthcare claims; substance-related emergency events during medicated versus unmedicated periods",10.1176/appi.ajp.2017.16060686,https://doi.org/10.1176/appi.ajp.2017.16060686,https://pmc.ncbi.nlm.nih.gov/articles/PMC5581231/,Yes,LINK ONLY,ADHD; medication; stimulants; atomoxetine; substance-related events; SUD; claims; within-individual; pharmacoepidemiology,Quinn_2017_ADHD_Medication_Substance_Related_Problems.pdf
16-007,16. Substance Use & Self-Medication,Candidate,PASS 1,Integrated ADHD-SUD screening and treatment,Cleo L. Crunelle; Wim van den Brink; Franz Moggi; Maija Konstenius; Johan Franck; Frances R. Levin; Geurt van de Glind; Zsolt Demetrovics; Corne Coetzee; Mathias Luderer; Arnt Schellekens; ICASA Consensus Group; Frieda Matthys,2018,"International Consensus Statement on Screening, Diagnosis and Treatment of Substance Use Disorder Patients with Comorbid Attention Deficit/Hyperactivity Disorder",European Addiction Research,24(1):43-51,Evidence- and consensus-based clinical statement,"Adults with co-occurring ADHD and substance use disorders; international expert recommendations on screening, diagnosis, pharmacotherapy and psychotherapy",10.1159/000487767,https://doi.org/10.1159/000487767,https://pmc.ncbi.nlm.nih.gov/articles/PMC5986068/,Yes,LINK ONLY,ADHD; SUD; addiction; consensus; screening; diagnosis; treatment; integrated care,Crunelle_2018_International_Consensus_ADHD_SUD.pdf
16-008,16. Substance Use & Self-Medication,Candidate,PASS 1,"Substance-use motives, assessment, and integrated care",Susan Young; Cyrus Abbasian; Zainab Al-Attar; Polly Branney; Bill Colley; Samuele Cortese; Sally Cubbin; Quinton Deeley; Gisli Hannes Gudjonsson; Peter Hill; Jack Hollingdale; Steve Jenden; Joe Johnson; Deborah Judge; Alexandra Lewis; Peter Mason; Raja Mukherjee; David Nutt; Jane Roberts; Fiona Robinson; Emma Woodhouse; Kelly Cocallis,2023,Identification and treatment of individuals with attention-deficit/hyperactivity disorder and substance use disorder: An expert consensus statement,World Journal of Psychiatry,13(3):84-112,Expert consensus statement with literature review,Young people and adults with ADHD and substance use or substance use disorder across ADHD and addiction-service settings; includes reasons for use and appraisal of self-medication evidence,10.5498/wjp.v13.i3.84,https://doi.org/10.5498/wjp.v13.i3.84,https://www.wjgnet.com/2220-3206/full/v13/i3/84.htm,Yes,LINK ONLY,ADHD; substance use; SUD; self-medication; motives; assessment; treatment; consensus; CC BY-NC,Young_2023_Expert_Consensus_ADHD_Substance_Use_Disorder.pdf
16-009,16. Substance Use & Self-Medication,Candidate,PASS 1,Pharmacologic treatment of SUD in ADHD,Dimy Fluyau; Neelambika Revadigar; Christopher G. Pierre,2021,Systematic Review and Meta-Analysis: Treatment of Substance Use Disorder in Attention Deficit Hyperactivity Disorder,The American Journal on Addictions,30(2):110-121,Systematic review and meta-analysis,"17 studies of pharmacological interventions in patients with co-occurring ADHD and SUD; substance use, abstinence, craving, and ADHD symptom outcomes",10.1111/ajad.13133,https://doi.org/10.1111/ajad.13133,https://onlinelibrary.wiley.com/doi/10.1111/ajad.13133,Yes - publisher access,LINK ONLY,ADHD; SUD; addiction; pharmacotherapy; abstinence; craving; treatment; systematic review; meta-analysis,Fluyau_2021_Treatment_SUD_in_ADHD_Meta_Analysis.pdf
16-010,16. Substance Use & Self-Medication,Candidate,PASS 1,ADHD with cocaine use disorder,Frances R. Levin; John J. Mariani; Sheila Specker; Marc Mooney; Amy Mahony; Daniel J. Brooks; David Babb; Yun Bai; Lynn E. Eberly; Edward V. Nunes; John Grabowski,2015,Extended-Release Mixed Amphetamine Salts vs Placebo for Comorbid Adult Attention-Deficit/Hyperactivity Disorder and Cocaine Use Disorder: A Randomized Clinical Trial,JAMA Psychiatry,72(6):593-602,Randomized double-blind placebo-controlled clinical trial,126 adults meeting DSM-IV-TR criteria for ADHD and cocaine use disorder; extended-release mixed amphetamine salts 60 mg or 80 mg versus placebo plus weekly CBT,10.1001/jamapsychiatry.2015.41,https://doi.org/10.1001/jamapsychiatry.2015.41,https://pmc.ncbi.nlm.nih.gov/articles/PMC4456227/,Yes,LINK ONLY,ADHD; cocaine use disorder; stimulant; amphetamine; CBT; randomized controlled trial; treatment,Levin_2015_Amphetamine_ADHD_Cocaine_Use_Disorder_RCT.pdf
16-011,16. Substance Use & Self-Medication,Candidate,PASS 1,ADHD with amphetamine dependence,Maija Konstenius; Nitya Jayaram-Lindstrom; Joar Guterstam; Olof Beck; Bjorn Philips; Johan Franck,2014,Methylphenidate for attention deficit hyperactivity disorder and drug relapse in criminal offenders with substance dependence: a 24-week randomized placebo-controlled trial,Addiction,109(3):440-449,Randomized double-blind placebo-controlled trial,54 incarcerated men with DSM-IV ADHD and amphetamine dependence; OROS methylphenidate up to 180 mg/day versus placebo with outpatient follow-up and CBT,10.1111/add.12369,https://doi.org/10.1111/add.12369,https://pmc.ncbi.nlm.nih.gov/articles/PMC4226329/,Yes,LINK ONLY,ADHD; amphetamine dependence; methylphenidate; relapse; criminal justice; randomized controlled trial; CC BY-NC-ND,Konstenius_2014_Methylphenidate_ADHD_Amphetamine_Dependence_RCT.pdf
16-012,16. Substance Use & Self-Medication,Candidate,PASS 1,Self-medication hypothesis,Timothy E. Wilens; Joel Adamson; Stephanie Sgambati; Julia Whitley; Alison Santry; Michael C. Monuteaux; Joseph Biederman,2007,Do individuals with ADHD self-medicate with cigarettes and substances of abuse? Results from a controlled family study of ADHD,The American Journal on Addictions,16(Suppl 1):14-23,Controlled family-study analysis,90 ADHD probands and 96 control probands from five- and ten-year longitudinal family studies; Drug Use Screening Inventory responses examined for self-medication versus other motives,10.1080/10550490601082742,https://doi.org/10.1080/10550490601082742,https://onlinelibrary.wiley.com/doi/10.1080/10550490601082742,Yes - publisher access,LINK ONLY,ADHD; self-medication; cigarettes; nicotine; alcohol; substance use; motives; family study,Wilens_2007_ADHD_Self_Medication_Controlled_Family_Study.pdf
16-013,16. Substance Use & Self-Medication,Candidate,PASS 1,Cannabis therapeutic and self-medication motives,Mariely Hernandez; Frances R. Levin,2022,Attention-Deficit Hyperactivity Disorder and Therapeutic Cannabis Use Motives,Psychiatric Clinics of North America,45(3):503-514,Focused narrative review,"ADHD populations using cannabis; review of therapeutic motives, cannabis-related risks, neural correlates, and evidence relevant to perceived self-treatment of ADHD and associated symptoms",10.1016/j.psc.2022.05.010,https://doi.org/10.1016/j.psc.2022.05.010,https://pmc.ncbi.nlm.nih.gov/articles/PMC11032069/,Yes,LINK ONLY,ADHD; cannabis; marijuana; self-medication; therapeutic motives; sleep; anxiety; executive function; review,Hernandez_Levin_2022_ADHD_Therapeutic_Cannabis_Motives.pdf
16-014,16. Substance Use & Self-Medication,Candidate,PASS 1,Perceived cannabis effects and self-medication,Amanda Stueber; Carrie Cuttler,2022,"Self-Reported Effects of Cannabis on ADHD Symptoms, ADHD Medication Side Effects, and ADHD-Related Executive Dysfunction",Journal of Attention Disorders,26(6):942-955,Cross-sectional online survey,"1,738 college students; analyses included self-reported ADHD symptoms/ADHD status, cannabis use, perceived effects on ADHD symptoms and medication side effects, and executive dysfunction; not an objective treatment trial",10.1177/10870547211050949,https://doi.org/10.1177/10870547211050949,https://journals.sagepub.com/doi/10.1177/10870547211050949,Yes - publisher access,LINK ONLY,ADHD; cannabis; self-report; self-medication; medication side effects; executive dysfunction; perceived effects,Stueber_Cuttler_2022_Cannabis_ADHD_Self_Reported_Effects.pdf
16-015,16. Substance Use & Self-Medication,Candidate,PASS 1,Population-level cannabis self-medication patterns,Luis Enrique Espinoza; Lucas Enrique Espinoza; Cameron Lacy Ortega,2026,"The mental health-cannabis nexus: Patterns of use among U.S. adults with depression, anxiety, and ADHD",Journal of Psychiatric Research,202:25-37,Cross-sectional nationally representative survey analysis,"2,400 U.S. adults ages 18-64 from the 2023 National Wellbeing Survey; cannabis frequency, drug use disorder, and six reasons for cannabis use assessed with analyses stratified/moderated by ADHD status",10.1016/j.jpsychires.2026.07.010,https://doi.org/10.1016/j.jpsychires.2026.07.010,https://www.sciencedirect.com/science/article/abs/pii/S0022395626003742,Yes - publisher access,LINK ONLY,ADHD; cannabis; self-medication; coping motives; sleep; stress; nationally representative; adults; health disparities,Espinoza_2026_Mental_Health_Cannabis_Nexus_ADHD.pdf
16-001,16. Substance Use & Self-Medication,Final,PASS 2,Prospective SUD risk across substances,Steve S. Lee; Kathryn L. Humphreys; Kate Flory; Rebecca Liu; Kerrie Glass,2011,Prospective association of childhood attention-deficit/hyperactivity disorder (ADHD) and substance use and abuse/dependence: A meta-analytic review,Clinical Psychology Review,31(3):328-341,Meta-analysis of prospective longitudinal studies,"Prospective studies following children with and without ADHD into adolescence or adulthood; nicotine, alcohol, marijuana, cocaine, and other substance use and abuse/dependence outcomes",10.1016/j.cpr.2011.01.006,https://doi.org/10.1016/j.cpr.2011.01.006,https://pmc.ncbi.nlm.nih.gov/articles/PMC3180912/,Yes,LINK ONLY,ADHD; substance use; substance use disorder; longitudinal; nicotine; alcohol; cannabis; cocaine; risk; meta-analysis,Lee_2011_ADHD_Prospective_Substance_Use_Meta_Analysis.pdf
16-002,16. Substance Use & Self-Medication,Final,PASS 2,ADHD prevalence in SUD populations,Henrik Rohner; Nikolas Gaspar; Alexandra Philipsen; Marcel Schulze,2023,Prevalence of Attention Deficit Hyperactivity Disorder (ADHD) among Substance Use Disorder (SUD) Populations: Meta-Analysis,International Journal of Environmental Research and Public Health,20(2):1275,Systematic review and meta-analysis,"31 studies with 12,524 participants in SUD populations; includes alcohol, cocaine, opioid, and mixed SUD samples",10.3390/ijerph20021275,https://doi.org/10.3390/ijerph20021275,https://www.mdpi.com/1660-4601/20/2/1275,Yes,REHOST PERMITTED,ADHD; substance use disorder; prevalence; addiction; alcohol; cocaine; opioids; meta-analysis; CC BY,Rohner_2023_ADHD_Prevalence_SUD_Meta_Analysis.pdf
16-003,16. Substance Use & Self-Medication,Final,PASS 2,Cannabis use disorder,Anna M. Froude; Emily J. Fawcett; Ashlee Coles; Dalainey H. Drakes; Nick Harris; Jonathan M. Fawcett,2024,The prevalence of cannabis use disorder in attention-deficit hyperactivity disorder: A clinical epidemiological meta-analysis,Journal of Psychiatric Research,172:391-401,Systematic review and meta-analysis,14 studies estimating current and lifetime cannabis use disorder prevalence and risk among people with ADHD compared with control or general-population samples,10.1016/j.jpsychires.2024.02.050,https://doi.org/10.1016/j.jpsychires.2024.02.050,https://www.sciencedirect.com/science/article/pii/S0022395624001249,Yes - publisher access,LINK ONLY,ADHD; cannabis; cannabis use disorder; CUD; prevalence; epidemiology; meta-analysis,Froude_2024_ADHD_Cannabis_Use_Disorder_Meta_Analysis.pdf
16-005,16. Substance Use & Self-Medication,Final,PASS 2,Stimulant treatment and later substance outcomes,Kathryn L. Humphreys; Timothy Eng; Steve S. Lee,2013,Stimulant Medication and Substance Use Outcomes: A Meta-analysis,JAMA Psychiatry,70(7):740-749,Meta-analysis of longitudinal studies,"2,565 participants from 15 longitudinal studies; later alcohol, cocaine, marijuana, nicotine, and nonspecific drug use or abuse/dependence after childhood stimulant treatment",10.1001/jamapsychiatry.2013.1273,https://doi.org/10.1001/jamapsychiatry.2013.1273,https://pmc.ncbi.nlm.nih.gov/articles/PMC6688478/,Yes,LINK ONLY,ADHD; stimulants; medication; substance use; SUD risk; alcohol; cannabis; cocaine; nicotine; meta-analysis,Humphreys_2013_Stimulant_Medication_Substance_Outcomes_Meta_Analysis.pdf
16-006,16. Substance Use & Self-Medication,Final,PASS 2,Medication and substance-related events,Patrick D. Quinn; Zheng Chang; Kwan Hur; Robert D. Gibbons; Benjamin B. Lahey; Martin E. Rickert; Arvid Sjölander; Paul Lichtenstein; Henrik Larsson; Brian M. D'Onofrio,2017,ADHD Medication and Substance-Related Problems,American Journal of Psychiatry,174(9):877-885,Large observational claims study with within-individual analyses,"2,993,887 U.S. adolescents and adults with ADHD in 2005-2014 commercial healthcare claims; substance-use-disorder-related emergency events during medicated versus unmedicated periods",10.1176/appi.ajp.2017.16060686,https://doi.org/10.1176/appi.ajp.2017.16060686,https://pmc.ncbi.nlm.nih.gov/articles/PMC5581231/,Yes,LINK ONLY,ADHD; medication; stimulants; atomoxetine; substance-related events; SUD; claims; within-individual; pharmacoepidemiology,Quinn_2017_ADHD_Medication_Substance_Related_Problems.pdf
16-008,16. Substance Use & Self-Medication,Final,PASS 2,"Substance-use motives, assessment, and integrated care",Susan Young; Cyrus Abbasian; Zainab Al-Attar; Polly Branney; Bill Colley; Samuele Cortese; Sally Cubbin; Quinton Deeley; Gisli Hannes Gudjonsson; Peter Hill; Jack Hollingdale; Steve Jenden; Joe Johnson; Deborah Judge; Alexandra Lewis; Peter Mason; Raja Mukherjee; David Nutt; Jane Roberts; Fiona Robinson; Emma Woodhouse; Kelly Cocallis,2023,Identification and treatment of individuals with attention-deficit/hyperactivity disorder and substance use disorder: An expert consensus statement,World Journal of Psychiatry,13(3):84-112,Expert consensus statement with literature review,"Young people and adults with ADHD and substance use or SUD across ADHD and addiction-service settings; includes reasons for use/misuse, assessment, integrated care, and appraisal of self-medication evidence",10.5498/wjp.v13.i3.84,https://doi.org/10.5498/wjp.v13.i3.84,https://pmc.ncbi.nlm.nih.gov/articles/PMC10075023/,Yes,LINK ONLY,ADHD; substance use; SUD; self-medication; motives; assessment; treatment; consensus; CC BY-NC,Young_2023_Expert_Consensus_ADHD_Substance_Use_Disorder.pdf
16-009,16. Substance Use & Self-Medication,Final,PASS 2,Pharmacologic treatment of SUD in ADHD,Dimy Fluyau; Neelambika Revadigar; Christopher G. Pierre,2021,Systematic Review and Meta-Analysis: Treatment of Substance Use Disorder in Attention Deficit Hyperactivity Disorder,The American Journal on Addictions,30(2):110-121,Systematic review and meta-analysis,"17 studies of pharmacological interventions in patients with co-occurring ADHD and SUD; substance use, abstinence, craving, withdrawal, and ADHD symptom outcomes",10.1111/ajad.13133,https://doi.org/10.1111/ajad.13133,https://onlinelibrary.wiley.com/doi/10.1111/ajad.13133,Yes - publisher access,LINK ONLY,ADHD; SUD; addiction; pharmacotherapy; abstinence; craving; treatment; systematic review; meta-analysis,Fluyau_2021_Treatment_SUD_in_ADHD_Meta_Analysis.pdf
16-010,16. Substance Use & Self-Medication,Final,PASS 2,ADHD with cocaine use disorder,Frances R. Levin; John J. Mariani; Sheila Specker; Marc Mooney; Amy Mahony; Daniel J. Brooks; David Babb; Yun Bai; Lynn E. Eberly; Edward V. Nunes; John Grabowski,2015,Extended-Release Mixed Amphetamine Salts vs Placebo for Comorbid Adult Attention-Deficit/Hyperactivity Disorder and Cocaine Use Disorder: A Randomized Clinical Trial,JAMA Psychiatry,72(6):593-602,Randomized double-blind placebo-controlled clinical trial,126 adults meeting DSM-IV-TR criteria for ADHD and cocaine use disorder; extended-release mixed amphetamine salts 60 mg or 80 mg versus placebo for 13 weeks plus weekly individual CBT,10.1001/jamapsychiatry.2015.41,https://doi.org/10.1001/jamapsychiatry.2015.41,https://pmc.ncbi.nlm.nih.gov/articles/PMC4456227/,Yes,LINK ONLY,ADHD; cocaine use disorder; stimulant; amphetamine; CBT; randomized controlled trial; treatment,Levin_2015_Amphetamine_ADHD_Cocaine_Use_Disorder_RCT.pdf
16-011,16. Substance Use & Self-Medication,Final,PASS 2,ADHD with amphetamine dependence,Maija Konstenius; Nitya Jayaram-Lindström; Joar Guterstam; Olof Beck; Björn Philips; Johan Franck,2014,Methylphenidate for attention deficit hyperactivity disorder and drug relapse in criminal offenders with substance dependence: a 24-week randomized placebo-controlled trial,Addiction,109(3):440-449,Randomized double-blind placebo-controlled trial,54 incarcerated men with DSM-IV ADHD and amphetamine dependence; OROS methylphenidate up to 180 mg/day versus placebo for 24 weeks with outpatient follow-up and weekly CBT,10.1111/add.12369,https://doi.org/10.1111/add.12369,https://pmc.ncbi.nlm.nih.gov/articles/PMC4226329/,Yes,LINK ONLY,ADHD; amphetamine dependence; methylphenidate; relapse; criminal justice; randomized controlled trial; CC BY-NC-ND,Konstenius_2014_Methylphenidate_ADHD_Amphetamine_Dependence_RCT.pdf
16-012,16. Substance Use & Self-Medication,Final,PASS 2,Self-medication hypothesis,Timothy E. Wilens; Joel Adamson; Stephanie Sgambati; Julia Whitley; Alison Santry; Michael C. Monuteaux; Joseph Biederman,2007,Do individuals with ADHD self-medicate with cigarettes and substances of abuse? Results from a controlled family study of ADHD,The American Journal on Addictions,16(Suppl 1):14-23,Controlled family-study analysis,90 ADHD probands and 96 control probands from five- and ten-year longitudinal family studies; Drug Use Screening Inventory responses examined for self-medication versus other motives,10.1080/10550490601082742,https://doi.org/10.1080/10550490601082742,https://onlinelibrary.wiley.com/doi/10.1080/10550490601082742,Yes - publisher access,LINK ONLY,ADHD; self-medication; cigarettes; nicotine; alcohol; substance use; motives; family study,Wilens_2007_ADHD_Self_Medication_Controlled_Family_Study.pdf
16-015,16. Substance Use & Self-Medication,Final,PASS 2,Population-level cannabis self-medication patterns,Luis Enrique Espinoza; Lucas Enrique Espinoza; Cameron Lacy Ortega,2026,"The mental health-cannabis nexus: Patterns of use among U.S. adults with depression, anxiety, and ADHD",Journal of Psychiatric Research,202:25-37,Cross-sectional nationally representative survey analysis,"2,400 U.S. adults ages 18-64 from the 2023 National Wellbeing Survey; cannabis frequency, drug use disorder, and six reasons for cannabis use assessed with analyses examining differences by ADHD diagnosis",10.1016/j.jpsychires.2026.07.010,https://doi.org/10.1016/j.jpsychires.2026.07.010,https://www.sciencedirect.com/science/article/pii/S0022395626003742,Yes - publisher access,LINK ONLY,ADHD; cannabis; self-medication; coping motives; sleep; stress; nationally representative; adults; health disparities,Espinoza_2026_Mental_Health_Cannabis_Nexus_ADHD.pdf
17-001,"17. Executive Function, Motivation & Task Initiation",Candidate,PASS 1,Executive function theory / behavioral inhibition,Russell A. Barkley,1997,"Behavioral inhibition, sustained attention, and executive functions: Constructing a unifying theory of ADHD",Psychological Bulletin,"121(1), 65-94",Theoretical review and integrative model,"Foundational ADHD theory linking behavioral inhibition with working memory, self-regulation of affect-motivation-arousal, internalized speech, and behavioral reconstitution; literature primarily focused on childhood ADHD",10.1037/0033-2909.121.1.65,https://doi.org/10.1037/0033-2909.121.1.65,https://doi.org/10.1037/0033-2909.121.1.65,No public PDF verified,LINK ONLY,ADHD; executive function; behavioral inhibition; self-regulation; working memory; motivation; theory,17-001_Barkley_1997_Behavioral_Inhibition_Executive_Functions.pdf
17-002,"17. Executive Function, Motivation & Task Initiation",Candidate,PASS 1,Executive function deficits,Erik G. Willcutt; Alysa E. Doyle; Joel T. Nigg; Stephen V. Faraone; Bruce F. Pennington,2005,Validity of the executive function theory of attention-deficit/hyperactivity disorder: A meta-analytic review,Biological Psychiatry,"57(11), 1336-1346",Meta-analysis,"83 studies; ADHD N=3,734 and non-ADHD N=2,969; executive-function measures including inhibition, vigilance, working memory, and planning",10.1016/j.biopsych.2005.02.006,https://doi.org/10.1016/j.biopsych.2005.02.006,https://pubmed.ncbi.nlm.nih.gov/15950006/,No public PDF verified,LINK ONLY,ADHD; executive function; meta-analysis; inhibition; vigilance; working memory; planning,17-002_Willcutt_2005_Executive_Function_Meta_Analysis.pdf
17-003,"17. Executive Function, Motivation & Task Initiation",Candidate,PASS 1,Working memory,Rhonda Martinussen; Jill Hayden; Sheilah Hogg-Johnson; Rosemary Tannock,2005,A meta-analysis of working memory impairments in children with attention-deficit/hyperactivity disorder,Journal of the American Academy of Child & Adolescent Psychiatry,"44(4), 377-384",Meta-analysis,26 empirical studies of children and adolescents with ADHD; verbal and spatial working-memory storage and storage/manipulation processes,10.1097/01.chi.0000153228.72591.73,https://doi.org/10.1097/01.chi.0000153228.72591.73,https://pubmed.ncbi.nlm.nih.gov/15782085/,No public PDF verified,LINK ONLY,ADHD; working memory; meta-analysis; children; adolescents; executive function,17-003_Martinussen_2005_Working_Memory_Meta_Analysis.pdf
17-004,"17. Executive Function, Motivation & Task Initiation",Candidate,PASS 1,Adult cognitive heterogeneity / multiple pathways,Jeanette C. Mostert; A. Marten H. Onnink; Marieke Klein; Janneke Dammers; Anais Harneit; Theresa Schulten; Kimm J. E. van Hulzen; Cornelis C. Kan; Dorine Slaats-Willemse; Jan K. Buitelaar; Barbara Franke; Martine Hoogman,2015,Cognitive heterogeneity in adult attention deficit/hyperactivity disorder: A systematic analysis of neuropsychological measurements,European Neuropsychopharmacology,"25(11), 2062-2074",Large case-control neuropsychological study,"133 adults with persistent ADHD and 132 healthy controls; executive function, delay discounting, time estimation, response variability, and diagnostic prediction",10.1016/j.euroneuro.2015.08.010,https://doi.org/10.1016/j.euroneuro.2015.08.010,https://pmc.ncbi.nlm.nih.gov/articles/PMC4788979/,Yes,LINK ONLY,ADHD; adults; executive function; cognitive heterogeneity; delay discounting; timing; response variability; CC BY-NC-ND,17-004_Mostert_2015_Adult_Cognitive_Heterogeneity.pdf
17-005,"17. Executive Function, Motivation & Task Initiation",Candidate,PASS 1,Delay aversion / multiple-pathway theory,Edmund J. S. Sonuga-Barke,2002,Psychological heterogeneity in AD/HD - a dual pathway model of behaviour and cognition,Behavioural Brain Research,"130(1-2), 29-36",Theoretical review and dual-pathway model,"ADHD literature integrating inhibitory-control and motivational delay-aversion pathways, primarily in children with combined-type ADHD",10.1016/S0166-4328(01)00432-6,https://doi.org/10.1016/S0166-4328(01)00432-6,https://eprints.soton.ac.uk/18277/,No public PDF verified,LINK ONLY,ADHD; delay aversion; inhibition; motivation; reward; dual pathway; theory,17-005_Sonuga_Barke_2002_Dual_Pathway_Model.pdf
17-006,"17. Executive Function, Motivation & Task Initiation",Candidate,PASS 1,Activation / effort regulation,Joseph Sergeant,2000,The cognitive-energetic model: An empirical approach to attention-deficit hyperactivity disorder,Neuroscience & Biobehavioral Reviews,"24(1), 7-12",Theoretical and empirical review,"Childhood ADHD literature organized around cognitive processing, arousal, activation, effort, and executive management systems",10.1016/S0149-7634(99)00060-3,https://doi.org/10.1016/S0149-7634(99)00060-3,https://pubmed.ncbi.nlm.nih.gov/10654654/,No public PDF verified,LINK ONLY,ADHD; cognitive energetic model; activation; effort; arousal; executive control; motivation,17-006_Sergeant_2000_Cognitive_Energetic_Model.pdf
17-007,"17. Executive Function, Motivation & Task Initiation",Candidate,PASS 1,Reinforcement sensitivity / motivation,Marjolein Luman; Jaap Oosterlaan; Joseph A. Sergeant,2005,The impact of reinforcement contingencies on AD/HD: A review and theoretical appraisal,Clinical Psychology Review,"25(2), 183-213",Review and theoretical appraisal,"22 studies involving 1,181 children; effects of reward, response cost, feedback, and reinforcement schedules on performance, motivation, and psychophysiology",10.1016/j.cpr.2004.11.001,https://doi.org/10.1016/j.cpr.2004.11.001,https://pubmed.ncbi.nlm.nih.gov/15642646/,No public PDF verified,LINK ONLY,ADHD; reinforcement; reward; response cost; motivation; delay; children; review,17-007_Luman_2005_Reinforcement_Contingencies.pdf
17-008,"17. Executive Function, Motivation & Task Initiation",Candidate,PASS 1,Cognitive heterogeneity / hot and cool executive function,F. Xavier Castellanos; Edmund J. S. Sonuga-Barke; Michael P. Milham; Rosemary Tannock,2006,Characterizing cognition in ADHD: Beyond executive dysfunction,Trends in Cognitive Sciences,"10(3), 117-123",Integrative narrative review,"ADHD cognitive and neurobiological literature examining limitations of single-deficit executive models, intra-individual variability, and hot/cool executive processes",10.1016/j.tics.2006.01.011,https://doi.org/10.1016/j.tics.2006.01.011,https://pubmed.ncbi.nlm.nih.gov/16460990/,No public PDF verified,LINK ONLY,ADHD; cognition; executive function; hot EF; cool EF; heterogeneity; variability; review,17-008_Castellanos_2006_Beyond_Executive_Dysfunction.pdf
17-009,"17. Executive Function, Motivation & Task Initiation",Candidate,PASS 1,Reward-based decision-making,Athanasia M. Mowinckel; Mads Lund Pedersen; Espen Eilertsen; Guido Biele,2015,A meta-analysis of decision-making and attention in adults with ADHD,Journal of Attention Disorders,"19(5), 355-367",Meta-analysis,"59 adult ADHD studies: 12 decision-making studies, 43 continuous-performance studies, and 4 assessing both domains",10.1177/1087054714558872,https://doi.org/10.1177/1087054714558872,https://journals.sagepub.com/doi/10.1177/1087054714558872,No public PDF verified,LINK ONLY,ADHD; adults; decision-making; reward; attention; meta-analysis; motivation,17-009_Mowinckel_2015_Decision_Making_Meta_Analysis.pdf
17-010,"17. Executive Function, Motivation & Task Initiation",Candidate,PASS 1,Delay discounting / immediate reward preference,Jacob N. S. Jackson; James MacKillop,2016,Attention-Deficit/Hyperactivity Disorder and Monetary Delay Discounting: A Meta-Analysis of Case-Control Studies,Biological Psychiatry: Cognitive Neuroscience and Neuroimaging,"1(4), 316-325",Meta-analysis,"21 independent investigations yielding 25 case-control comparisons; total N=3,913 across child and adult ADHD samples",10.1016/j.bpsc.2016.01.007,https://doi.org/10.1016/j.bpsc.2016.01.007,https://pmc.ncbi.nlm.nih.gov/articles/PMC5049699/,Yes,LINK ONLY,ADHD; delay discounting; temporal discounting; immediate reward; impulsivity; meta-analysis,17-010_Jackson_MacKillop_2016_Delay_Discounting.pdf
17-011,"17. Executive Function, Motivation & Task Initiation",Candidate,PASS 1,Reward anticipation / ventral striatum,Michael M. Plichta; Anouk Scheres,2014,Ventral-striatal responsiveness during reward anticipation in ADHD and its relation to trait impulsivity in the healthy population: A meta-analytic review of the fMRI literature,Neuroscience & Biobehavioral Reviews,"38, 125-134",Meta-analytic review of fMRI studies,"Functional MRI literature on reward anticipation in ADHD, with comparison to trait impulsivity findings in healthy populations",10.1016/j.neubiorev.2013.07.012,https://doi.org/10.1016/j.neubiorev.2013.07.012,https://pmc.ncbi.nlm.nih.gov/articles/PMC3989497/,Yes,LINK ONLY,ADHD; reward anticipation; ventral striatum; fMRI; motivation; impulsivity; meta-analysis,17-011_Plichta_Scheres_2014_Reward_Anticipation_Meta_Analysis.pdf
17-012,"17. Executive Function, Motivation & Task Initiation",Candidate,PASS 1,Dopamine reward pathway / motivation,Nora D. Volkow; Gene-Jack Wang; Jeffrey H. Newcorn; Scott H. Kollins; Timothy L. Wigal; Frank Telang; Joanna S. Fowler; Rita Z. Goldstein; Naomi Klein; Jean Logan; Christopher Wong; James M. Swanson,2011,Motivation deficit in ADHD is associated with dysfunction of the dopamine reward pathway,Molecular Psychiatry,"16(11), 1147-1154",PET case-control study with correlational secondary analyses,45 adults with ADHD and 41 controls; dopamine D2/D3 receptor and transporter availability in reward circuitry examined in relation to trait motivation,10.1038/mp.2010.97,https://doi.org/10.1038/mp.2010.97,https://pmc.ncbi.nlm.nih.gov/articles/PMC3010326/,Yes,LINK ONLY,ADHD; motivation; dopamine; reward pathway; PET; nucleus accumbens; adults,17-012_Volkow_2011_Motivation_Dopamine_Reward_Pathway.pdf
17-013,"17. Executive Function, Motivation & Task Initiation",Candidate,PASS 1,Time perception / temporal processing,Que Zheng; Xinyue Wang; Ka Yu Chiu; Kathy Kar-Man Shum,2022,Time Perception Deficits in Children and Adolescents with ADHD: A Meta-analysis,Journal of Attention Disorders,"26(2), 267-281",Meta-analysis,"27 empirical studies; 1,620 children/adolescents with ADHD and 1,249 healthy controls; time accuracy, precision, and estimation",10.1177/1087054720978557,https://doi.org/10.1177/1087054720978557,https://repository.hku.hk/handle/10722/309307,Yes,LINK ONLY,ADHD; time perception; temporal processing; time estimation; children; adolescents; meta-analysis,17-013_Zheng_2022_Time_Perception_Meta_Analysis.pdf
17-014,"17. Executive Function, Motivation & Task Initiation",Candidate,PASS 1,Effort allocation / execution of chosen actions,Yael Winter; Hilla Ben-Pazi; Yehuda Pollak,2019,Effort Allocation in Children With ADHD: Abnormal Decision-Making or Poor Execution?,Journal of Attention Disorders,"23(11), 1240-1250",Case-control behavioral experiment,50 children aged 9-15 with and without ADHD; choice between high-effort/high-reward and low-effort/low-reward alternatives and execution of selected effort,10.1177/1087054716654569,https://doi.org/10.1177/1087054716654569,https://journals.sagepub.com/doi/10.1177/1087054716654569,No public PDF verified,LINK ONLY,ADHD; effort allocation; task execution; reward; motivation; children; decision-making,17-014_Winter_2019_Effort_Allocation_ADHD.pdf
17-015,"17. Executive Function, Motivation & Task Initiation",Candidate,PASS 1,Procrastination / task initiation,Rossella Suriano,2026,A systematic review on the association between ADHD and procrastination,Research in Developmental Disabilities,"175, 105342",Systematic review,"11 peer-reviewed quantitative studies, total N=2,788; included studies used ADHD diagnoses or validated ADHD symptom measures and validated procrastination measures",10.1016/j.ridd.2026.105342,https://doi.org/10.1016/j.ridd.2026.105342,https://www.sciencedirect.com/science/article/pii/S089142222600137X,Yes,LINK ONLY,ADHD; procrastination; task initiation; self-regulation; executive function; motivation; systematic review; screening measures included,17-015_Suriano_2026_ADHD_Procrastination_Systematic_Review.pdf
17-001,"17. Executive Function, Motivation & Task Initiation",Final,PASS 2,Executive function theory / behavioral inhibition,Russell A. Barkley,1997,"Behavioral inhibition, sustained attention, and executive functions: Constructing a unifying theory of ADHD",Psychological Bulletin,"121(1), 65-94",Theoretical review and integrative model,"Foundational ADHD theory linking behavioral inhibition with working memory, self-regulation of affect/motivation/arousal, internalized speech, and behavioral reconstitution; literature primarily focused on childhood ADHD",10.1037/0033-2909.121.1.65,https://doi.org/10.1037/0033-2909.121.1.65,https://pubmed.ncbi.nlm.nih.gov/9000892/,No public PDF verified,LINK ONLY,ADHD; executive function; behavioral inhibition; self-regulation; working memory; motivation; theory,17-001_Barkley_1997_Behavioral_Inhibition_Executive_Functions.pdf
17-002,"17. Executive Function, Motivation & Task Initiation",Final,PASS 2,Executive function deficits,Erik G. Willcutt; Alysa E. Doyle; Joel T. Nigg; Stephen V. Faraone; Bruce F. Pennington,2005,Validity of the executive function theory of attention-deficit/hyperactivity disorder: A meta-analytic review,Biological Psychiatry,"57(11), 1336-1346",Meta-analysis,"83 studies; ADHD N=3,734 and non-ADHD N=2,969; executive-function measures including inhibition, vigilance, working memory, and planning",10.1016/j.biopsych.2005.02.006,https://doi.org/10.1016/j.biopsych.2005.02.006,https://pubmed.ncbi.nlm.nih.gov/15950006/,No public PDF verified,LINK ONLY,ADHD; executive function; meta-analysis; inhibition; vigilance; working memory; planning,17-002_Willcutt_2005_Executive_Function_Meta_Analysis.pdf
17-003,"17. Executive Function, Motivation & Task Initiation",Final,PASS 2,Working memory,Rhonda Martinussen; Jill Hayden; Sheilah Hogg-Johnson; Rosemary Tannock,2005,A meta-analysis of working memory impairments in children with attention-deficit/hyperactivity disorder,Journal of the American Academy of Child & Adolescent Psychiatry,"44(4), 377-384",Meta-analysis,26 empirical studies of children and adolescents with ADHD; verbal and spatial working-memory storage and storage/manipulation processes,10.1097/01.chi.0000153228.72591.73,https://doi.org/10.1097/01.chi.0000153228.72591.73,https://pubmed.ncbi.nlm.nih.gov/15782085/,No public PDF verified,LINK ONLY,ADHD; working memory; meta-analysis; children; adolescents; executive function,17-003_Martinussen_2005_Working_Memory_Meta_Analysis.pdf
17-004,"17. Executive Function, Motivation & Task Initiation",Final,PASS 2,Adult cognitive heterogeneity / multiple pathways,Jeanette C. Mostert; A. Marten H. Onnink; Marieke Klein; Janneke Dammers; Anais Harneit; Theresa Schulten; Kimm J. E. van Hulzen; Cornelis C. Kan; Dorine Slaats-Willemse; Jan K. Buitelaar; Barbara Franke; Martine Hoogman,2015,Cognitive heterogeneity in adult attention deficit/hyperactivity disorder: A systematic analysis of neuropsychological measurements,European Neuropsychopharmacology,"25(11), 2062-2074",Case-control neuropsychological study,"265 adults: 133 with persistent ADHD and 132 healthy controls; executive function, delay discounting, time estimation, response variability, and diagnostic prediction",10.1016/j.euroneuro.2015.08.010,https://doi.org/10.1016/j.euroneuro.2015.08.010,https://pmc.ncbi.nlm.nih.gov/articles/PMC4788979/,Yes,LINK ONLY,ADHD; adults; executive function; cognitive heterogeneity; delay discounting; timing; response variability; CC BY-NC-ND,17-004_Mostert_2015_Adult_Cognitive_Heterogeneity.pdf
17-005,"17. Executive Function, Motivation & Task Initiation",Final,PASS 2,Delay aversion / multiple-pathway theory,Edmund J. S. Sonuga-Barke,2002,Psychological heterogeneity in AD/HD - a dual pathway model of behaviour and cognition,Behavioural Brain Research,"130(1-2), 29-36",Theoretical review and dual-pathway model,"ADHD literature integrating inhibitory-control and motivational delay-aversion pathways, primarily in children with combined-type ADHD",10.1016/S0166-4328(01)00432-6,https://doi.org/10.1016/S0166-4328(01)00432-6,https://eprints.soton.ac.uk/18277/,No public PDF verified,LINK ONLY,ADHD; delay aversion; inhibition; motivation; reward; dual pathway; theory,17-005_Sonuga_Barke_2002_Dual_Pathway_Model.pdf
17-007,"17. Executive Function, Motivation & Task Initiation",Final,PASS 2,Reinforcement sensitivity / motivation,Marjolein Luman; Jaap Oosterlaan; Joseph A. Sergeant,2005,The impact of reinforcement contingencies on AD/HD: A review and theoretical appraisal,Clinical Psychology Review,"25(2), 183-213",Review and theoretical appraisal,"22 studies involving 1,181 children; effects of reward, response cost, feedback, and reinforcement schedules on task performance, motivation, and psychophysiology",10.1016/j.cpr.2004.11.001,https://doi.org/10.1016/j.cpr.2004.11.001,https://pubmed.ncbi.nlm.nih.gov/15642646/,No public PDF verified,LINK ONLY,ADHD; reinforcement; reward; response cost; motivation; delay; children; review,17-007_Luman_2005_Reinforcement_Contingencies.pdf
17-009,"17. Executive Function, Motivation & Task Initiation",Final,PASS 2,Reward-based decision-making,Athanasia M. Mowinckel; Mads Lund Pedersen; Espen Eilertsen; Guido Biele,2015,A meta-analysis of decision-making and attention in adults with ADHD,Journal of Attention Disorders,"19(5), 355-367",Meta-analysis,"59 adult ADHD studies: 12 decision-making studies, 43 continuous-performance studies, and 4 assessing both domains",10.1177/1087054714558872,https://doi.org/10.1177/1087054714558872,https://pubmed.ncbi.nlm.nih.gov/25477020/,No public PDF verified,LINK ONLY,ADHD; adults; decision-making; reward; attention; meta-analysis; motivation,17-009_Mowinckel_2015_Decision_Making_Meta_Analysis.pdf
17-010,"17. Executive Function, Motivation & Task Initiation",Final,PASS 2,Delay discounting / immediate reward preference,Jacob N. S. Jackson; James MacKillop,2016,Attention-Deficit/Hyperactivity Disorder and Monetary Delay Discounting: A Meta-Analysis of Case-Control Studies,Biological Psychiatry: Cognitive Neuroscience and Neuroimaging,"1(4), 316-325",Meta-analysis,"21 independent investigations yielding 25 case-control comparisons; total N=3,913 across child and adult ADHD samples",10.1016/j.bpsc.2016.01.007,https://doi.org/10.1016/j.bpsc.2016.01.007,https://pmc.ncbi.nlm.nih.gov/articles/PMC5049699/,Yes,LINK ONLY,ADHD; delay discounting; temporal discounting; immediate reward; impulsivity; meta-analysis,17-010_Jackson_MacKillop_2016_Delay_Discounting.pdf
17-013,"17. Executive Function, Motivation & Task Initiation",Final,PASS 2,Time perception / temporal processing,Que Zheng; Xinyue Wang; Ka Yu Chiu; Kathy Kar-Man Shum,2022,Time Perception Deficits in Children and Adolescents with ADHD: A Meta-analysis,Journal of Attention Disorders,"26(2), 267-281",Meta-analysis,"27 empirical studies; 1,620 children/adolescents with ADHD and 1,249 healthy controls; time accuracy, precision, and estimation",10.1177/1087054720978557,https://doi.org/10.1177/1087054720978557,https://pubmed.ncbi.nlm.nih.gov/33302769/,No public PDF verified,LINK ONLY,ADHD; time perception; temporal processing; time estimation; children; adolescents; meta-analysis,17-013_Zheng_2022_Time_Perception_Meta_Analysis.pdf
17-014,"17. Executive Function, Motivation & Task Initiation",Final,PASS 2,Effort allocation / execution of chosen actions,Yael Winter; Hilla Ben-Pazi; Yehuda Pollak,2019,Effort Allocation in Children With ADHD: Abnormal Decision-Making or Poor Execution?,Journal of Attention Disorders,"23(11), 1240-1250",Case-control behavioral experiment,50 children aged 9-15 with and without ADHD; effort-reward choice and execution of selected effort using a handheld dynamometer,10.1177/1087054716654569,https://doi.org/10.1177/1087054716654569,https://journals.sagepub.com/doi/10.1177/1087054716654569,No public PDF verified,LINK ONLY,ADHD; effort allocation; task execution; reward; motivation; children; decision-making,17-014_Winter_2019_Effort_Allocation_ADHD.pdf
17-015,"17. Executive Function, Motivation & Task Initiation",Final,PASS 2,Procrastination / task initiation,Rossella Suriano,2026,A systematic review on the association between ADHD and procrastination,Research in Developmental Disabilities,"175, 105342",Systematic review,"11 peer-reviewed quantitative studies, total N=2,788; ADHD diagnoses or validated ADHD symptom measures examined in relation to validated procrastination measures",10.1016/j.ridd.2026.105342,https://doi.org/10.1016/j.ridd.2026.105342,https://www.sciencedirect.com/science/article/pii/S089142222600137X,Yes,LINK ONLY,ADHD; procrastination; task initiation; self-regulation; executive function; motivation; systematic review; screening measures included,17-015_Suriano_2026_ADHD_Procrastination_Systematic_Review.pdf
