ID,Section,Resource Type,Author / Speaker,Title,Publication / Platform,Date,URL,Why It Matters,Scaffold Relevance,Audience,Access Notes,Status
00-R01,00. Foundational ADHD Research,Mainstream expert Q&A / feature,Zing Tsjeng,"What is ADHD, how do you get a diagnosis and can you only treat it with drugs? All your questions, answered by experts",The Guardian,"November 29, 2024",https://www.theguardian.com/lifeandstyle/2024/nov/29/what-is-adhd-how-do-you-get-a-diagnosis-and-can-you-only-treat-it-with-drugs-all-your-questions-answered-by-experts,"A unusually broad and readable introduction to ADHD that combines the author's lived experience with multiple expert voices. It covers symptoms, diagnosis, lifespan presentation, misinformation, treatment, workplace support, and everyday functioning without reducing ADHD to distractibility.","Especially strong for this website because it explicitly discusses internal scaffolding and concrete external supports such as alarms, reminders, planning sessions, headphones, predictable routines, environmental adjustments, task breakdown, and regular check-ins.",Adults with ADHD; families; partners; employers; newly diagnosed readers; general public,Free Guardian feature,Final
00-R02,00. Foundational ADHD Research,Psychologist-written public article,"Catherine J. Mutti-Driscoll, PhD",Understanding Executive Function Skills and ADHD,Psychology Today,"December 11, 2024",https://www.psychologytoday.com/us/blog/empowerment-is-real/202412/understanding-executive-function-skills-and-adhd,Explains why someone with ADHD can perform exceptionally well on a difficult or interesting task and then struggle with an apparently simple daily activity. It introduces executive function as an uneven profile of brain-based skills rather than a single ability that a person either has or lacks.,"Provides the conceptual map for the entire scaffold approach: sustained attention, inhibition, task initiation, emotional control, working memory, time management, organization, flexibility, planning, persistence, and metacognition can each require different external supports.",Adults and teens with ADHD; parents; educators; clinicians; general readers,Free public Psychology Today article,Final
00-R03,00. Foundational ADHD Research,Mainstream science feature,Lydia Denworth,Kids with ADHD May Still Have Symptoms as Adults,Scientific American,"October 15, 2024",https://www.scientificamerican.com/article/kids-with-adhd-may-still-have-symptoms-as-adults/,"A concise science-journalism explanation of the modern understanding that ADHD often persists into adulthood, may look different with age, and can fluctuate substantially with life circumstances and environmental demands.",The article notes that environment can turn the volume of ADHD difficulties up or down. That is central to scaffolding: a person may function well when structure and support are strong and struggle sharply when those supports disappear or demands increase.,General readers; adults with ADHD; parents; clinicians; educators,Scientific American feature; subscription access may vary,Final
00-R04,00. Foundational ADHD Research,Mainstream reported feature / lived experience,Bianca Nogrady,Adult ADHD diagnosis: 'You've got to relook at your entire life',The Guardian,"October 7, 2022",https://www.theguardian.com/society/2022/oct/08/adult-adhd-diagnosis-youve-got-to-relook-at-your-entire-life,"Combines expert reporting with adults describing what ADHD looked like before they had language for it: household disorganization, intense emotions, hyperfocus, sensory distraction, paperwork difficulty, exhaustion, and years of negative self-interpretation.","Shows why scaffolds can be invisible when they are working. Adults may compensate through partners, routines, work structure, crisis-driven focus, or tremendous effort until a life change removes those supports and previously manageable difficulties become impairing.",Adults with ADHD; families; newly diagnosed readers; clinicians; general public,Free Guardian feature,Final
00-R05,00. Foundational ADHD Research,Mainstream podcast / cultural discussion,Brittany Luse with Kelli Maria Korducki and Manvir Singh,Think you have ADHD? Here's why so many of us are saying yes.,"NPR, It's Been a Minute","April 25, 2025",https://www.npr.org/2025/04/25/1247139346/its-been-a-minute-adhd-social-media-tik-tok,"A useful cultural companion to the clinical literature. The discussion examines the surge in adult ADHD awareness, social-media self-recognition, diagnosis culture, and the tension between increased access to useful language and oversimplified online symptom lists.",Helps readers separate recognition from diagnosis and encourages using public ADHD content as a starting point for understanding patterns rather than as proof that every relatable behavior is an ADHD symptom. That makes the website's scaffold material more responsible and easier to contextualize.,General public; adults wondering about ADHD; younger adults; families; clinicians,Free NPR podcast with transcript,Final
00A-R01,"00A. Evolution, Adaptation & Evolutionary Mismatch",Mainstream science report,Nicola Davis,"ADHD may have been an evolutionary advantage, research suggests",The Guardian,"February 21, 2024",https://www.theguardian.com/science/2024/feb/21/adhd-may-have-been-an-evolutionary-advantage-research-suggests,"Reports on a 2024 foraging experiment in which adults with higher ADHD-like symptom scores switched resource patches more often and earned more points. The article also clearly reports the study's limitations, including self-reported screening rather than clinical diagnosis.",Provides a concrete example of environment-dependent performance: a trait that creates difficulty in one setting may be useful in another. That is central to designing scaffolds around fit rather than assuming every ADHD trait must simply be suppressed.,Adults with ADHD; families; educators; clinicians; general readers,"Free Guardian science article. Treat the evolutionary interpretation as suggestive, not established proof of an adaptive origin for ADHD.",Final
00A-R02,"00A. Evolution, Adaptation & Evolutionary Mismatch",Psychiatrist-written public essay,"Ralph Lewis, MD",Is ADHD a Real Disorder or One End of a Normal Continuum?,Psychology Today,"January 6, 2021",https://www.psychologytoday.com/us/blog/finding-purpose/202101/is-adhd-real-disorder-or-one-end-normal-continuum,"Lewis presents ADHD as both a clinically impairing neurodevelopmental condition and a dimensional set of traits whose consequences depend partly on social demands. He uses evolutionary mismatch to explain why modern schools and workplaces may amplify difficulties with sustained low-stimulation effort, delayed rewards, and rigid schedules.","A strong philosophical fit for the project: impairment is real, but environment matters. Scaffolds can reduce the mismatch between a person's attentional and motivational profile and the demands of the setting without denying the underlying disorder.",Adults with ADHD; clinicians; educators; families; general readers,Free Psychology Today article. Evolutionary mismatch is presented as an interpretive model rather than settled etiology.,Final
00A-R03,"00A. Evolution, Adaptation & Evolutionary Mismatch",Science podcast / research report,Cynthia Graber,ADHD Genetics Sometimes Beneficial,"Scientific American, 60-Second Science","June 13, 2008",https://www.scientificamerican.com/podcast/episode/800f0fcd-f580-32f3-65a672bf6c41085d/,"Summarizes a frequently cited study of Kenyan Ariaal men carrying a DRD4 variant associated with novelty seeking and ADHD-related traits. The variant was associated with better nutritional status among nomadic men but poorer status among settled men, suggesting that the same biological trait can have different consequences in different environments.","A memorable example of goodness-of-fit thinking: rather than asking whether a trait is universally good or bad, ask what demands the environment places on it and whether the environment can be changed.",General readers; adults with ADHD; students; educators; clinicians,Free Scientific American podcast transcript. This is a report about one gene-association study and should not be interpreted as evidence for a single 'ADHD gene' or proof of the hunter hypothesis.,Final
00A-R04,"00A. Evolution, Adaptation & Evolutionary Mismatch",Mainstream reported feature / lived experience,Talia Barrington,"For some elite athletes, neurodivergence can be a super strength",The Washington Post,"November 1, 2024",https://www.washingtonpost.com/wellness/2024/11/01/adhd-autism-hyperfocus-elite-atheletes/,"Uses elite sport to show how neurodivergent traits can look markedly different across environments. The piece discusses athletes who struggled in classrooms or social settings but functioned exceptionally well in highly stimulating, structured, physically demanding contexts.","Illustrates evolutionary mismatch in a modern setting. Clear goals, movement, immediate feedback, repetition, sensory regulation, and meaningful challenge can reduce impairment and reveal capacities that are obscured in environments built around prolonged sitting and diffuse expectations.",Adults and teens with ADHD; athletes; coaches; educators; families; general readers,"Washington Post feature; access may vary. The article discusses evolutionary mismatch as one explanatory framework, not a demonstrated origin story for ADHD.",Final
00A-R05,"00A. Evolution, Adaptation & Evolutionary Mismatch",Historical mainstream feature,TIME staff,BEHAVIOR: Hail to The Hyperactive Hunter,TIME,"July 18, 1994","https://content.time.com/time/subscriber/article/0,33009,981099,00.html","A useful historical artifact showing how Thom Hartmann's hunter-versus-farmer hypothesis entered mainstream discussion in the 1990s. It framed impulsivity, high energy, distractibility, and rapid decision-making as traits that might have been advantageous in some ancestral roles.",Helps readers understand the origin of a popular ADHD narrative and why it remains attractive: it shifts the question from defect to context. It is best paired with modern research so readers can distinguish an influential metaphor from established evolutionary evidence.,General readers; adults with ADHD; students; clinicians interested in the history of ADHD ideas,TIME archive article; subscription access may vary. Historical and speculative. Do not present the hunter-versus-farmer hypothesis as established scientific fact.,Final
01-R01,01. Scaffold 1 - Externalize Your Schedule,Mainstream reported feature / lived experience,Alaina Demopoulos,‘Am I just an asshole?’ Time blindness can explain chronic lateness - some of the time,The Guardian,"July 3, 2025",https://www.theguardian.com/society/2025/jul/03/time-blindness-adhd-tiktok,A readable public discussion of ADHD-related time blindness built around people who genuinely struggle to be on time despite effort and consequences. It also asks an important question about where explanation ends and responsibility begins.,"Creates the rationale for external scheduling systems. If internal time perception is unreliable, departure times, preparation windows, alarms, visible clocks, buffers, and calendar cues have to carry part of the workload instead.",Adults with ADHD; partners; employers; clinicians; general readers,Free Guardian feature. 'Time blindness' is a descriptive term rather than a formal diagnosis.,Final
01-R02,01. Scaffold 1 - Externalize Your Schedule,Psychologist-written public article,"Kathleen Bogart, PhD, with Mollie Greenblum",How ADHD Leads to Time Blindness,Psychology Today,"December 5, 2023",https://www.psychologytoday.com/us/blog/disability-is-diversity/202311/how-adhd-leads-to-time-blindness,"Explains common ADHD difficulties with estimating elapsed time, sequencing events, judging how long tasks will take, and becoming absorbed in activities. The piece ties these problems to real consequences such as missed deadlines and chronic lateness.","Highly practical: recommends time logs, timers, multiple alarms, visual timers, planners, working backward from deadlines, breaking projects into smaller pieces, and intentionally scheduling activities that tend to create hyperfocus.",Adults and teens with ADHD; families; clinicians; students,Free public Psychology Today article,Final
01-R03,01. Scaffold 1 - Externalize Your Schedule,Mainstream practical feature,Elizabeth C. Hamblet,8 Simple Ways Parents Can Teach Kids to Get Organized,TIME,"February 10, 2016",https://time.com/4208279/8-simple-ways-parents-can-teach-kids-to-get-organized/,"A mainstream article that treats organization and time management as skills that need to be explicitly taught, particularly for young people with ADHD and learning differences, rather than as abilities they should simply acquire on their own.","Strong examples of externalization include weekly schedule reviews, interim deadlines for long projects, counting backward from due dates, wall calendars to keep future events visible, electronic calendars for portable capture, and routines for synchronizing systems.",Parents; teens and young adults with ADHD; students; educators,TIME article; access may vary,Final
01-R04,01. Scaffold 1 - Externalize Your Schedule,Mainstream first-person feature,Renée Yaseen,"Tackling your to-do list? Me, neither. Here’s what I’ve learned about pandemic procrastination.",The Washington Post,"July 28, 2020",https://www.washingtonpost.com/lifestyle/2020/07/28/procrastinate-pandemic-to-do-list-adhd/,"A first-person exploration of the way long to-do lists, too many choices, and executive-function demands can produce decision paralysis rather than productive action. It makes the experience of knowing what needs to be done but still being unable to sequence it understandable.","Useful counterweight to the idea that writing a giant list solves the problem. External systems work better when they reduce choices, identify the next action, limit what is visible at one time, and convert an undifferentiated list into a sequence that can actually be started.",Adults with ADHD; people struggling with procrastination; general readers,Washington Post article; subscription access may vary,Final
01-R05,01. Scaffold 1 - Externalize Your Schedule,Mainstream medically reviewed practical article,"Heather Hatfield; medically reviewed by Smitha Bhandari, MD",Get Organized With Adult ADHD,WebMD,"January 8, 2018",https://www.webmd.com/add-adhd/features/got-adult-adhd-get-organized_,"A straightforward general-audience article about the organizational load of adult life with ADHD, including work, family, appointments, responsibilities, and the difficulty of holding schedules and details in mind.","Explicitly recommends tracking time and using planners, calendars, lists, or apps as visual references that hold schedule information outside working memory. It also emphasizes making written tasks detailed and specific rather than vague.",Adults with ADHD; families; partners; general readers,Free WebMD article; medically reviewed,Final
02-R01,02. Scaffold 2 - Sunlight & Exercise,Mainstream reported health feature,Ben Opipari,Why a little bit of exercise can help academically for kids with ADHD,The Washington Post,"August 15, 2020",https://www.washingtonpost.com/health/exercise-breaks-help-kids-with-adhd-learn/2020/08/14/57f41e94-cc2f-11ea-bc6a-6841b28d9093_story.html,"A clear general-audience explanation of research showing that even relatively short bouts of movement can improve attention, behavioral regulation, and academic task performance in children with ADHD.",Turns exercise into an immediate tool rather than a distant fitness goal. Short movement breaks before or during cognitively demanding work can be deliberately scheduled as part of the learning environment instead of treating movement as a distraction from learning.,Parents; students; educators; clinicians; general readers,Washington Post article; subscription access may vary.,Final
02-R02,02. Scaffold 2 - Sunlight & Exercise,Neuroscientist-written practical article,"Ludovico Saint Amour di Chanaz, PhD",5 Tips on How to Exercise With ADHD,Psychology Today,"February 16, 2026",https://www.psychologytoday.com/us/blog/brain-curiosities/202602/5-tips-on-how-to-exercise-with-adhd,"Addresses a problem that generic exercise advice misses: people with ADHD may know exercise is helpful and still struggle to initiate or sustain it because of delayed rewards, boredom, sensory discomfort, and task-initiation difficulties.","Excellent scaffold material: make showing up the goal, choose enjoyable movement, use a gym buddy or body doubling, add music, start very small, and simplify the routine enough that exercise can survive inconsistent motivation.",Adults with ADHD; teens; clinicians; coaches; general readers,Free public Psychology Today article.,Final
02-R03,02. Scaffold 2 - Sunlight & Exercise,Medically reviewed practical / lived-experience article,"Daniel Preiato, RD, CSCS; medically reviewed by Angela M. Bell, MD, FACP",Exploring the Link Between ADHD and Exercise,Healthline,"Updated February 24, 2025",https://www.healthline.com/health/adhd/adhd-and-exercise,"Combines an accessible review of exercise and ADHD with the author's own experience using sports and strength training to help manage attention, impulsivity, and emotional energy. It also keeps exercise framed as complementary rather than a universal medication replacement.","Provides multiple routes into movement, including walking, cycling, martial arts, hiking, boxing, HIIT, and resistance training, while emphasizing consistency and variety. That supports choosing a form of movement that fits the person's actual interests and sensory needs.",Adults with ADHD; families; general readers; fitness professionals,Free medically reviewed Healthline article. Medication changes should be made with a prescribing clinician.,Final
02-R04,02. Scaffold 2 - Sunlight & Exercise,Mainstream science feature,Matt Fuchs; edited by Tanya Lewis,"To Help Your Body Adjust to Daylight Saving Time, Try Sunlight and Exercise",Scientific American,"March 5, 2026",https://www.scientificamerican.com/article/to-help-your-body-adjust-to-daylight-saving-time-try-sunlight-and-exercise/,"A concise explanation of two powerful daytime cues for the circadian system: morning light and physical activity. Although written around clock changes rather than ADHD specifically, it clearly explains why light and movement signal wakefulness and help stabilize sleep timing.","Supports pairing morning outdoor light with movement as one repeatable routine. The usefulness is behavioral simplicity: one habit can provide daylight exposure, physical activity, and a strong environmental signal that the active part of the day has begun.",General readers; adults with ADHD; families; clinicians,Scientific American article; access may vary by subscription.,Final
02-R05,02. Scaffold 2 - Sunlight & Exercise,Mainstream reported wellness feature,Amy Fleming,‘Just do something you enjoy!’ Have official targets made exercise a chore - and happiness more elusive?,The Guardian,"December 11, 2024",https://www.theguardian.com/lifeandstyle/2024/dec/11/just-do-something-you-enjoy-have-official-targets-made-exercise-a-chore-and-happiness-more-elusive,"Challenges rigid all-or-nothing exercise messaging and explores evidence that enjoyment, autonomy, social connection, and setting may matter greatly for whether people sustain physical activity and gain mental-health benefits.","Especially relevant to ADHD because a technically perfect exercise plan that is boring or burdensome is unlikely to survive. The scaffold is to choose movement that is rewarding enough to repeat, lower the threshold for success, and build activity around interest rather than guilt.",General readers; adults with ADHD; people struggling with exercise adherence,"Free Guardian feature. The article addresses exercise and mental health broadly, not ADHD specifically.",Final
03-R01,03. Scaffold 3 - Diet & Caloric Intake,Mainstream first-person feature,Sophie Brickman,My adult ADHD drugs felt like a lifeline. Then came the scary side-effects …,The Guardian,"August 20, 2022",https://www.theguardian.com/lifeandstyle/2022/aug/20/adhd-drugs-side-effects-prescription-stimulants,"A vivid first-person account of stimulant treatment that includes a substantial loss of appetite, weight loss, thirst, rebound effects, and the difficulty of eating adequately when medication has made food feel uninteresting.","Shows why adequate calories sometimes need to become an intentional system rather than something left to appetite. Planned meals, calorie-dense foods, eating before medication effects peak, and monitoring weight or nutritional intake may be necessary supports to discuss with a prescriber.",Adults with ADHD; families; partners; clinicians; general readers,Free Guardian feature. Personal experience should not be generalized to all stimulant users; medication side effects and dosing should be discussed with the prescribing clinician.,Final
03-R02,03. Scaffold 3 - Diet & Caloric Intake,Dietitian-written public article,"Dawn Clifford, PhD, RD, with Julia Williams",5 Ways ADHD Disrupts Eating and Body Image,Psychology Today,"March 26, 2026",https://www.psychologytoday.com/us/blog/words-hold-weight/202603/5-ways-adhd-disrupts-eating-and-body-image,"Explains how executive-function difficulties, impulsivity, emotional regulation, sensory preferences, and reduced awareness of hunger or fullness can all affect eating in ADHD. It reframes irregular eating as a functional problem rather than a simple failure of discipline.","Strong practical suggestions include keeping simple meals and snacks visible and accessible, reducing preparation demands, checking in with hunger and fullness cues, and expanding sources of stimulation beyond food.",Adults with ADHD; clinicians; dietitians; families; general readers,Free public Psychology Today article. The piece uses neurodiversity-affirming language and includes practical nutrition strategies.,Final
03-R03,03. Scaffold 3 - Diet & Caloric Intake,Medically reviewed practical article,"Sarah Choi; medically reviewed by Bethany Juby, PsyD",How to Not Forget to Eat with ADHD,Healthline,"April 24, 2025",https://www.healthline.com/health/adhd/how-to-not-forget-to-eat-with-adhd,"Addresses one of the most ordinary but consequential ADHD food problems directly: a person intends to eat but working-memory limits, hyperfocus, poor time awareness, or lack of prepared food allow meals to disappear from the day.","Almost a pure scaffold article: set meal reminders, keep ready-to-eat food available, carry shelf-stable snacks, prepare food in advance, and reduce the number of steps required between realizing you need food and actually eating it.",Adults and teens with ADHD; families; general readers,Free medically reviewed Healthline article.,Final
03-R04,03. Scaffold 3 - Diet & Caloric Intake,Mainstream medically reviewed explainer,"Beth Roybal, Anne Krueger, and Amy Gopal; medically reviewed by Smitha Bhandari, MD",ADHD Diet and Nutrition: Foods to Eat and Foods to Avoid,WebMD,"October 7, 2025",https://www.webmd.com/add-adhd/adhd-diets,A useful general-reader reality check on the crowded world of ADHD diet claims. It explains that evidence for special ADHD diets is limited and mixed while distinguishing ordinary balanced nutrition from elimination diets and supplement claims.,Keeps the scaffold focused on dependable nourishment rather than dietary ideology. The useful question is not 'What diet cures ADHD?' but 'What food system makes it easier to eat regularly and adequately while supporting overall health?',Adults with ADHD; parents; families; general readers,Free medically reviewed WebMD article. Restrictive diets and supplements should be discussed with qualified healthcare professionals.,Final
03-R05,03. Scaffold 3 - Diet & Caloric Intake,Mainstream expert nutrition feature,"Maria Cohut, PhD; expert commentary from Michelle Routhenstein, MS, RD, CDCES, CDN",What a dietitian would eat in a day to help with ADHD,Medical News Today,"April 20, 2026",https://www.medicalnewstoday.com/articles/what-dietitian-would-eat-daily-help-adhd-best-diet,Uses a dietitian's perspective to discuss practical nutrition for adults with ADHD while pushing back on restrictive online trends such as ketogenic diets being promoted as primary ADHD treatment. It also addresses sensory food preferences and maintaining nutrient adequacy.,"Supports simplifying meals, choosing foods that provide sustained energy, accommodating sensory preferences instead of fighting them, and prioritizing nutritional adequacy over perfection. That is far more sustainable for ADHD than a complicated restrictive regimen.",Adults with ADHD; families; clinicians; general readers,Free public Medical News Today article; fact checked. Dietary changes may support general health but are not established substitutes for evidence-based ADHD treatment.,Final
04-R01,04. Scaffold 4 - Sleep Hygiene,Mainstream reported health feature,Katherine Ellison,Quality vs. quantity: Untangling sleep issues tied up with ADHD,The Washington Post,"February 7, 2025",https://www.washingtonpost.com/wellness/2025/02/07/adhd-sleep-insomnia-executive-function/,"A strong science-journalism piece on the relationship between ADHD, insomnia, circadian rhythm, slow-wave sleep, and executive functioning. It avoids the simplistic assumption that every tired person merely needs more hours in bed.","Connects nighttime sleep quality directly with daytime attention and regulation. It also highlights practical morning supports such as activity, cold water, sunlight, music, and social contact, reinforcing that sleep hygiene includes both ends of the sleep-wake cycle.",Adults with ADHD; parents; clinicians; educators; general readers,"Washington Post article; subscription access may vary. Persistent sleep problems should be evaluated for insomnia, sleep apnea, circadian disorders, or other causes rather than assumed to be ADHD alone.",Final
04-R02,04. Scaffold 4 - Sleep Hygiene,Psychologist-written public article,"J. Russell Ramsay, PhD, ABPP",Adult ADHD and Coping With Sleep Difficulties,Psychology Today,"February 19, 2021",https://www.psychologytoday.com/us/blog/rethinking-adult-adhd/202102/adult-adhd-and-coping-sleep-difficulties,"Ramsay describes ADHD sleep problems in recognizable behavioral terms: difficulty winding down, 'one more thing' thinking, bedtime procrastination, sleep inertia, doom-scrolling, and the temptation to use late night as protected personal time.","One of the strongest fits for the project. It recommends a personalized getting-ready-for-sleep script, external bedtime cues, fixed wake times, writing down worries and tasks, relaxation strategies, and environmental prompts that make the transition to sleep more automatic.",Adults with ADHD; clinicians; partners; general readers,Free public Psychology Today article.,Final
04-R03,04. Scaffold 4 - Sleep Hygiene,First-person mainstream essay,Naoise Dolan,Putting down my phone and picking up a book has saved my sleep,The Guardian,"August 12, 2021",https://www.theguardian.com/books/2021/aug/12/putting-down-my-phone-and-picking-up-a-book-has-saved-my-sleep-naoise-dolan,"A highly readable lived-experience account from an author with ADHD describing insomnia, compulsive phone use, nighttime stimulation, and the difficulty of abandoning an immediately rewarding screen even when she knew it was damaging her sleep.","Shows environmental redesign in action: the phone goes into a kitchen drawer before bed, an alarm clock replaces it, and familiar low-stimulation reading becomes the default bedside activity. The success comes from changing the environment rather than repeatedly trying to resist the phone.",Adults with ADHD; people with insomnia; general readers,"Free Guardian essay. This is personal experience, not clinical evidence, and should be presented as a useful example of an individualized sleep scaffold.",Final
04-R04,04. Scaffold 4 - Sleep Hygiene,Mainstream expert feature,Jamie Friedlander Serrano,How to Stop Procrastinating at Bedtime and Actually Go to Sleep,TIME,"March 18, 2024",https://time.com/6957353/bedtime-procrastination-how-to-go-to-sleep/,"Explains bedtime procrastination through interviews with sleep specialists and explicitly notes that it is common among people with ADHD. It captures the conflict between needing sleep and wanting to reclaim stimulation, autonomy, or personal time late at night.","Provides simple behavioral changes: move personal time earlier, reserve the bed for sleep, keep wake times consistent, act on the first wave of drowsiness, and complete bedtime-care tasks earlier so fewer steps remain when executive energy is lowest.",General readers; adults with ADHD; parents; professionals,"TIME health feature; access may vary. Bedtime procrastination is a behavioral description, not itself an ADHD diagnosis.",Final
04-R05,04. Scaffold 4 - Sleep Hygiene,Medically reviewed public explainer,"Erica Cirino; medically reviewed by Thomas Johnson, PA-C",ADHD and Sleep Disorders: What's the Connection?,Healthline,"Updated September 19, 2024",https://www.healthline.com/health/adhd/sleep-problems,"A useful general-reader overview of the overlap between ADHD and insomnia, restless legs syndrome, sleep apnea, medication timing, daytime fatigue, and the way poor sleep can worsen attention and regulation.","Keeps the sleep scaffold from becoming merely a bedtime-routine checklist. Readers are reminded that some persistent problems require identification and treatment of an actual sleep disorder, while home strategies can support regular sleep timing and a less stimulating sleep environment.",Adults with ADHD; parents; families; general readers,Free medically reviewed Healthline article. Persistent or severe sleep problems warrant professional assessment.,Final
05-R01,05. Scaffold 5 - Caffeine Titration,Psychologist-written public article,"Lindsay Weisner, PsyD",Can Caffeine Calm Your ADHD Brain?,Psychology Today,"March 27, 2026",https://www.psychologytoday.com/us/blog/the-venn-diagram-life/202603/can-caffeine-calm-your-adhd-brain,"A readable ADHD-specific discussion of why caffeine can feel clarifying or calming for some people and jittery, anxious, or counterproductive for others. It also clearly distinguishes caffeine from prescribed stimulant medication.","Supports treating caffeine response as individual and observable rather than assuming it helps everyone with ADHD. Track dose, timing, focus, anxiety, physical activation, and sleep, and discuss regular caffeine use with a prescriber when stimulant medication is also being used.",Adults with ADHD; families; clinicians; general readers,"Free Psychology Today article. The ADHD evidence discussed includes limited and indirect research, so caffeine should not be presented as an established ADHD treatment or medication substitute.",Final
05-R02,05. Scaffold 5 - Caffeine Titration,Mainstream reported science feature,Katherine Kam,The best ways to use caffeine to boost your alertness,The Washington Post,"March 12, 2025",https://www.washingtonpost.com/wellness/2025/03/13/caffeine-cognition-boost/,"A practical science-based guide to caffeine timing, dose, metabolism, tolerance, and cognitive effects. It also pushes back on unsupported social-media rules and emphasizes that the same amount can affect different people very differently.","Excellent for a titration framework: know approximately how many milligrams are being consumed, account for all caffeine sources, observe personal sensitivity, time intake around actual needs, and establish a cutoff early enough to protect sleep.",Adults with ADHD; general readers; professionals; clinicians,"Washington Post article; subscription access may vary. The article cites the FDA guideline of no more than 400 mg daily for most healthy adults, but that is a population safety ceiling, not a recommended personal dose.",Final
05-R03,05. Scaffold 5 - Caffeine Titration,Mainstream science explainer,Joanna Thompson,How Much Caffeine Is Too Much?,Scientific American,"December 1, 2023",https://www.scientificamerican.com/article/how-much-caffeine-is-too-much/,"A concise explanation of caffeine dose, variation in commercial beverages, physical dependence, withdrawal, anxiety, genetic differences in metabolism, and why a dose that is comfortable for one person may be excessive for another.","Adds both safety and tapering to the scaffold. Readers can measure intake in milligrams rather than vague 'cups,' recognize headache or concentration problems as possible withdrawal, and reduce gradually when testing whether caffeine is actually helping.",General readers; adults using caffeine regularly; clinicians; families,Scientific American article; access may vary. Concentrated caffeine powders or pills carry substantially greater dosing risk than ordinary beverages.,Final
05-R04,05. Scaffold 5 - Caffeine Titration,Long-form first-person science feature,Michael Pollan,The invisible addiction: is it time to give up caffeine?,The Guardian,"July 6, 2021",https://www.theguardian.com/food/2021/jul/06/caffeine-coffee-tea-invisible-addiction-is-it-time-to-give-up,"Pollan combines interviews with caffeine researchers and his own withdrawal experiment to show how easily regular caffeine use becomes the unnoticed baseline, making it difficult to distinguish genuine cognitive benefit from relief of withdrawal symptoms.","Especially useful for the personal-inventory side of titration. If concentration deteriorates when caffeine is skipped, the question becomes whether caffeine is improving baseline functioning or simply reversing withdrawal. A structured reduction can make that distinction easier to observe.",Adults with ADHD; regular caffeine users; general readers,"Free Guardian long read. Pollan's experience is anecdotal, but the piece draws heavily on established caffeine and withdrawal research.",Final
05-R05,05. Scaffold 5 - Caffeine Titration,Mainstream expert health feature,Lauryn Higgins,Why You Feel Anxious After Drinking Coffee,TIME,"November 11, 2025",https://time.com/7331760/why-does-coffee-give-me-anxiety/,"Explains why caffeine can shift from useful alertness into anxiety, racing thoughts, palpitations, or an exaggerated stress response. The piece emphasizes differences in genetics, metabolism, baseline stress, sleep, hormones, and tolerance.","Provides clear stopping signals for titration. More stimulation is not automatically more useful. Anxiety, insomnia, palpitations, feeling wired without improved concentration, or worsening next-day function are reasons to reduce dose, change timing, or reconsider caffeine altogether.",Adults with ADHD; people with anxiety; general readers; clinicians,"TIME health feature; access may vary. Persistent palpitations, significant anxiety, or other concerning symptoms warrant medical evaluation rather than continued self-experimentation.",Final
06-R01,06. Scaffold 6 - Journaling & Writing: The Personal Inventory,Psychologist-written public article,"Catherine J. Mutti-Driscoll, PhD",Metacognition and ADHD: Understand Your Thinking,Psychology Today,"February 18, 2025",https://www.psychologytoday.com/us/blog/empowerment-is-real/202502/metacognition-and-adhd-understand-your-thinking,"Explains metacognition as the ability to notice how you think, monitor what is happening during a task, learn from the outcome, and change strategy. It is directly relevant to ADHD difficulties with self-monitoring, working memory, time estimation, and impulsive action.","Almost a blueprint for the personal inventory: externalize thoughts through journaling, voice memos, or mind maps; ask what worked before, during, and after a task; track progress visibly; and treat failed strategies as information to revise rather than evidence of personal failure.",Adults and teens with ADHD; clinicians; educators; coaches; general readers,Free public Psychology Today article.,Final
06-R02,06. Scaffold 6 - Journaling & Writing: The Personal Inventory,Mainstream expert feature,Madeleine Aggeler,‘Subtle but powerful form of self-validation’: how to start journaling,The Guardian,"April 27, 2026",https://www.theguardian.com/wellness/2026/apr/27/how-to-start-journaling,A highly accessible introduction to journaling featuring therapists and expressive-writing researcher James Pennebaker. It emphasizes that writing gives internal thoughts and feelings an external place to land and can clarify experiences that otherwise remain tangled in rumination.,"Excellent ADHD fit because it removes unnecessary rules: use paper, phone, computer, a whiteboard, a list, one sentence, or several pages. Start with five minutes and make accessibility more important than maintaining an idealized daily diary.",General readers; adults with ADHD; people new to journaling; clinicians,"Free Guardian feature. Benefits of journaling vary by context, and persistent distress may require professional support.",Final
06-R03,06. Scaffold 6 - Journaling & Writing: The Personal Inventory,Mainstream technology / practical feature,Heather Kelly,Want to try journaling? Start by opening your phone or hiding it.,The Washington Post,"May 22, 2023",https://www.washingtonpost.com/technology/2023/05/22/digital-journaling/,"Shows how flexible journaling can be in real life: paragraphs, drawings, lists, spreadsheets, audio, digital notes, or paper. It also profiles people who use productivity, health, and screen-time data as context for reflecting on how their weeks actually went.","Strong personal-inventory model: collect observable information, review prior entries, compare intention with what actually happened, and use that history to make a more realistic plan for the next week. The format should fit the person rather than the other way around.",Adults with ADHD; technology users; general readers; people who dislike conventional diaries,Washington Post article; subscription access may vary.,Final
06-R04,06. Scaffold 6 - Journaling & Writing: The Personal Inventory,Mainstream science feature,Christiane Gelitz,Know Yourself Better by Writing What Pops into Your Head,Scientific American,"October 6, 2023",https://www.scientificamerican.com/article/know-yourself-better-by-writing-what-pops-into-your-head/,"Explores therapeutic and reflective writing as a way of turning vague internal experience into language that can be examined. It presents writing as a form of mental hygiene that may improve self-knowledge, reduce stress, and reveal themes that are difficult to notice while thoughts remain unstructured.","Supports the 'write first, interpret second' part of the inventory. Capturing thoughts without excessive editing can reveal recurring worries, avoidance patterns, motivations, or emotional triggers that later become targets for practical scaffolds.",General readers; adults with ADHD; clinicians; students,Scientific American article; access may vary by subscription.,Final
06-R05,06. Scaffold 6 - Journaling & Writing: The Personal Inventory,Mainstream reported feature / lived experience,Jillian Anthony,The transformative power of journaling,Vox,"Updated February 6, 2025",https://www.vox.com/life/393304/journaling-how-to-artists-way-shadow-work-mental-health-habit-goals,"Combines the author's sustained journaling practice with interviews about expressive writing, journal therapy, creativity, and the recent popularity of guided journals. Importantly, it also discusses limits, including the possibility that unstructured trauma writing can become overwhelming.","Particularly useful for the inventory concept because it recommends using journals to track goals and progress, periodically review where you stalled, notice what changed, and make the next plan. It also reinforces that digital, handwritten, dictated, prompted, and free-form approaches are all legitimate.",Adults with ADHD; general readers; creative professionals; people beginning a reflective practice,"Public Vox feature. Journaling is a support, not a substitute for psychotherapy, and highly distressing trauma material may benefit from structured professional guidance.",Final
07-R01,"07. Scaffold 7 - Somatic Work, Breathing & Body Awareness",Psychologist-written public article,"Susan M. Pollak, EdD",Mindfulness and ADHD,Psychology Today,"April 18, 2015",https://www.psychologytoday.com/us/blog/the-art-now/201504/mindfulness-and-adhd,"Pollak, a psychologist and Harvard Medical School clinical instructor, addresses the apparent contradiction of asking someone with ADHD to practice mindfulness and gives a short, concrete exercise built around noticing thoughts, bodily sensations, and the breath.","Excellent fit for a scaffold because the practice is intentionally brief, uses a timer, allows sitting or standing, and treats distraction as something to notice and return from rather than as failure.",Adults with ADHD; clinicians; parents; general readers,Free public Psychology Today article,Final
07-R02,"07. Scaffold 7 - Somatic Work, Breathing & Body Awareness",Mainstream science feature,Norman Farb and colleagues / Scientific American contributors,Paying Attention to Sensations Can Help Reset the Mind,Scientific American,2024,https://www.scientificamerican.com/article/paying-attention-to-sensations-can-help-reset-the-mind/,"This accessible science article explains interoception, the ability to notice internal bodily sensations, and connects sensory awareness with emotion, rumination, attention, and mental health. It also explains that interoceptive skills can be trained.","Provides a strong rationale for body scans, noticing muscle tension, breath awareness, yoga, sensory check-ins, and other practices that deliberately move attention from racing cognition back into present bodily experience.",General readers; adults with ADHD; clinicians; educators,Public-facing Scientific American science article; access may vary,Final
07-R03,"07. Scaffold 7 - Somatic Work, Breathing & Body Awareness",Mainstream reported science feature,David Robson,Interoception: the hidden sense that shapes wellbeing,The Guardian,"August 15, 2021",https://www.theguardian.com/science/2021/aug/15/the-hidden-sense-shaping-your-wellbeing-interoception,"Robson introduces interoception as an often-overlooked sense involving awareness and interpretation of internal signals such as heartbeat, breathing, hunger, and physiological arousal, drawing on interviews with researchers studying its relationship to well-being.","Helps readers understand why noticing internal states can matter before they become crises. It connects naturally to ADHD scaffolds around hunger, fatigue, overstimulation, emotional escalation, breathing, and recognizing when the body needs regulation.",General public; adults with ADHD; families; clinicians,Free Guardian science feature,Final
07-R04,"07. Scaffold 7 - Somatic Work, Breathing & Body Awareness",Mainstream magazine science article,TIME staff / contributing science writers,A Nation of Mini-Meditators,TIME,February 2015,https://time.com/3696861/a-nation-of-mini-meditators/,"TIME summarizes emerging research on mindfulness programs for children, including studies reporting improved self-control, social behavior, and reductions in ADHD-related symptoms and hyperactivity. It shows how body- and attention-based practices moved from specialist settings into ordinary schools.",Useful as a cultural and practical example of turning mindfulness into a routine environmental support rather than an abstract therapeutic concept. It makes the idea accessible to parents and educators who may be skeptical of formal meditation.,Parents; educators; general readers; families of children with ADHD,TIME article; access may vary by region or subscription status,Final
07-R05,"07. Scaffold 7 - Somatic Work, Breathing & Body Awareness",Medically reviewed practical article,"Corey Whelan; medically reviewed by Ifeanyi Olele, DO, MBA, MS, FAPA",8 Tips for ADHD Meditation,Healthline,"Updated February 26, 2025",https://www.healthline.com/health/adhd/adhd-meditation,The article translates mindfulness research into ordinary practice and acknowledges a basic reality for ADHD readers: sitting still and meditating in the traditional way may itself be difficult. It presents alternatives without portraying meditation as a replacement for established treatment.,"Especially useful because it allows movement-based meditation, comfortable positioning, short practice periods, breath anchoring, environmental modification, and routine-building. The emphasis is adaptation rather than performing mindfulness 'correctly.'",Adults and teens with ADHD; families; general readers,Free medically reviewed Healthline article,Final
08-R01,08. Scaffold 8 - Managing Clutter & Environmental Stimulation,Mainstream reported feature,Amanda Long,How to get organized at home when you have ADHD or mental health issues,The Washington Post,"October 31, 2021",https://www.washingtonpost.com/home/2021/10/31/adhd-home-organization-tips/,A strong general-audience piece that combines expert organizing advice with lived experience from KC Davis and others. It explicitly separates household disorder from moral failure and explains why clutter can become self-reinforcing when executive functioning is already strained.,"Excellent fit for functional environmental design: use bins instead of complicated storage, divide rooms into zones, reduce shame, use short cleaning bursts, body doubling, visible systems, and stop when a space is functional rather than perfect.",Adults with ADHD; partners; families; general readers,Washington Post article; access may vary by subscription status,Final
08-R02,08. Scaffold 8 - Managing Clutter & Environmental Stimulation,Expert interview,"The Book Brigade interviewing Kathleen Nadeau, PhD, and Judith Kolberg",ADD-Friendly Ways to Organize Your Life,Psychology Today,"January 12, 2017",https://www.psychologytoday.com/us/blog/the-author-speaks/201701/add-friendly-ways-to-organize-your-life,This interview pairs ADHD expertise with professional organizing expertise and explains why conventional organization systems often fail people with ADHD. It focuses on environment fit rather than treating disorganization as lack of effort.,"Directly supports designing an ADHD-friendly environment, limiting 'everything at the same time,' reducing digital and physical distraction, and building systems that make time, possessions, and information easier to manage.",Adults with ADHD; partners; clinicians; coaches; general readers,Free public Psychology Today article,Final
08-R03,08. Scaffold 8 - Managing Clutter & Environmental Stimulation,Mainstream home / lifestyle article,Shelby Deering,"Organizers Explain How ""Doom Piles"" Can Ruin Your Space",Good Housekeeping,"April 29, 2026",https://www.goodhousekeeping.com/home/organizing/a71163617/doom-piles-organizing-tips/,"This mainstream piece makes the ADHD-linked 'doom pile' phenomenon immediately recognizable without pathologizing it. ADHD-focused organizers explain how unfinished decisions, time blindness, burnout, and overly complicated storage systems allow piles to grow.","The recommendations are highly scaffold-friendly: designated drop zones, category sorting, 20-minute clutter sprints, before-and-after photos, and storage systems that require one simple action instead of multiple steps.",General readers; adults with ADHD; families; people struggling with household clutter,Free public Good Housekeeping article; access may vary,Final
08-R04,08. Scaffold 8 - Managing Clutter & Environmental Stimulation,Lived-experience / medically reviewed explainer,"Rachael Green; medically reviewed by Claire Eggleston, LMFT-Associate",ADHD Symptom Spotlight: Overstimulation,Verywell Mind,"Updated January 13, 2026",https://www.verywellmind.com/adhd-symptom-spotlight-overstimulation-5323859,"Combines research-backed explanation with first-person experience of sensory overload. It describes how competing noise, visual clutter, clothing sensations, and other environmental input can consume attention and lead to irritability, shutdown, or escape.","Useful for identifying sensory thresholds, planning sensory breaks, carrying headphones or other regulation tools, using movement or fidgeting, and deliberately creating environments with enough stimulation to support attention without becoming overwhelming.",Adults with ADHD; teens; partners; families; general readers,Free public article; medically reviewed,Final
08-R05,08. Scaffold 8 - Managing Clutter & Environmental Stimulation,Mainstream practical / first-person article,Mikhal Weiner,7 ADHD-Friendly Ways to Organize Your Fridge,Real Simple,"January 23, 2023",https://www.realsimple.com/7-adhd-friendly-ways-to-organize-your-fridge-7097655,"A particularly good example of redesigning a household system around actual ADHD behavior rather than conventional ideas of where things 'should' go. The author combines lived experience, expert commentary from Ari Tuckman, and strategies from ADHD creators.","Shows environmental scaffolding in miniature: put perishables where they remain visible, keep a shopping list on the refrigerator, use clear containers and labels, reduce decision fatigue, and arrange the environment so useful choices require less memory and fewer steps.",Adults with ADHD; families; general readers,Free public Real Simple article; access may vary,Final
09-R01,09. Scaffold 9 - Understanding Cognitive Distortions,Psychologist-written public article,"J. Russell Ramsay, PhD","Adult ADHD, Perfectionism, and Procrastination",Psychology Today,"December 29, 2020",https://www.psychologytoday.com/us/blog/rethinking-adult-adhd/202012/adult-adhd-perfectionism-and-procrastination,"Ramsay connects adult ADHD with perfectionistic thinking and procrastination, explaining how unrealistically high standards can become self-defeating and make both starting and finishing tasks harder.","Helps readers identify perfectionism as a thinking pattern rather than proof that a task truly must be done flawlessly. That creates room to lower the threshold for starting, define 'good enough,' and challenge rigid standards before they produce avoidance.",Adults with ADHD; clinicians; students; general readers,Free public Psychology Today article,Final
09-R02,09. Scaffold 9 - Understanding Cognitive Distortions,Mainstream reported feature,Matilda Boseley,Adult ADHD diagnosis: 'You've got to relook at your entire life',The Guardian,"October 8, 2022",https://www.theguardian.com/society/2022/oct/08/adult-adhd-diagnosis-youve-got-to-relook-at-your-entire-life,This feature captures the accumulated self-doubt and negative self-talk that can develop when ADHD-related difficulties are repeatedly interpreted as personal failures. It also shows how diagnosis can force adults to reconsider long-held explanations about themselves.,"Useful for examining the source of automatic thoughts such as 'I'm lazy,' 'I'm unreliable,' or 'I always fail.' The scaffold is not simply replacing negative thoughts with positive ones, but checking whether an old self-story accurately explains what is happening now.",Adults with ADHD; families; newly diagnosed readers; general public,Free Guardian feature,Final
09-R03,09. Scaffold 9 - Understanding Cognitive Distortions,Medically reviewed public explainer,"Sarah Choi; medically reviewed by Nicole Washington, DO, MPH","What is the All-or-Nothing Mindset in ADHD, and How Do I Change It?",Healthline,"August 29, 2025",https://www.healthline.com/health/adhd/all-or-nothing-mindset-and-adhd,"A direct, readable explanation of black-and-white thinking in ADHD, including the way perfectionism, fear of mistakes, and rigid expectations can turn ordinary setbacks into evidence of total failure.","Gives readers a recognizable distortion to watch for and encourages moving from binary judgments toward more graded, evidence-based interpretations. That is exactly the skill needed before a cognitive distortion can be challenged or reframed.",Adults and teens with ADHD; families; general readers,Free medically reviewed Healthline article,Final
09-R04,09. Scaffold 9 - Understanding Cognitive Distortions,Mainstream mental-health article,Verywell Mind editorial and clinical review team,How to Stop Catastrophizing and Jumping to the Worst-Case Scenario,Verywell Mind,2023,https://www.verywellmind.com/how-to-stop-catastrophizing-7693333,Explains catastrophizing in plain language as a tendency to jump from uncertainty to the worst possible outcome and then repeatedly rehearse that outcome as though it were likely or inevitable.,"Provides an accessible model for interrupting a distortion: notice the worst-case prediction, separate possibility from probability, identify evidence, return attention to the present, and generate a more proportionate interpretation.",General readers; adults with ADHD; people with anxiety; clinicians,Free public Verywell Mind article,Final
09-R05,09. Scaffold 9 - Understanding Cognitive Distortions,Psychologist-written mainstream article,"Mark Travers, PhD","5 'Thinking Errors' You Need To Unlearn For Good, By A Psychologist",Forbes,"January 24, 2025",https://www.forbes.com/sites/traversmark/2025/01/24/5-thinking-errors-you-need-to-unlearn-for-good-by-a-psychologist/,"A broad, approachable introduction to cognitive distortions for readers who may never encounter CBT terminology in a clinical setting. It frames thinking errors as common human tendencies rather than evidence that something is wrong with the person having them.","Useful as a general reference readers can return to when identifying patterns in their own thoughts. It reinforces the sequence of noticing a thought, naming the distortion, checking the evidence, and replacing it with a more accurate interpretation.",General readers; adults with ADHD; professionals; students,Public Forbes article; access may vary,Final
10-R01,10. Scaffold 10 - Understanding Rejection Sensitivity,Psychologist-written public article,Amanda Moses,Is Rejection Sensitivity Dysphoria Part of ADHD?,Psychology Today,"July 15, 2026",https://www.psychologytoday.com/us/blog/thinking-about-becoming-a-psychologist/202607/is-rejection-sensitivity-dysphoria-part-of-adhd,A particularly useful corrective to online overstatement. Moses explains why the term RSD resonates with many people with ADHD while clearly distinguishing the lived experience of rejection sensitivity from a formally recognized diagnosis.,"Supports naming the trigger, noticing shame or emotional escalation early, separating perceived rejection from confirmed rejection, and treating the response through emotional-regulation and self-concept work rather than assuming every painful social interpretation is accurate.",Adults with ADHD; clinicians; families; general readers,Free public Psychology Today article. Explicitly notes that RSD is not a DSM-5-TR or ICD-11 diagnosis and that the empirical base for RSD as a distinct construct remains limited.,Final
10-R02,10. Scaffold 10 - Understanding Rejection Sensitivity,Mainstream reported feature / lived experience,Emily Retter,The rise of rejection sensitive dysphoria: 'My chest feels like it's collapsing',The Guardian,"February 25, 2026",https://www.theguardian.com/society/2026/feb/25/rise-of-rejection-sensitive-dysphoria,"A long-form feature that makes the experience understandable through detailed first-person accounts of criticism, shame, panic, people-pleasing, perfectionism, and avoidance, while also presenting differing clinical views about RSD.","Shows why recognizing the sequence matters: trigger, interpretation, physical activation, shame or anger, then protective behavior. That sequence gives readers several places to intervene before perceived rejection determines the next action.",Adults with ADHD; families; partners; clinicians; general readers,"Free Guardian feature. RSD is discussed as an emerging and debated construct, not a formal diagnosis; some treatment claims quoted in the article should be interpreted cautiously.",Final
10-R03,10. Scaffold 10 - Understanding Rejection Sensitivity,Mainstream reported ADHD article,Angela Haupt,The Worst Thing to Say to Someone With ADHD,TIME,"October 22, 2025",https://time.com/7327133/adhd-what-to-say-communication/,"TIME approaches rejection sensitivity from the interpersonal side: repeated comments such as 'try harder,' 'you're too dramatic,' or 'everyone struggles with that' can accumulate into shame, self-criticism, and a sense of being chronically misunderstood.","Useful both for ADHD readers and the people around them. It encourages replacing judgment with curiosity, clarifying intent, asking what support is useful, and recognizing that communication style can either intensify or reduce an already activated rejection response.",Adults with ADHD; partners; families; coworkers; general readers,Mainstream TIME health feature; access may vary.,Final
10-R04,10. Scaffold 10 - Understanding Rejection Sensitivity,Mainstream reported self-help feature,Jillian Anthony,You should be setting rejection goals,Vox,"March 26, 2025",https://www.vox.com/life/400820/you-should-be-setting-rejection-goals,"A readable exploration of fear of rejection that includes ADHD and RSD but also places rejection in a wider human context. The author combines personal experimentation with psychologists, therapists, and people who deliberately practiced tolerating 'no.'","Offers concrete behavioral scaffolds: track attempts instead of only successes, journal reactions, distinguish a rejected request from rejection of the self, and gradually practice situations where a 'no' is possible. This can reduce avoidance and perfectionistic protection.",Adults with ADHD; people with rejection anxiety; professionals; general readers,Public Vox feature. Exposure-style rejection challenges should be adapted to the individual's level of distress and are not a substitute for therapy when rejection reactions are severe.,Final
10-R05,10. Scaffold 10 - Understanding Rejection Sensitivity,First-person mainstream feature / interview,"Alex Partridge, as told to Helen Coffey",'How rejection sensitivity dysphoria almost killed me',The Independent,"February 1, 2026",https://www.independent.co.uk/life-style/rejection-sensitivity-dysphoria-rsd-adhd-b2909415.html,"A vivid first-person account of how seemingly minor criticism can produce rapid changes in mood, catastrophizing, avoidance, people-pleasing, and relationship difficulties. It gives readers an experiential picture that clinical definitions often fail to convey.","Illustrates the usefulness of learning to recognize the rejection response while it is happening, delaying conclusions about another person's intent, naming the pattern, and avoiding immediate protective decisions such as withdrawing, over-apologizing, or abandoning a task or relationship.",Adults with ADHD; partners; families; general readers,Mainstream first-person feature. The RSD label reflects the speaker's lived experience and current clinical discussion; it should not be treated as a formal diagnosis.,Final
11-R01,11. Women with ADHD,Physician-written mainstream feature,"Sarah Oreck, MD, MS",My Patients Are Getting ADHD Diagnoses at 40. Here's What's Really Happening,SELF,"March 2, 2026",https://www.self.com/story/adhd-diagnoses-women-at-40,"A psychiatrist's account of women whose ADHD remained hidden behind elaborate coping systems, perfectionism, overpreparation, anxiety, and chronic self-blame. It also examines why many women reach a breaking point only when responsibilities increase and their compensatory systems stop being enough.","This is especially useful for explaining why scaffolds can conceal impairment while they are working. Calendars, lists, routines, overpreparation, and intense effort may keep someone functioning for years, but the cost of maintaining those systems matters and should be included when evaluating support needs.",Adult women with ADHD; clinicians; partners; families; general readers,"Public SELF article. The piece discusses hormonal transitions as one factor, but Section 12 should carry the deeper hormone-specific material.",Final
11-R02,11. Women with ADHD,Psychologist-written public article,"Michelle Frank, PsyD",How ADHD Manifests Differently in Women,Psychology Today,"January 27, 2025",https://www.psychologytoday.com/us/blog/empowered-with-adhd/202501/how-adhd-manifests-differently-in-women,"Explains why ADHD is frequently missed or misdiagnosed in women, including less externally disruptive presentations, masking, gender expectations, internalized distress, and the tendency to interpret executive-function problems as anxiety, depression, or personal inadequacy.","Helps readers distinguish apparent competence from sustainable functioning. A woman may look organized because she is using extensive compensatory systems behind the scenes. The scaffold question becomes not only 'Can she do it?' but 'What structure makes it possible, and what does that structure cost her?'",Women with ADHD; families; clinicians; educators; general readers,Free public Psychology Today article.,Final
11-R03,11. Women with ADHD,Mainstream long-form lived-experience feature,Em Rusciano,"The lost girls: 'Chaotic and curious, women with ADHD all have missed red flags that haunt us'",The Guardian,"November 2, 2020",https://www.theguardian.com/society/2020/nov/02/the-lost-girls-chaotic-and-curious-women-with-adhd-all-have-missed-red-flags-that-haunt-us,"A powerful first-person account of late-recognized ADHD in women and the years of shame, burnout, perfectionism, emotional intensity, and failed explanations that can precede diagnosis. It makes the consequences of being overlooked more concrete than a symptom checklist can.","Useful for reframing lifelong coping behaviors as information rather than character flaws. It supports building practical systems around organization, emotional regulation, sensory load, and recovery from overwhelm while reducing the shame that often prevents people from asking for support.",Adult women with ADHD; families; partners; clinicians; general readers,Free Guardian feature. First-person experience should be read as illustrative rather than universal.,Final
11-R04,11. Women with ADHD,Mainstream reported culture / health feature,Katie Reilly,"For Some Women With ADHD, TikTok Is the First Place They Felt Heard",TIME,"September 12, 2022",https://time.com/6211695/adhd-tiktok-women/,"Examines how women who were missed in childhood are recognizing ADHD through social media, including women from groups historically less likely to receive timely diagnosis. It also addresses the tension between community and recognition on one hand and misleading symptom content on the other.","Useful for teaching readers to treat relatable ADHD content as a prompt for observation rather than proof of diagnosis. Personal inventories, symptom histories, and real-world impairment can be documented and then taken to a qualified clinician rather than relying on an algorithmic feed.",Women wondering about ADHD; younger adults; families; clinicians; general readers,TIME feature; access may vary. The article explicitly discusses misinformation risk and the importance of professional assessment.,Final
11-R05,11. Women with ADHD,First-person essay / book excerpt,Carla Ciccone,How ADHD Shaped My Life Without Me Knowing It,ELLE,"September 9, 2025",https://www.elle.com/culture/books/a65994230/nowhere-girls-book-excerpt-women-adhd-2025/,"A compelling account of receiving an ADHD diagnosis at 39 and then reinterpreting decades of daydreaming, disorganization, shame, masking, and self-criticism. Ciccone also discusses the historical exclusion of girls and women from much of the early ADHD research and interviews women diagnosed in adulthood.","Shows how diagnosis and self-observation can shift the task from moral judgment to problem solving. Once patterns are named, readers can begin building systems and workarounds around their actual executive-function profile rather than repeatedly demanding that themselves behave like someone without those difficulties.",Adult women with ADHD; younger women; general readers; clinicians interested in lived experience,Public ELLE excerpt; access may vary. The piece is autobiographical and should be paired with the research database for empirical claims.,Final
12-R01,12. Hormones & ADHD,Therapist-written public article,"Cassandra Miasnikov, LPCA",Why Is My ADHD Worse Before My Period?,Psychology Today,"August 31, 2026",https://www.psychologytoday.com/us/blog/missed-and-masked/202608/why-is-my-adhd-worse-before-my-period,"A timely, research-linked explanation of why some people report worsening inattention, executive dysfunction, emotional regulation, and medication response during the luteal and menstrual phases. It also explains the estrogen-dopamine hypothesis without pretending the evidence is complete.","Strong fit for symptom tracking: record cycle phase alongside distractibility, task initiation, mood, sleep, and perceived medication response for at least two cycles, then bring recurring patterns to a clinician rather than relying on memory alone.",Women and other people with ADHD who menstruate; clinicians; partners; general readers,"Free public Psychology Today article. The research base is still limited, and medication changes should only be made with the prescribing clinician.",Final
12-R02,12. Hormones & ADHD,Researcher-written mainstream feature,Jessica Agnew-Blais,What is PMDD? Study finds link between serious condition and women with ADHD,The Independent / The Conversation,"September 26, 2025",https://www.independent.co.uk/life-style/health-and-families/pmdd-symptoms-adhd-treatment-b2834515.html,"Written by a researcher involved in the study, this article explains evidence that women with ADHD in the sample were substantially more likely to screen positive for provisional PMDD and describes the functional seriousness of premenstrual mood and cognitive symptoms.","Helps separate ordinary premenstrual difficulty from a recurring pattern severe enough to warrant assessment. Prospective symptom tracking across cycles can make timing, severity, and impairment visible and give clinicians better information than retrospective impressions alone.",Women with ADHD; clinicians; partners; general readers,Mainstream article republished from The Conversation. The study identified provisional PMDD by screening; formal PMDD diagnosis requires prospective symptom tracking.,Final
12-R03,12. Hormones & ADHD,Mainstream reported health feature,Rachel Reiff Ellis,Is It Perimenopause or ADHD?,SELF,"January 30, 2026",https://www.self.com/story/perimenopause-adhd-symptoms,"A useful differential-diagnosis piece because perimenopause and ADHD can both involve forgetfulness, brain fog, emotional changes, and difficulty concentrating. Experts explain that perimenopause may worsen previously compensated ADHD, but new midlife cognitive symptoms should not automatically be labeled ADHD.","Encourages readers to build a timeline: childhood patterns, longstanding executive-function difficulties, menstrual changes, sleep, hot flashes, and the point at which functioning changed. That history helps distinguish lifelong ADHD from newer hormonal cognitive symptoms or a combination of both.",Women in midlife; adults considering ADHD assessment; clinicians; general readers,"Public SELF article. ADHD is neurodevelopmental and does not begin for the first time in perimenopause, although hormonal change may expose or intensify previously overlooked symptoms.",Final
12-R04,12. Hormones & ADHD,Expert interview / podcast,Dr. Louise Newson interviewed by Alex Partridge,How Hormones and Menopause Impact ADHD Women,ADHD Chatter Podcast / YouTube,"April 7, 2025",https://www.youtube.com/watch?v=ISPw9IGhWeU,"A long-form conversation with a physician and menopause specialist covering menstrual-cycle changes, contraception, perimenopause, menopause, emotional regulation, and the practical problems women report when established ADHD strategies stop working during hormonal transitions.","Useful as an interview companion to the written material because it encourages readers to notice timing, identify which supports fail during hormonal shifts, and discuss both ADHD and reproductive-health factors with qualified clinicians instead of treating them as unrelated systems.",Women with ADHD; partners; clinicians; general listeners,Free video/podcast. It is educational content rather than individualized medical advice; claims about hormone therapy or treatment should be discussed with an appropriately qualified clinician.,Final
12-R05,12. Hormones & ADHD,Medically reviewed lifecycle explainer,"Katie Mannion; medically reviewed by Nicole Washington, DO, MPH",ADHD and Hormonal Changes in Women,Healthline,"Updated June 9, 2025",https://www.healthline.com/health/adhd/adhd-and-hormonal-changes-in-women,"Provides a readable lifespan overview of puberty, menstruation, pregnancy, postpartum, perimenopause, and menopause, making it easier for readers to see hormone-related ADHD questions as a recurring life-course issue rather than a problem confined to one age.","Its symptom-journal approach is particularly useful: track medication timing, mood, sleep, eating, cycle phase, and symptom changes together. That turns an impression such as 'my ADHD randomly gets worse' into data that can be reviewed for patterns.",Women with ADHD; adolescents and families; clinicians; general readers,"Free medically reviewed article. Evidence for hormone-related ADHD changes is growing but remains limited, particularly for pregnancy, postpartum, menopause, and medication-response adjustments.",Final
13-R01,13. ADHD Comorbidities,Public clinical overview,Psychology Today editors; reviewed by Devon Frye,ADHD and Related Conditions,Psychology Today,"Reviewed April 9, 2026",https://www.psychologytoday.com/us/basics/adhd/adhd-and-comorbid-conditions,"A useful public overview of the fact that ADHD frequently occurs alongside other psychiatric and neurodevelopmental conditions, including depression, anxiety, autism, learning disorders, OCD, bipolar disorder, and substance-use problems.","Provides the framing needed before applying ADHD supports: a scaffold aimed at attention or executive function may not address anxiety, depression, OCD, autism-related sensory needs, or another co-occurring condition. Effective support often requires knowing which difficulty belongs to which problem.",Adults with ADHD; families; clinicians; educators; general readers,"Free public Psychology Today overview. Prevalence estimates vary across populations and studies, and co-occurrence should not be inferred from symptom overlap alone.",Final
13-R02,13. ADHD Comorbidities,Mainstream expert health feature,"Daphne Berryhill; medically reviewed by Ziv Cohen, MD",ADHD And Anxiety: Connections And How To Cope,Forbes Health,"July 5, 2024",https://www.forbes.com/health/mind/adhd-and-anxiety/,"Explains how ADHD and anxiety can occur together, intensify one another, and create overlapping problems with concentration, restlessness, sleep, and executive functioning. Expert commentary also addresses why diagnosis and treatment can become more complicated when both are present.","Encourages identifying whether a problem is being driven by distractibility, worry, avoidance, physiological anxiety, or some combination. That distinction helps determine whether a practical executive-function scaffold is enough or whether anxiety-specific treatment and coping strategies also need to be added.",Adults with ADHD and anxiety; families; clinicians; general readers,"Forbes Health article; access may vary. Treatment for co-occurring ADHD and anxiety is individualized, and medication decisions should be made with a qualified prescriber.",Final
13-R03,13. ADHD Comorbidities,Medically reviewed public explainer,"Erica Roth; medically reviewed by Nicole Washington, DO, MPH",ADHD and Depression: What's the Link?,Healthline,"Updated July 29, 2025",https://www.healthline.com/health/adhd/depression,"Explains the substantial overlap between ADHD and depressive disorders, including shared symptoms such as poor concentration, restlessness, sleep disruption, low motivation, and impaired functioning. It also distinguishes depression as a separate condition that may require its own treatment.","Important because failure to initiate a task is not always an executive-function problem alone. Tracking mood, pleasure, energy, sleep, hopelessness, and the persistence of symptoms can help show when ordinary ADHD scaffolds are no longer addressing the full clinical picture.",Adults and teens with ADHD; families; clinicians; general readers,Free medically reviewed Healthline article. Depression and suicidal thoughts require appropriate clinical assessment; Section 23 separately addresses ADHD and suicidality.,Final
13-R04,13. ADHD Comorbidities,Medically reviewed neurodiversity explainer,"Mia Blake; medically reviewed by Nicole Washington, DO, MPH",AuDHD: What does it mean to have both ADHD and autism?,Medical News Today,"Updated October 21, 2024",https://www.medicalnewstoday.com/articles/audhd,"A readable explanation of co-occurring autism and ADHD, including areas of overlap such as executive functioning, hyperfocus, social difficulty, emotional regulation, and sensory differences, as well as the apparently contradictory needs that can emerge when both conditions are present.","Strong example of why individualized supports matter. Someone may simultaneously need novelty and routine, stimulation and sensory protection, or flexibility and predictability. A useful scaffold has to accommodate the interaction between both conditions rather than treating one diagnosis in isolation.",Autistic people with ADHD; adults exploring AuDHD; families; clinicians; general readers,"Free medically reviewed article. 'AuDHD' is a community term for co-occurring autism and ADHD, not a separate DSM diagnosis.",Final
13-R05,13. ADHD Comorbidities,Mainstream interview / lived experience,Emine Saner interviewing Alex Partridge,"'It brought out the most vile side of lad culture': Unilad founder Alex Partridge on online hate, alcoholism and ADHD",The Guardian,"January 17, 2025",https://www.theguardian.com/society/2025/jan/17/vile-side-lad-culture-unilad-founder-alex-partridge-online-hate-alcoholism-adhd,"A compelling lived-experience interview showing ADHD alongside longstanding anxiety and severe alcohol problems. It makes the idea of comorbidity concrete by showing how distress, impulsivity, reward seeking, identity, work pressure, and substance use can become intertwined rather than occurring as neatly separated diagnoses.","Demonstrates why substance use cannot simply be treated as a bad habit layered on top of ADHD. Supports need to address triggers, reward seeking, emotional regulation, environment, accountability, sober routines, and the underlying ADHD-related vulnerabilities at the same time.",Adults with ADHD; people in recovery; families; clinicians; general readers,Free Guardian interview. One person's experience should not be generalized to all people with ADHD or substance-use disorders.,Final
14-R01,14. Differential Diagnosis & Misdiagnosis,Mainstream reported feature / lived experience,Hannah Harris Green,"When it comes to adult ADHD, the US medical system is falling behind",The Guardian,"July 8, 2023",https://www.theguardian.com/society/2023/jul/08/adult-adhd-us-medical-system-tiktok-demand,"A particularly strong public example of differential diagnosis. One woman sought an ADHD evaluation after recognizing herself in social-media content, but a full assessment instead linked her attention problems to PTSD and chronic fight-or-flight activation. The article also profiles someone previously diagnosed with ADHD whose later clinicians suspected autism and PTSD.","Reinforces the need to track when symptoms began, what triggers them, whether they occur across settings, and whether they change when trauma activation or stress decreases. The same outward difficulty with attention may require a very different intervention depending on its source.",Adults considering ADHD assessment; clinicians; families; general readers,Free Guardian feature. The article emphasizes both underdiagnosis and misdiagnosis and argues for thorough assessment rather than assuming either explanation in advance.,Final
14-R02,14. Differential Diagnosis & Misdiagnosis,Mainstream psychology feature / multiple lived experiences,Devon Frye,Diagnosed as an Adult,Psychology Today,"September 3, 2024",https://www.psychologytoday.com/us/articles/202409/diagnosed-as-an-adult,"A nuanced look at adults eventually diagnosed with ADHD, autism, or bipolar disorder after years of incomplete or competing explanations. It highlights why childhood history matters for neurodevelopmental diagnoses and why anxiety or depression may be real but still fail to explain the full lifelong pattern.","Supports constructing a developmental timeline rather than relying only on current symptoms. School history, childhood organization, family observations, early coping systems, mood episodes, and the loss of external structure in adulthood can help clarify whether difficulties are longstanding, episodic, or secondary to another condition.",Adults seeking late diagnosis; clinicians; families; general readers,Free Psychology Today feature. It appropriately distinguishes true misdiagnosis from situations in which multiple diagnoses are simultaneously valid.,Final
14-R03,14. Differential Diagnosis & Misdiagnosis,Medically reviewed differential-diagnosis article,"Lana Burgess; medically reviewed by Ifeanyi Olele, DO, MBA, MS, FAPA",How are bipolar disorder and ADHD different?,Medical News Today,"Updated February 4, 2026",https://www.medicalnewstoday.com/articles/324366,"A clear public explanation of one of the most important ADHD differentials. Distractibility, impulsivity, high energy, irritability, and rapid speech can occur in both conditions, but bipolar disorder is defined by mood episodes while ADHD symptoms are generally chronic and developmentally persistent.","Encourages tracking symptom course rather than isolated behavior. A calendar or journal showing sustained baseline ADHD traits versus distinct periods of markedly changed sleep need, energy, mood, grandiosity, or behavior can give clinicians much more useful information than a single symptom list.",Adults with ADHD or bipolar concerns; families; clinicians; general readers,"Free medically reviewed article. ADHD and bipolar disorder can also co-occur, so an episodic pattern does not automatically rule ADHD out.",Final
14-R04,14. Differential Diagnosis & Misdiagnosis,Medically reviewed broad public explainer,"Eloise Porter; medically reviewed by Andy Watkins-McCall, MD, MPH",Conditions That Mimic ADHD,Healthline,"Updated July 11, 2025",https://www.healthline.com/health/adhd/adhd-misdiagnosis,"Broadens differential diagnosis beyond psychiatric labels. It discusses bipolar disorder and autism alongside sleep disorders, hearing problems, thyroid disease, seizures, blood-sugar problems, sensory-processing differences, and ordinary age-appropriate childhood behavior.","A reminder that attention problems should be observed in context. Sleep, physical symptoms, medication effects, hearing, sensory environment, eating patterns, and medical history belong in the personal inventory when attention or regulation changes unexpectedly.",Adults with ADHD concerns; parents; families; general readers,"Free medically reviewed Healthline article. It is a starting overview, not a diagnostic checklist.",Final
14-R05,14. Differential Diagnosis & Misdiagnosis,Mainstream science journalism,Allison Parshall,ADHD Misinformation Is Common on TikTok. Here's How to Spot It,Scientific American,"March 19, 2025",https://www.scientificamerican.com/article/how-to-spot-adhd-misinformation-on-tiktok/,Reports research finding that many highly viewed TikTok claims about ADHD symptoms and treatments do not match diagnostic criteria or empirical evidence. The piece also recognizes why people turn to social media when formal assessment is expensive or inaccessible.,"Useful for teaching the difference between recognition and diagnosis. Readers can use relatable online content to begin documenting patterns, but should ask whether symptoms are persistent, impairing, developmentally appropriate, present across contexts, and better explained by another condition before adopting a diagnostic conclusion.",Adults exploring ADHD; teens; parents; clinicians; general readers,Scientific American feature; access may vary. Social media can improve recognition in historically missed groups while still spreading inaccurate symptom claims.,Final
15-R01,15. Medication & Treatment,Psychiatrist-written public article,"Scott S. Shapiro, MD",The Best ADHD Treatments for Adults Who Need to Perform,Psychology Today,"Updated July 28, 2025",https://www.psychologytoday.com/us/blog/the-best-strategies-for-managing-adult-adhd/202506/the-best-adhd-treatments-for-adults-who,"A psychiatrist's practical overview of adult ADHD treatment that covers methylphenidate and amphetamine stimulants, non-stimulant options, CBT, comorbidity, combination approaches, and the reality that treatment often requires adjustment rather than finding one perfect medication immediately.","Strongly aligned with the scaffold model because Shapiro recommends tracking focus, mood, sleep, and appetite, using structured schedules and movement alongside medication, and pairing symptom improvement with CBT skills for planning, organization, time management, and emotional regulation.",Adults with ADHD; clinicians; partners; general readers,Free Psychology Today article. Medication examples are educational and not individualized prescribing advice.,Final
15-R02,15. Medication & Treatment,Mainstream reported treatment feature / lived experience,Natasha May,Ritalin is often first choice for ADHD – but a new Australian guide says there’s no one-size-fits-all,The Guardian,"September 30, 2024",https://www.theguardian.com/australia-news/2024/oct/01/ritalin-is-often-first-choice-for-adhd-but-a-new-australian-guide-says-theres-no-one-size-fits-all,"Combines lived experience with expert discussion of evidence-based prescribing. It explains that stimulants have the strongest evidence as first-line medication but that individual response varies substantially, making careful selection, titration, switching, and monitoring important.","Useful for teaching treatment as an iterative process. Track what improves, what does not, when benefits wear off, side effects, sleep, anxiety, appetite, and functional outcomes so prescriber decisions are based on patterns rather than vague recollection.",Adults with ADHD; families; clinicians; general readers,"Free Guardian feature. Medication should be initiated, adjusted, or discontinued with an appropriately qualified prescriber.",Final
15-R03,15. Medication & Treatment,Mainstream science report,Mark Johnson,"ADHD drugs work, but not the way experts thought",The Washington Post,"January 6, 2026",https://www.washingtonpost.com/health/2026/01/06/adhd-ritalin-sleep-children/,Reports on large-scale brain-imaging research suggesting that stimulant medications such as methylphenidate and amphetamine may exert important effects through reward and wakefulness circuitry rather than simply activating a narrowly defined 'attention circuit.',"Adds useful nuance to how readers think about medication. Improved task engagement may reflect changes in motivation, reward salience, and alertness as well as attention, which fits the broader scaffold model of supporting the conditions under which attention can be recruited and sustained.",Adults with ADHD; parents; clinicians; science-interested general readers,Washington Post article; subscription access may vary. The reported mechanism study does not overturn the established clinical evidence that stimulants reduce ADHD symptoms.,Final
15-R04,15. Medication & Treatment,Medically reviewed treatment overview,"William Moore; medically reviewed by Smitha Bhandari, MD",Adult ADHD: Treatment Overview,WebMD,"April 2, 2025",https://www.webmd.com/add-adhd/adult-adhd-treatment-overview,"A broad and accessible overview of adult ADHD care covering stimulants, non-stimulants, therapy, coaching, comorbid conditions, side effects, and the need to identify the specific areas of life that treatment is supposed to improve.","Especially useful because it presents multimodal treatment directly: medication may reduce core symptoms while CBT, coaching, routines, organizational systems, relationship work, and other practical supports address the day-to-day functional problems that medication alone may not solve.",Adults with ADHD; families; partners; general readers,"Free medically reviewed WebMD article. Some medication examples and regulatory approvals change over time, so readers should confirm current options with a prescriber.",Final
15-R05,15. Medication & Treatment,Mainstream health news report,Maria Godoy,"ADHD diagnoses are rising. 1 in 9 U.S. kids have gotten one, new study finds","NPR, Shots - Health News","May 23, 2024",https://www.npr.org/sections/shots-health-news/2024/05/23/1252941968/adhd-diagnoses-are-rising-1-in-9-u-s-kids-have-gotten-one-new-study-finds,"Although centered on new prevalence data, this NPR report includes an unusually clear treatment message from pediatric neurology experts: medication can be important for controlling impulsivity, overactivity, and inattention, but behavioral and educational strategies remain part of appropriate ADHD care.","Useful for families because it reinforces the 'two-pronged' idea. Medication can create more capacity to focus and regulate, while environmental supports, parent strategies, school accommodations, routines, and behavioral skills give that capacity somewhere useful to go.",Parents; families; educators; clinicians; general readers,Free NPR article. The treatment discussion is pediatric; adult treatment decisions require age-appropriate assessment and prescribing.,Final
16-R01,16. Substance Use & Self-Medication,Addiction-clinician public article,"Catherine Schay, MHC-LP, CASAC-T",ADHD and Substance Use Disorder: Key Challenges in Treatment,Psychology Today,"November 18, 2025",https://www.psychologytoday.com/us/blog/from-addiction-to-recovery/202511/adhd-and-substance-use-disorder-key-challenges-in-treatment,"A readable overview of why ADHD and substance-use disorders can reinforce one another. It addresses impulsivity, reward and motivation, self-medication reports, diagnostic confusion during active use or withdrawal, relapse risk, and the importance of treating both conditions rather than ignoring the ADHD during recovery.","Strong fit for integrated scaffolding: identify the function a substance is serving, build alternative strategies for sleep, emotional regulation, stimulation, organization, and impulse control, and combine ADHD supports with relapse-prevention work instead of treating them as separate problems.",Adults with ADHD and substance-use concerns; clinicians; families; recovery communities,Free Psychology Today article. Self-medication is one proposed pathway among several and should not be treated as the sole explanation for ADHD-associated substance-use risk.,Final
16-R02,16. Substance Use & Self-Medication,Mainstream first-person life story,"Francesca Jackson, as told to Charlotte Cripps",‘I self-medicated for years – until I was finally diagnosed with ADHD’,The Independent,"March 21, 2025",https://www.independent.co.uk/life-style/health-and-families/features/adhd-diagnosis-medication-nhs-b2718001.html,"A vivid lived account of using alcohol and prescription codeine to blunt anxiety, shame, fatigue, racing thoughts, and emotional overwhelm before ADHD was recognized. The story also shows how substance dependence, trauma, chronic pain, and neurodevelopmental symptoms can become intertwined.","Makes the functional question concrete: what feeling, state, or task is the substance helping the person escape, tolerate, or perform? Recovery scaffolds can then target those functions directly through emotional regulation, sleep, pain care, social support, structure, and ADHD treatment.",Adults with ADHD; people in recovery; families; clinicians; general readers,Mainstream first-person account. It illustrates one pathway into problematic substance use and should not be generalized as the explanation for all addiction in ADHD.,Final
16-R03,16. Substance Use & Self-Medication,Mainstream first-person essay,Jason Wilson,A new life: being diagnosed with ADHD in my 40s has given me something quite magical,The Guardian,"January 15, 2020",https://www.theguardian.com/society/commentisfree/2020/jan/15/a-new-life-being-diagnosed-with-adhd-in-my-40s-has-given-me-something-quite-magical,"Wilson reflects on late diagnosis, lifelong executive-function problems, alcohol and cigarette use, and the appeal of stimulation before he understood his ADHD. Importantly, he describes self-medication as only part of the explanation for the association between ADHD and addiction.","Useful for helping readers examine their own stimulation-seeking without moralizing it. Caffeine, nicotine, alcohol, drugs, food, screens, novelty, or frantic activity can all be logged by trigger and function, making it easier to replace risky regulation strategies with safer ones.",Adults with late-diagnosed ADHD; general readers; people questioning substance-use patterns,"Free Guardian essay. Some neurochemical explanations are simplified for a general audience, so empirical claims should be paired with the academic research section.",Final
16-R04,16. Substance Use & Self-Medication,Mainstream reported feature / lived experience,"Leah Willingham, Associated Press",They relied on marijuana to get through the day. But then days felt impossible without it,The Washington Post,"November 25, 2025",https://www.washingtonpost.com/lifestyle/2025/11/25/cannabis-disorder-marijuana-addiction/50ac6e5c-ca08-11f0-ac2a-e98510180900_story.html/,A strong public example of the point at which perceived relief can shift into dependence. One featured adult describes cannabis as soothing symptoms tied to undiagnosed ADHD and trauma while also noticing worsening concentration as high-potency daily use became compulsive.,"Helps readers monitor the difference between short-term relief and long-term function. Track dose or frequency, tolerance, withdrawal, memory, motivation, sleep, anxiety, concentration, spending, and whether the person increasingly needs the substance simply to feel normal.",Adults using cannabis; people with ADHD or anxiety; families; clinicians; general readers,"Washington Post / Associated Press feature; access may vary. The article is about cannabis use disorder broadly and includes ADHD as one self-reported reason for use, not as a claim that ADHD inevitably causes cannabis addiction.",Final
16-R05,16. Substance Use & Self-Medication,Public evidence-synthesis summary,"K. Rieke, Y. Sereda, H. J. Mai, and colleagues",ADHD and Substance Use Disorders in Adults: A Systematic Review,"U.S. Department of Veterans Affairs, Evidence Synthesis Program","Updated December 10, 2024",https://www.hsrd.research.va.gov/publications/esp/adult-adhd.cfm,"A high-value corrective to the common fear that taking prescribed stimulant medication for ADHD necessarily creates addiction. The review found no broad evidence that prescription stimulant treatment increases later substance-use disorder risk, while also noting limited evidence on diversion and misuse.","Supports a clear distinction between treatment and misuse. Medication can be tracked through prescribed dose, adherence, benefit, side effects, early refill requests, cravings, non-prescribed use, and diversion risk, while clinicians make individualized risk-benefit decisions for people with current or past SUD.",Adults with ADHD; veterans; clinicians; families; people in recovery,"Free federal evidence summary. The review found low-confidence or insufficient evidence for several outcomes, so it should not be simplified into a claim that stimulants either prevent or cause SUD.",Final
17-01,"17. Executive Function, Motivation & Task Initiation",Medically Reviewed Explainer,"Beth Sissons; medically reviewed by Ifeanyi Olele, DO, MBA, MS, FAPA",What is executive dysfunction in ADHD?,Medical News Today,2023-05-30,https://www.medicalnewstoday.com/articles/adhd-executive-function,"A clear overview of executive function difficulties associated with ADHD, including planning, prioritizing, working memory, emotional regulation, and starting and completing tasks.","Provides the conceptual foundation for external scaffolds such as routines, planners, checklists, clearer task structure, CBT strategies, and treatment. Executive dysfunction is a functional description, not a separate ADHD diagnosis.","Adults with ADHD, families, general readers","Free web article; medically reviewed. Uses several secondary and advocacy sources, so it is best treated as an accessible overview rather than primary evidence.",Verified
17-02,"17. Executive Function, Motivation & Task Initiation",Expert-Written Public Essay,"Sharon Saline, PsyD",How to Boost Motivation When You Have ADHD,Psychology Today,2024-08-03,https://www.psychologytoday.com/us/blog/on-your-way-with-adhd/202408/how-to-boost-motivation-when-you-have-adhd,"Connects task initiation problems with ambiguity, overwhelm, procrastination, and inconsistent motivation, while giving readers concrete ways to make an unstructured task easier to enter.","Directly supports chunking, brain dumps, small first steps, timers, rewards, accountability, and body doubling. The article cites research on procrastination and reward pathways, but simplified dopamine explanations should not be read as a complete account of ADHD motivation.","Adults and teens with ADHD, parents, educators, clinicians",Free web article; expert-authored and editorially reviewed.,Verified
17-03,"17. Executive Function, Motivation & Task Initiation",Lived-Experience Article,Isabelle O'Carroll,I Have ADHD. Here Are 9 Productivity Tips That Really Help Me,SELF,2020-03-18,https://www.self.com/story/adhd-productivity-hacks,"A readable first-person account of why standard productivity advice can fail and how one adult with ADHD adapts tasks, time, novelty, and accountability to make follow-through more realistic.","Offers highly usable scaffolds including tiny subtasks, visible priorities, time buffers, novelty, environmental changes, distraction reduction, and accountability. The author's experience is illustrative, not universal.","Adults with ADHD, newly diagnosed readers, general readers",Free web article; combines lived experience with comments from ADHD experts. Personal strategies should be adapted to individual needs.,Verified
17-04,"17. Executive Function, Motivation & Task Initiation",Expert Mental Health Column,Gill Straker and Jacqui Winship,Anna was overwhelmed by the administrative burden of her job. Self-compassion was the answer,The Guardian,2025-03-02,https://www.theguardian.com/commentisfree/2025/mar/03/adhd-in-the-workplace-management-advice-tips,"Shows how procrastination, overwhelm, anxiety, and self-criticism can reinforce one another when ADHD-related demands exceed a person's available executive resources.","Adds an emotional scaffold to task initiation: reduce shame, accept realistic limits, ask for help, regulate distress, and then re-engage with feasible tasks. The case example is explicitly a fictitious amalgam, not an individual clinical case report.","Adults with ADHD, workers, therapists, managers",Free Guardian column; expert-authored. Uses a composite clinical example and should not be treated as evidence that self-compassion alone resolves ADHD impairment.,Verified
17-05,"17. Executive Function, Motivation & Task Initiation",Clinical Strategy Article,"Michael Manos, PhD",What Is 'Body Doubling' and Can It Help With ADHD?,Cleveland Clinic Health Essentials,2025-01-06,https://health.clevelandclinic.org/body-doubling-for-adhd,"Explains body doubling as working in the presence of another person to create structure, accountability, and a stronger cue to begin or remain with a task.","A strong example of externalizing executive function through another person's presence, scheduled co-working, visible accountability, and defined work intervals. ADHD-specific controlled evidence for body doubling remains limited, so it is best framed as a practical strategy rather than a proven standalone treatment.","Adults and students with ADHD, families, general readers","Free clinical education article featuring behavioral health specialist Michael Manos, PhD. Evidence for the specific body-doubling technique is still developing.",Verified
18-01,18. ADHD Across the Lifespan,Science Journalism Feature,Lydia Denworth,Kids with ADHD May Still Have Symptoms as Adults,Scientific American,2024-10-15,https://www.scientificamerican.com/article/kids-with-adhd-may-still-have-symptoms-as-adults/,"Explains why ADHD should not be treated as a childhood-only condition, including evidence that symptoms can persist, fluctuate, or become less visible as people age.","Shows why scaffolds need to evolve rather than simply disappear with age. Support may shift from parents and teachers to self-managed routines, treatment continuity, workplace systems, and other adult structures, especially during stressful transitions.","Teens and adults with ADHD, parents, educators, clinicians, general readers",Scientific American web article. Access may be metered. The article distinguishes documented childhood onset from apparent adult-onset presentations and notes continuing research uncertainty.,Verified
18-02,18. ADHD Across the Lifespan,Expert Interview / Public Essay,"Mark Bertin, MD; featuring Mary Solanto, PhD",Preparing Students With ADHD for College,Psychology Today,2022-09-28,https://www.psychologytoday.com/us/blog/child-development-central/202209/preparing-students-adhd-college,Focuses on one of the most important lifespan transitions: moving from highly structured high school environments into the independence and unstructured time of college.,"Directly illustrates scaffold transfer. Parents and schools can gradually hand over scheduling, medication management, study routines, disability accommodations, and executive-function responsibilities rather than removing support all at once.","Teens with ADHD, college students, parents, educators",Free expert-authored web article based partly on an interview with ADHD researcher Mary Solanto. Practical guidance should be individualized to the student's actual functional needs.,Verified
18-03,18. ADHD Across the Lifespan,Reported Feature with Lived Experience,Bianca Nogrady,Adult ADHD diagnosis: ‘You’ve got to relook at your entire life’,The Guardian,2022-10-07,https://www.theguardian.com/society/2022/oct/08/adult-adhd-diagnosis-youve-got-to-relook-at-your-entire-life,Explores why ADHD may be missed in childhood and recognized only when adult responsibilities exceed the coping systems that previously kept difficulties manageable.,"Helps readers identify environmental scaffolding that may have masked impairment, such as family structure, school routines, or a partner handling administrative tasks, and encourages rebuilding intentional supports when life demands change.","Adults considering assessment, families, general readers",Free Guardian feature drawing on lived experience and ADHD experts. Recognition of symptoms is not equivalent to diagnosis; adult assessment still requires evidence of a longstanding developmental pattern and functional impairment.,Verified
18-04,18. ADHD Across the Lifespan,Expert-Written Health Essay,"Sarah Oreck, MD, MS",My Patients Are Getting ADHD Diagnoses at 40. Here’s What’s Really Happening,SELF,2026-03-02,https://www.self.com/story/adhd-diagnoses-women-at-40,"Examines why some women reach midlife before ADHD is recognized, including masking, accumulated responsibilities, parenthood, and reproductive transitions that may change how manageable symptoms feel.","Highlights the need to reassess scaffolds when life load changes. Systems that once worked may need more visible scheduling, shared household responsibility, treatment review, community support, and reduced reliance on crisis-driven compensation.","Adult women, partners, clinicians, general readers","Free expert-written article. Its discussion of estrogen, dopamine, and symptom worsening reflects an active and developing research area; hormonal associations should not be treated as a complete causal explanation for ADHD symptoms.",Verified
18-05,18. ADHD Across the Lifespan,First-Person / Lived-Experience Essay,Joyce Maynard,I Was Diagnosed With ADHD — at 65,AARP,2025-04-04,https://www.aarp.org/health/conditions-treatments/adhd-diagnosis-after-60/,"A late-life account showing how lifelong reading, organization, distraction, and self-evaluation difficulties can be reinterpreted after a formal ADHD assessment decades after childhood.","Offers concrete examples of self-created scaffolds, including quieter work periods, distraction-controlled environments, routines, lists, and specialized places for important items. The author's experience illustrates possibilities rather than a universal ADHD profile.","Older adults, late-diagnosed adults, families, general readers","AARP web article combining first-person experience with clinician guidance. Late-life attention or memory problems have many possible causes, so new symptoms should not be assumed to be ADHD without appropriate evaluation.",Verified
19-01,19. ADHD & Dissociation,Expert-Written Public Essay,"Megan Anna Neff, PsyD",Dissociation Isn't Always a Trauma Response,Psychology Today,2026-08-31,https://www.psychologytoday.com/us/blog/the-neurodivergent-psychologist/202608/dissociation-isnt-always-a-trauma-response,"Explores how dissociative fog, absorption, and shutdown-like experiences may sometimes occur in neurodivergent people outside the classic trauma pathway, while distinguishing several forms of dissociation.","Suggests matching supports to the likely pathway: trauma-focused care when trauma is central, sensory accommodations when overload is prominent, and alarms or check-ins when absorption causes functional problems. The proposed link between ADHD sensory overload and dissociative shutdown is emerging and has not been systematically established.","Adults with ADHD, autistic and AuDHD readers, clinicians, general readers",Free expert-written article. The author is a clinical psychologist with lived neurodivergent experience. Some sensory-shutdown interpretations are explicitly theoretical or extrapolated from adjacent autism and sensory-processing research.,Verified
19-02,19. ADHD & Dissociation,Medically Reviewed Explainer,"Beth Sissons; medically reviewed by Vara Saripalli, PsyD",What is dissociation in people with ADHD?,Medical News Today,2023-06-09,https://www.medicalnewstoday.com/articles/adhd-dissociation,"Provides a straightforward explanation of dissociation, how it can differ from ordinary zoning out, and why trauma and overlapping symptoms can complicate the relationship between ADHD and dissociative experiences.","Helps readers distinguish attention drift from more concerning detachment, memory gaps, emotional numbing, or depersonalization. It also supports seeking trauma-informed assessment rather than assuming every episode of disconnection is caused by ADHD.","Adults with ADHD, parents, caregivers, general readers",Free medically reviewed article. The ADHD-dissociation literature remains limited and largely associational; dissociation is not a diagnostic symptom of ADHD.,Verified
19-03,19. ADHD & Dissociation,Medically Reviewed Lived-Experience Guide,"Rachael Green; medically reviewed by Claire Eggleston, LMFT-Associate",Dissociation in ADHD,Verywell Mind,2026-03-30,https://www.verywellmind.com/adhd-symptom-spotlight-dissociation-5270278,"Combines a first-person description of the difference between ordinary mind wandering and dissociative detachment with a clinically reviewed overview of trauma, ADHD, and dissociation.","Offers practical grounding scaffolds including sensory orientation, movement, journaling, trigger tracking, therapy, and planned self-care. These strategies may help some people manage dissociative episodes but are not substitutes for assessment when symptoms include substantial memory loss, derealization, or functional impairment.","Adults with ADHD, people experiencing dissociation, general readers","Free article with medical review and cited sources. Some coping recommendations are partly based on the author's personal experience, which is illustrative rather than universal.",Verified
19-04,19. ADHD & Dissociation,First-Person / Lived-Experience Essay,"Ama Scriver; medically reviewed by Timothy J. Legg, PhD, PsyD",Signs Your ADHD Is Linked to Childhood Trauma,Healthline,2020-04-28,https://www.healthline.com/health/adhd/adhd-linked-to-trauma,"Shows from lived experience how hypervigilance, dissociation, trauma responses, and attentional problems can be confused with one another and how that confusion can affect self-understanding and treatment.","Encourages readers to track context and triggers, use organizational supports alongside trauma treatment, and avoid forcing every concentration problem into a single explanation. The author's history is one person's experience and does not establish that trauma causes ADHD.","Adults with ADHD or trauma histories, clinicians, families, general readers","Free Healthline perspective piece with medical review. Useful for illustrating diagnostic overlap, but first-person experience should not be generalized to all people with ADHD or trauma.",Verified
19-05,19. ADHD & Dissociation,Podcast Interview,"Forrest Hanson; Rick Hanson, PhD; Elizabeth Ferreira, AMFT","Working with Your Parts: Complex PTSD, Dissociation, and Hypervigilance with Elizabeth Ferreira",Being Well with Forrest Hanson and Dr. Rick Hanson,2024-12-16,https://podcasts.apple.com/us/podcast/working-with-your-parts-complex-ptsd-dissociation/id1120885936?i=1000680552498,"A long-form conversation about complex trauma, emotional numbing, hypervigilance, dissociation, somatic awareness, and the guest's experience navigating both C-PTSD and ADHD.","Adds practical body-based and relational scaffolds, including noticing capacity before overwhelm, tracking felt safety, working within a window of tolerance, and reconnecting with bodily experience. The episode primarily addresses trauma-related dissociation rather than proving a specific ADHD mechanism.","Adults with ADHD and trauma histories, therapists, listeners interested in somatic approaches",Free podcast episode on major podcast platforms. The discussion blends clinical concepts and lived experience and should be treated as educational rather than diagnostic guidance.,Verified
20-01,20. ADHD & Intelligence / IQ Corollaries,Medically Reviewed Explainer,"Kristeen Cherney; medically reviewed by Nicole Washington, DO, MPH",Why ‘Being Smart’ Doesn’t Erase ADHD,Healthline,2025-08-05,https://www.healthline.com/health/adhd/iq-adhd,Directly challenges the opposing myths that ADHD implies low intelligence or that high intelligence protects someone from meaningful ADHD impairment.,"Supports evaluating real-world functioning separately from intellectual ability. A person may reason exceptionally well and still need external structure for working memory, organization, time management, follow-through, and treatment.","Adults with ADHD, parents, educators, general readers","Free medically reviewed article with research links. ADHD is not an intelligence category, and an IQ score neither establishes nor rules out an ADHD diagnosis.",Verified
20-02,20. ADHD & Intelligence / IQ Corollaries,Expert Interview / Public Essay,"Lisa Rivero, MA; featuring Eric Tivers, LCSW",Tips for Gifted Adults with ADHD,Psychology Today,2018-02-27,https://www.psychologytoday.com/us/blog/creative-synthesis/201802/tips-gifted-adults-adhd,"Explains the twice-exceptional adult experience, including how intellectual strengths may compensate for ADHD for years while inconsistent performance creates shame, overwhelm, and unrealistic expectations.","Encourages problem-solving rather than self-criticism, asking for help, building community, and creating workarounds for executive-function weaknesses instead of assuming intelligence should make support unnecessary.","Gifted and twice-exceptional adults, clinicians, coaches, general readers","Free Psychology Today article built around an interview with ADHD coach and clinician Eric Tivers. Giftedness and ADHD can coexist, but neither automatically implies the other.",Verified
20-03,20. ADHD & Intelligence / IQ Corollaries,Advice Column / Applied Case,Carolyn Hax,Carolyn Hax: Parents at odds over ‘wicked smart’ teen who’s behind in four APs,The Washington Post,2025-12-02,https://www.washingtonpost.com/advice/2025/12/02/carolyn-hax-teen-behind-school-parents-disagree/,"Uses a highly relatable school example to show why a bright student can understand consequences, choose challenging work, and still be unable to consistently execute the required tasks.","Highlights the gap between knowing and doing. Useful scaffolds include executive-function coaching, tutoring, accommodations, appropriate clinical care, workload adjustments, and trusting demonstrated motivation rather than treating missed work as laziness.","Parents, teens with ADHD, educators, general readers",Washington Post advice column; access may be metered. The twice-exceptional framing is useful but the column is not a diagnostic evaluation or research study.,Verified
20-04,20. ADHD & Intelligence / IQ Corollaries,Podcast Interview,"Jeff Copper; Thomas E. Brown, PhD",ADHD and High IQ Uncovering the Connection,Attention Talk Radio via Apple Podcasts,2025-01-22,https://podcasts.apple.com/us/podcast/adhd-and-high-iq-uncovering-the-connection/id323390528?i=1000685153874,An extended expert conversation specifically about ADHD in highly intelligent people and why cognitive strengths can coexist with substantial difficulties in attention regulation and executive functioning.,"Helps readers separate intellectual capacity from the ability to deploy that capacity consistently. It supports building external systems around activation, prioritization, working memory, emotional regulation, and task completion even when reasoning ability is high.","Adults with ADHD, parents, clinicians, coaches, general listeners","Free podcast episode featuring psychologist Thomas E. Brown. Expert interview and clinical interpretation, not primary research; high IQ should not be treated as a characteristic of ADHD itself.",Verified
20-05,20. ADHD & Intelligence / IQ Corollaries,First-Person / Lived-Experience Feature,Noelle Faulkner,"The lost girls: ‘Chaotic and curious, women with ADHD all have missed red flags that haunt us’",The Guardian,2020-11-01,https://www.theguardian.com/society/2020/nov/02/the-lost-girls-chaotic-and-curious-women-with-adhd-all-have-missed-red-flags-that-haunt-us,"Shows how appearing capable, creative, smart, or gifted can help conceal ADHD impairment until accumulated demands and compensatory effort become unsustainable.","Illustrates why scaffolds should target the hidden workload behind apparent success, including planning systems, reduced reliance on masking, realistic workload design, treatment, and supports that do not depend on intelligence compensating indefinitely.","Adults with ADHD, women diagnosed later in life, families, general readers","Free Guardian first-person feature. The author's experience is illustrative rather than universal, and appearing gifted or high-achieving is not evidence for ADHD or for any particular IQ level.",Verified
21-01,21. ADHD Evolutionary Proposals,Science News Feature,Nicola Davis,"ADHD may have been an evolutionary advantage, research suggests",The Guardian,2024-02-20,https://www.theguardian.com/science/2024/feb/21/adhd-may-have-been-an-evolutionary-advantage-research-suggests,"Reports a 2024 foraging experiment in which adults with higher ADHD-like symptom scores switched resource patches sooner and collected more virtual food, offering a concrete test of one adaptive-trait proposal.","Supports the idea that a trait can be costly in one setting and useful in another, which is relevant to designing environments around movement, novelty, exploration, and timely task switching rather than assuming one attentional style fits every task.","Adults with ADHD, families, educators, clinicians, general readers","Free news article. Participants were screened for ADHD-like symptoms rather than clinically diagnosed, and the task was an online simulation. The findings are suggestive, not evidence that ADHD evolved specifically for foraging.",Verified
21-02,21. ADHD Evolutionary Proposals,Medically Reviewed Explainer,"Laura Goldman; Dana Robinson; Brian Krans; medically reviewed by Bethany Juby, PsyD",How Has ADHD Evolved Over Time from Ancient Humans?,Healthline,2025-03-11,https://www.healthline.com/health/adhd/evolution,"Gives ordinary readers an accessible overview of hunter-gatherer, migration, novelty-seeking, and evolutionary-mismatch ideas while also placing them alongside the modern clinical understanding of ADHD.","Helps translate evolutionary framing into practical environmental fit: movement, flexibility, varied tasks, and reduced overreliance on prolonged sedentary attention can be useful supports without replacing diagnosis or evidence-based treatment.","Adults with ADHD, parents, educators, general readers","Free medically reviewed article. Evolutionary explanations remain hypotheses, and associations involving DRD4 or novelty seeking should not be interpreted as a single-gene explanation for ADHD.",Verified
21-03,21. ADHD Evolutionary Proposals,Expert-Written Public Essay,"Justin Garson, PhD",Did ADHD Evolve to Help Us?,Psychology Today,2022-11-22,https://www.psychologytoday.com/us/blog/the-biology-of-human-nature/202211/did-adhd-evolve-to-help-us,"Explains the evolutionary-mismatch and complementary-cognition perspectives in plain language, drawing on research involving nomadic populations, migration history, exploration, and attentional style.","Connects the theory directly to environmental scaffolding, especially education that allows more movement, exploration, interest-based engagement, and cognitive variety instead of treating prolonged stillness as the only successful learning mode.","Adults with ADHD, parents, educators, clinicians, general readers","Free expert-authored essay. Several evolutionary claims are debated, and genetic associations discussed in the article do not demonstrate that ADHD itself was positively selected as a unitary adaptation.",Verified
21-04,21. ADHD Evolutionary Proposals,Science Podcast / Research Report,Cynthia Graber,ADHD Genetics Sometimes Beneficial,Scientific American,2008-06-13,https://www.scientificamerican.com/podcast/episode/800f0fcd-f580-32f3-65a672bf6c41085d/,"Summarizes the influential Ariaal study in Kenya, where a dopamine-receptor variant associated with ADHD-related traits showed different relationships with nutritional status in nomadic and settled groups.",Illustrates context dependence: the same biological variation may interact differently with different environments. This supports looking at person-environment fit when building routines and supports rather than assuming a trait is uniformly advantageous or disadvantageous.,"Adults with ADHD, students, educators, readers interested in genetics and evolution","Free short podcast transcript. This is evidence about one DRD4 variant in a specific population, not proof of an ADHD gene or proof that ADHD is an evolutionary adaptation. ADHD is highly polygenic and heterogeneous.",Verified
21-05,21. ADHD Evolutionary Proposals,Historical Concept Essay,Thom Hartmann,Hunters in Our Schools and Offices: The Origin of ADHD,ThomHartmann.com,1994-01-01,https://www.thomhartmann.com/articles/1994/01/hunters-our-schools-and-offices-origin-adhd,A primary historical source for the popular hunter-versus-farmer framing that influenced later public discussion of ADHD as a possible context-dependent cognitive style rather than a simple deficit.,"The metaphor can prompt useful questions about matching tasks and environments to strengths such as scanning, rapid response, novelty, and intense interest, while deliberately building scaffolds for planning, routine, and sustained administrative work.","Adults with ADHD, educators, clinicians, readers interested in the history of ADHD ideas","Free historical essay. Treat as the origin of a popular hypothesis, not scientific confirmation. Several factual and genetic claims in the 1994 text are outdated, oversimplified, or unsupported by current evidence.",Verified
22-01,"22. ADHD in Military Culture, Active Duty & Veteran Populations",First-Person Professional Essay,Staff Sgt. Jarred Woods,Serving with ADHD,"Army University Press, NCO Journal",2022-02-07,https://www.armyupress.army.mil/Journals/NCO-Journal/Archives/2022/February/Serving-with-ADHD/,"A serving Soldier with ADHD translates organization, task initiation, attention, frustration, and impulsivity into recognizable military situations while directly challenging the idea that these difficulties are laziness or lack of effort.","Shows practical external supports inside military culture, including written priority lists, leader reminders, individualized mentoring, and emotionally intelligent supervision. It also illustrates how military structure itself can function as an executive-function scaffold.","Active-duty service members, NCOs, military leaders, veterans, families","Free Army professional publication. The essay reflects the author's experience and should not be generalized to every service member with ADHD. Claims about strengths such as hyperfocus or resilience are possible individual patterns, not universal ADHD traits. Some accession-policy details are now historical.",Verified
22-02,"22. ADHD in Military Culture, Active Duty & Veteran Populations",Investigative Journalism,Jennifer Barnhill,The Military Is Missing Recruitment Goals. Are Thousands Being Unnecessarily Disqualified?,The War Horse,2023-08-03,https://thewarhorse.org/us-military-recruitment-crisis-may-hinge-on-medical-waivers/,"Investigates how ADHD and other neurodevelopmental or mental-health histories interact with military accession standards, medical waivers, branch variability, and the lived frustration of otherwise capable applicants.","Highlights administrative scaffolds that matter before service: accurate records, transparent waiver guidance, knowledgeable recruiters, and current policy information. It also reinforces that applicants should not hide diagnoses simply to avoid a difficult process.","Prospective recruits with ADHD, military families, recruiters, policy readers, clinicians","Free nonprofit military journalism. Originally published August 3, 2023 and later updated on the site. Accession rules and pilot programs continue to change, so readers should verify current DoD and service-specific standards rather than relying on historical eligibility details alone.",Verified
22-03,"22. ADHD in Military Culture, Active Duty & Veteran Populations",Professional Society Public Essay,Grace Winder,Accounting for ADHD in Military-to-Civilian Transitions and Support Structures,Society for Industrial and Organizational Psychology,2025-11-04,https://www.siop.org/post/accounting-for-adhd-in-military-to-civilian-transitions-and-support-structures/,"Focuses on the difficult shift from a highly structured military environment to civilian work and education, where loss of routine, mission clarity, identity, and built-in accountability may make executive-function problems more visible.","Directly supports rebuilding structure after discharge through defined routines, step-by-step vocational guidance, coaching, employment supports, continued clinical care, clear goals, and deliberate use of education and veteran resources.","Veterans, transitioning service members, employers, career counselors, clinicians","Free professional-society article drawing on military ADHD research. Several outcome claims arise from observational literature, so they should be read as associations and risk patterns rather than proof that ADHD causes any particular transition outcome.",Verified
22-04,"22. ADHD in Military Culture, Active Duty & Veteran Populations",Podcast Interview / Lived Experience,Rae Jacobson; Brandon Saiz,"Suicidal ideation, masking, and overlooked ADHD: A Coast Guard veteran’s story","Understood, Hyperfocus with Rae Jacobson",2025-10-09,https://www.understood.org/en/podcasts/hyperfocus/brandon-saiz-inattentive-adhd,"A 20-year Coast Guard veteran describes late diagnosis, inattentive ADHD, masking, shame, performance problems, and how ADHD-related difficulties could be interpreted within military culture as poor bearing, avoidance, or rule-breaking.","Shows why self-created survival strategies, supportive leadership, therapy, clearer self-understanding, and reduced shame can matter. It is especially useful for recognizing impairment that may remain hidden behind compliance, intelligence, or a long service record.","Veterans, active-duty personnel, late-diagnosed adults, clinicians, families",Free podcast and transcript. Includes discussion of suicidal ideation. This is a first-person account and is illustrative rather than universal. Inclusion is warranted for its unusually specific veteran perspective despite Understood being an institutional ADHD platform.,Verified
22-05,"22. ADHD in Military Culture, Active Duty & Veteran Populations",Research News / Public Explainer,"Wolters Kluwer Health; reporting research by Andrew C. Hale, PhD, and colleagues","Rates of ADHD diagnosis in veterans are rising, reports VA study in Medical Care",Wolters Kluwer,2020-04-27,https://www.wolterskluwer.com/en/news/rates-of-adhd-diagnosis-in-veterans-are-rising-reports-va-study-in-medical-care,Summarizes national VA data showing a substantial rise in recorded ADHD diagnoses and emphasizes the diagnostic complexity created by common overlapping conditions such as PTSD and traumatic brain injury.,"Supports careful assessment before treating post-service concentration problems as ADHD alone. Useful scaffolds include reconstructing childhood history and symptom timelines, screening for trauma and other contributors, and pairing diagnosis with ongoing functional supports rather than relying on a screening score by itself.","Veterans, families, clinicians, general readers",Free research-news summary of a peer-reviewed VA study. The reported prevalence and incidence figures cover veterans using VA primary-care or mental-health services from 2009 through 2016 and should not be generalized to all veterans. Rising diagnosis rates do not show that military service causes ADHD.,Verified
23-01,23. ADHD & Suicidality,Medically Reviewed Explainer,"Jill Seladi-Schulman, PhD; medically reviewed by Nicole Washington, DO, MPH",What to Know About the Link Between ADHD and Suicide,Healthline,2025-04-30,https://www.healthline.com/health/adhd-suicide,"Provides an accessible overview of the association between ADHD and suicidal thoughts or behavior while emphasizing that risk is shaped by multiple factors, including depression, anxiety, substance use, life stress, and functional impairment.","Supports practical prevention scaffolds such as active ADHD treatment, screening for co-occurring conditions, maintaining a reachable support network, recognizing warning signs, reducing access to lethal means during crisis, and having clear routes to urgent help.","Adults and teens with ADHD, families, caregivers, general readers","Free medically reviewed article with research links and crisis guidance. Population-level associations do not predict an individual person's suicide risk, and ADHD should not be treated as a single direct cause of suicidal behavior.",Verified
23-02,23. ADHD & Suicidality,First-Person / Lived-Experience Essay,Kayleigh Roberts,Why Women With ADHD Like Me Get Diagnosed So Late in Adulthood,Allure,2018-10-25,https://www.allure.com/story/adhd-diagnosis-women-anxiety-depression,"A first-person account of reaching a crisis with depression and suicidal thoughts before an ADHD diagnosis at age 30 helped the author reinterpret longstanding anxiety, executive-function problems, and self-blame.","Illustrates the value of telling clinicians the full severity of distress, reassessing an incomplete formulation when treatment is not working, and building supports around deadlines, work demands, anxiety, and executive dysfunction rather than relying on shame or effort alone.","Adult women, late-diagnosed adults, clinicians, general readers",Free magazine article. Contains discussion of suicidal ideation. This is one person's experience and does not establish that undiagnosed ADHD caused her depression or suicidal thoughts.,Verified
23-03,23. ADHD & Suicidality,Reported Feature with Lived Experience,Sarah Boseley,'When I started taking ADHD medication it was as if someone flicked a switch',The Guardian,2018-08-03,https://www.theguardian.com/society/2018/aug/03/taking-adhd-medication-diagnosis-someone-flicked-switch,"Profiles a teenager whose academic decline, anxiety, low mood, emotional dysregulation, and suicide attempt preceded recognition of a less stereotypical ADHD presentation.","Shows why suicide prevention can require looking beyond depression alone when functional problems persist. Useful scaffolds include comprehensive assessment, school support, treatment of co-occurring mood symptoms, family involvement, and monitoring how the young person is functioning across settings.","Teens with ADHD, parents, educators, clinicians, general readers","Free Guardian feature and personal account. Medication was described as transformative for this individual, but a single story cannot establish treatment effects or show that ADHD was the sole explanation for his suicidality.",Verified
23-04,23. ADHD & Suicidality,Expert-Written Public Essay,"Eugene Rubin, MD, PhD; Charles Zorumski, MD",Preventing Suicidal Behavior in ADHD,Psychology Today,2020-04-07,https://www.psychologytoday.com/us/blog/demystifying-psychiatry/202004/preventing-suicidal-behavior-in-adhd,"Translates a very large observational study examining ADHD medication use and suicide attempts, addressing the common concern that prescribed stimulants should be assumed to increase suicide risk.","Supports medication review as one component of a broader safety plan and reinforces the distinction between prescribed therapeutic stimulant treatment and stimulant misuse. Ongoing monitoring remains important, especially when depression, substance use, agitation, or acute crisis is present.","Adults with ADHD, parents, clinicians, general readers",Free expert-authored article. The reported lower rate of suicide attempts during medicated periods is an observational association and does not prove that stimulant medication itself caused the reduction.,Verified
23-05,23. ADHD & Suicidality,Investigative / Reported Feature,Rachel Hall and Sarah Marsh,‘He tried so hard to get help’: the tragic results of NHS right-to-choose for ADHD patients,The Guardian,2026-01-13,https://www.theguardian.com/society/2026/jan/13/brother-tried-hard-get-help-tragic-results-nhs-right-to-choose-for-adhd-patients,"Uses the death of Ryan White and other patient experiences to examine how fragmented assessment, prescribing, primary care, and mental-health systems can leave vulnerable people without clear responsibility for follow-up.","Highlights continuity of care as a safety scaffold: named clinical responsibility, follow-up on referrals, communication between providers, assessment of co-occurring conditions, medication monitoring, stable contact routes, and rapid escalation when distress or life instability increases.","Adults seeking ADHD care, families, clinicians, health-system readers","Free Guardian investigation. Contains suicide and bereavement material. Ryan also experienced grief, housing instability, prior bipolar treatment, and other stressors, so his death must not be reduced to ADHD or to a single failure in care.",Verified
